"participant_ID","text_file","error","construct","dimension","unit","evidence_source","column","rater_1","rater_2","value_rater_1","value_rater_2"
"ILA1_I","./data/processed/exercises/ILA1_I_E04.txt","punto de (partido) [partida]","LIL","motivation","learner_response","learner_response","goal_aligned","original","rater_2",1,0
"ILA1_I","./data/processed/exercises/ILA1_I_E05.txt","La IA puede analizar datos personales de salud y actividad física para ofrecer recomendaciones de entreno personalizadas (sino también) [y] consejos sobre nutrición y prevención de lesiones.","LIL","motivation","learner_response","learner_response","goal_aligned","original","rater_2",1,0
"FGC1_I","./data/processed/exercises/FGC1_I_E02.txt","(taréa) [tarea]","LIL","motivation","learner_response","learner_response","goal_aligned","original","rater_2",0,1
"FGC1_I","./data/processed/exercises/FGC1_I_E06.txt","Este fenómeno, que se produce al (transitar) [cubrir] la luna (por delante de) el sol","LIL","motivation","learner_response","learner_response","goal_aligned","original","rater_2",0,1
"FGC1_I","./data/processed/exercises/FGC1_I_E08.txt","este impresionante (espécimen) [fenómeno] celestial","LIL","motivation","learner_response","learner_response","goal_aligned","original","rater_2",0,1
"FGC1_I","./data/processed/exercises/FGC1_I_E11.txt","En el programa radiofónico (se ha tratado de) [se han tratado] las ventajas cognitivas de los bilingües","LIL","motivation","learner_response","learner_response","goal_aligned","original","rater_2",0,1
"FGC1_I","./data/processed/exercises/FGC1_I_E13.txt","(tardar) [retrasar] enfermedades","LIL","motivation","learner_response","learner_response","goal_aligned","original","rater_2",1,0
"RCS1_I","./data/processed/exercises/RCS1_I_E08.txt","(También,) [Además, ] menciona los principios","LIL","motivation","learner_response","learner_response","goal_aligned","original","rater_2",0,1
"RUE1_I","./data/processed/exercises/RUE1_I_E01.txt","(También,) [Además, ]","LIL","motivation","learner_response","learner_response","goal_aligned","original","rater_2",0,1
"RUE1_I","./data/processed/exercises/RUE1_I_E09.txt","(auto declarados) [autodeclarados]","LIL","motivation","learner_response","learner_response","goal_aligned","original","rater_2",0,1
"RUE1_I","./data/processed/exercises/RUE1_I_E11.txt","la mayor fuente de investigación (llega al) [proviene del] cuestionario","LIL","motivation","learner_response","learner_response","goal_aligned","original","rater_2",1,0
"RUE1_I","./data/processed/exercises/RUE1_I_E14.txt","reacciones (en persona) [cara a cara]","LIL","motivation","learner_response","learner_response","goal_aligned","original","rater_2",0,1
"RGH1_I","./data/processed/exercises/RGH1_I_E03.txt","(porque) [por qué]","LIL","motivation","learner_response","learner_response","goal_aligned","original","rater_2",0,1
"RGH1_I","./data/processed/exercises/RGH1_I_E06.txt","nos permite (a) evaluar","LIL","motivation","learner_response","learner_response","goal_aligned","original","rater_2",0,1
"RGH1_I","./data/processed/exercises/RGH1_I_E09.txt","(tambien) [también]","LIL","motivation","learner_response","learner_response","goal_aligned","original","rater_2",0,1
"RGH1_I","./data/processed/exercises/RGH1_I_E15.txt","(un) [una] parte","LIL","motivation","learner_response","learner_response","goal_aligned","original","rater_2",0,1
"FMH1_I","./data/processed/exercises/FMH1_I_E04.txt","(este) [ese] trágico mes de marzo del año 2011","LIL","motivation","learner_response","learner_response","goal_aligned","original","rater_2",1,0
"FMH1_I","./data/processed/exercises/FMH1_I_E10.txt","destruyendo todo (en su camino) [a su paso]","LIL","motivation","learner_response","learner_response","goal_aligned","original","rater_2",0,1
"FMH1_I","./data/processed/exercises/FMH1_I_E14.txt","enfermedades (neurologías) [neurológicas]","LIL","motivation","learner_response","learner_response","goal_aligned","original","rater_2",1,0
"RBI1_I","./data/processed/exercises/RBI1_I_E07.txt","(me) he hecho muchos amigos","LIL","motivation","learner_response","learner_response","goal_aligned","original","rater_2",1,0
"RHK1_I","./data/processed/exercises/RHK1_I_E10.txt","(especificas) [específicas]","LIL","motivation","learner_response","learner_response","goal_aligned","original","rater_2",0,1
"FEM1_I","./data/processed/exercises/FEM1_I_E03.txt","(porque) [por qué]","LIL","motivation","learner_response","learner_response","goal_aligned","original","rater_2",0,1
"FEM1_I","./data/processed/exercises/FEM1_I_E06.txt","la tasa más (fuerte) [elevada] / (pasar) [aprobar] una ley","LIL","motivation","learner_response","learner_response","goal_aligned","original","rater_2",0,1
"FEM1_I","./data/processed/exercises/FEM1_I_E07.txt","no es solamente esencial, (pero) [sino que] es también fundamental","LIL","motivation","learner_response","learner_response","goal_aligned","original","rater_2",0,1
"FEM1_I","./data/processed/exercises/FEM1_I_E10.txt","el artículo se enfoca (sobre) [en] la situación / es fundamental (a) [para] / nos falta (de) contexto","LIL","motivation","learner_response","learner_response","goal_aligned","original","rater_2",0,1
"FEM1_I","./data/processed/exercises/FEM1_I_E12.txt","(pasarse) [ocurrir]","LIL","motivation","learner_response","learner_response","goal_aligned","original","rater_2",0,1
"FEM1_I","./data/processed/exercises/FEM1_I_E14.txt","(sea) [esté] más impactado","LIL","motivation","learner_response","learner_response","goal_aligned","original","rater_2",1,0
"RRN1_I","./data/processed/exercises/RRN1_I_E04.txt","ha (escrito) [descrito]","LIL","motivation","learner_response","learner_response","goal_aligned","original","rater_2",0,1
"FKN1_I","./data/processed/exercises/FKN1_I_E01.txt","(utilizó) [utilizo]","LIL","motivation","learner_response","learner_response","goal_aligned","original","rater_2",1,0
"FKN1_I","./data/processed/exercises/FKN1_I_E11.txt","(realizar) [darse cuenta de] la urgencia del problema","LIL","motivation","learner_response","learner_response","goal_aligned","original","rater_2",0,1
"RCO1_I","./data/processed/exercises/RCO1_I_E02.txt","esos niños (fueron nacidos) [nacieron]","LIL","motivation","learner_response","learner_response","goal_aligned","original","rater_2",1,0
"RCO1_I","./data/processed/exercises/RCO1_I_E05.txt","tenemos en cuenta (de) que","LIL","motivation","learner_response","learner_response","goal_aligned","original","rater_2",1,0
"RCO1_I","./data/processed/exercises/RCO1_I_E08.txt","(es) [está] bien escrito","LIL","motivation","learner_response","learner_response","goal_aligned","original","rater_2",1,0
"FLR1_I","./data/processed/exercises/FLR1_I_E04.txt","(número) [tasa]","LIL","motivation","learner_response","learner_response","goal_aligned","original","rater_2",0,1
"FLR1_I","./data/processed/exercises/FLR1_I_E09.txt","estar (seguro) [claro]","LIL","motivation","learner_response","learner_response","goal_aligned","original","rater_2",0,1
"FLR1_I","./data/processed/exercises/FLR1_I_E11.txt","la capacidad (a) [de] actuar","LIL","motivation","learner_response","learner_response","goal_aligned","original","rater_2",1,0
"FLR1_I","./data/processed/exercises/FLR1_I_E13.txt","ser (quitado) [arrebatado]","LIL","motivation","learner_response","learner_response","goal_aligned","original","rater_2",0,1
"FLR1_I","./data/processed/exercises/FLR1_I_E15.txt","influir (a su nivel) [dentro de sus posibilidades]","LIL","motivation","learner_response","learner_response","goal_aligned","original","rater_2",1,0
"FTR1_I","./data/processed/exercises/FTR1_I_E04.txt","(exprimir) [explicar]","LIL","motivation","learner_response","learner_response","goal_aligned","original","rater_2",0,1
"FTR1_I","./data/processed/exercises/FTR1_I_E07.txt","(del) [de lo] primitivo y (del) [de lo] eterno","LIL","motivation","learner_response","learner_response","goal_aligned","original","rater_2",0,1
"FTR1_I","./data/processed/exercises/FTR1_I_E08.txt","en la vida me (gusta) [gustan] la moda, la fotografía, los deportes y los viajes","LIL","motivation","learner_response","learner_response","goal_aligned","original","rater_2",0,1
"FTR1_I","./data/processed/exercises/FTR1_I_E09.txt","tengo (una) cierta facilidad para expresarme / la misma línea psicológica (con) [que] el estilo","LIL","motivation","learner_response","learner_response","goal_aligned","original","rater_2",0,1
"FCY1_I","./data/processed/exercises/FCY1_I_E09.txt","(jovenes) [jóvenes]","LIL","motivation","learner_response","learner_response","goal_aligned","original","rater_2",1,0
"FCY1_I","./data/processed/exercises/FCY1_I_E13.txt","mala (habitud) [costumbre]","LIL","motivation","learner_response","learner_response","goal_aligned","original","rater_2",0,1
"FGC2_S","./data/processed/exercises/FGC2_S_E02.txt","Empecé a jugar al fútbol en 2007, en un equipo local, fue muy (rápido) [pronto]","LIL","motivation","learner_response","learner_response","goal_aligned","original","rater_2",0,1
"FGC2_S","./data/processed/exercises/FGC2_S_E05.txt","Mi abuela (estaba) [se puso] muy triste","LIL","motivation","learner_response","learner_response","goal_aligned","original","rater_2",0,1
"FGC2_S","./data/processed/exercises/FGC2_S_E07.txt","En 2016 mi familia (tuvo) [adoptó a] una mascota","LIL","motivation","learner_response","learner_response","goal_aligned","original","rater_2",0,1
"BEA1_S","./data/processed/exercises/BEA1_S_E07.txt","Cuando tenía 16 años, (tenía) [me diagnosticaron] una enfermedad crónica","LIL","motivation","learner_response","learner_response","goal_aligned","original","rater_2",0,1
"BEA1_S","./data/processed/exercises/BEA1_S_E11.txt","(cinqo) [cinco] meses / (quando) [cuando]","LIL","motivation","learner_response","learner_response","goal_aligned","original","rater_2",0,1
"BEA1_S","./data/processed/exercises/BEA1_S_E10.txt","(encanté) [conocí a]","LIL","motivation","learner_response","learner_response","goal_aligned","original","rater_2",0,1
"BEA1_S","./data/processed/exercises/BEA1_S_E09.txt","escribí (un systematic review) [una revisión sistemática]","LIL","motivation","learner_response","learner_response","goal_aligned","original","rater_2",0,1
"FJE1_S","./data/processed/exercises/FJE1_S_E14.txt","sé que (fue) [fueron] buenos momentos / (fue) [fueron] dos momentos muy (difícil) [difíciles] en mi vida","LIL","motivation","learner_response","learner_response","goal_aligned","original","rater_2",1,0
"FJE1_S","./data/processed/exercises/FJE1_S_E04.txt","(Hice) [Llevé] una vida muy feliz","LIL","motivation","learner_response","learner_response","goal_aligned","original","rater_2",0,1
"FJE1_S","./data/processed/exercises/FJE1_S_E12.txt","fue mi profesora de (Frances) [francés]","LIL","motivation","learner_response","learner_response","goal_aligned","original","rater_2",1,0
"FJE1_S","./data/processed/exercises/FJE1_S_E10.txt","(hizé) [cursé] el bachillerato","LIL","motivation","learner_response","learner_response","goal_aligned","original","rater_2",0,1
"GKN1_S","./data/processed/exercises/GKN1_S_E10.txt","nació en Salónica (en) [el] cuatro de (Octubre) [octubre] (en) [de] 2002","LIL","motivation","learner_response","learner_response","goal_aligned","original","rater_2",0,1
"CFI1_S","./data/processed/exercises/CFI1_S_E15.txt","una escuela solo (por) [para] chicas","LIL","motivation","learner_response","learner_response","goal_aligned","original","rater_2",0,1
"CFI1_S","./data/processed/exercises/CFI1_S_E11.txt","mis cursos (estaban) [eran] todos en línea","LIL","motivation","learner_response","learner_response","goal_aligned","original","rater_2",0,1
"PBJ1_S","./data/processed/exercises/PBJ1_S_E02.txt","soy (Holandesa) [holandesa]","LIL","motivation","learner_response","learner_response","goal_aligned","original","rater_2",0,1
"PBJ1_S","./data/processed/exercises/PBJ1_S_E09.txt","pero (mudamos atrás) [volvimos]","LIL","motivation","learner_response","learner_response","goal_aligned","original","rater_2",0,1
"PBJ1_S","./data/processed/exercises/PBJ1_S_E06.txt","(fue mi) [fueron mis] vacaciones (favorita) [favoritas]","LIL","motivation","learner_response","learner_response","goal_aligned","original","rater_2",0,1
"PBJ1_S","./data/processed/exercises/PBJ1_S_E10.txt","Hace tres meses (pasado) mi bisabuela murió","LIL","motivation","learner_response","learner_response","goal_aligned","original","rater_2",0,1
"PBJ1_S","./data/processed/exercises/PBJ1_S_E01.txt","hace tres meses (la madre de mi abuela) [mi bisabuela] murió","LIL","motivation","learner_response","learner_response","goal_aligned","original","rater_2",0,1
"PBJ1_S","./data/processed/exercises/PBJ1_S_E03.txt","(mi) [mis] cinco amigas","LIL","motivation","learner_response","learner_response","goal_aligned","original","rater_2",0,1
"PBJ1_S","./data/processed/exercises/PBJ1_S_E07.txt","En 2020 mi padre (adoptivo) [adoptó]","LIL","motivation","learner_response","learner_response","goal_aligned","original","rater_2",0,1
"PBJ1_S","./data/processed/exercises/PBJ1_S_E11.txt","conocí [a] mis cinco amigas / mi padre adoptó [a] mi perro","LIL","motivation","learner_response","learner_response","goal_aligned","original","rater_2",0,1
"PBJ1_S","./data/processed/exercises/PBJ1_S_E08.txt","es (un mix) [un cruce]","LIL","motivation","learner_response","learner_response","goal_aligned","original","rater_2",0,1
"PBJ1_S","./data/processed/exercises/PBJ1_S_E12.txt","de shih tzu y (malteser) [bichón maltés]","LIL","motivation","learner_response","learner_response","goal_aligned","original","rater_2",0,1
"TCW1_S","./data/processed/exercises/TCW1_S_E09.txt","empecé la vida (escolar) [académica] en mi universidad","LIL","motivation","learner_response","learner_response","goal_aligned","original","rater_2",0,1
"TCW1_S","./data/processed/exercises/TCW1_S_E13.txt","espero volverme (una gente útil) [una persona útil]","LIL","motivation","learner_response","learner_response","goal_aligned","original","rater_2",0,1
"PNA1_S","./data/processed/exercises/PNA1_S_E10.txt","Nací en enero (en) [de] 2004","LIL","motivation","learner_response","learner_response","goal_aligned","original","rater_2",0,1
"PNA1_S","./data/processed/exercises/PNA1_S_E06.txt","(tuvé) [tuve] / (hicé) [hice]","LIL","motivation","learner_response","learner_response","goal_aligned","original","rater_2",1,0
"PNA1_S","./data/processed/exercises/PNA1_S_E11.txt","Cuando tenía cinco años, (yo) fui a la escuela","LIL","motivation","learner_response","learner_response","goal_aligned","original","rater_2",1,0
"PNA1_S","./data/processed/exercises/PNA1_S_E07.txt","cuando terminé (a) la escuela","LIL","motivation","learner_response","learner_response","goal_aligned","original","rater_2",1,0
"PNA1_S","./data/processed/exercises/PNA1_S_E03.txt","ahora soy estudiante [de] intercambio","LIL","motivation","learner_response","learner_response","goal_aligned","original","rater_2",1,0
"PNA1_S","./data/processed/exercises/PNA1_S_E08.txt","soy estudiante de intercambio (a) [en] la Universidad de Navarra","LIL","motivation","learner_response","learner_response","goal_aligned","original","rater_2",0,1
"AKA1_S","./data/processed/exercises/AKA1_S_E10.txt","hice [a] mi amiga favorita","LIL","motivation","learner_response","learner_response","goal_aligned","original","rater_2",0,1
"AHJ1_S","./data/processed/exercises/AHJ1_S_E12.txt","(obtuve) [hice] una amiga","LIL","motivation","learner_response","learner_response","goal_aligned","original","rater_2",0,1
"AHJ1_S","./data/processed/exercises/AHJ1_S_E15.txt","(ella) [su] nombre es Damaris","LIL","motivation","learner_response","learner_response","goal_aligned","original","rater_2",0,1
"AHJ1_S","./data/processed/exercises/AHJ1_S_E01.txt","empecé a estudiar (Business Administration) [Administración de Empresas]","LIL","motivation","learner_response","learner_response","goal_aligned","original","rater_2",0,1
"GMO1_S","./data/processed/exercises/GMO1_S_E13.txt","él iba (en) [a] una escuela diferente / estoy en Pamplona en España (para) [por] 4 meses","LIL","motivation","learner_response","learner_response","goal_aligned","original","rater_2",1,0
"CGT1_S","./data/processed/exercises/CGT1_S_E02.txt","recuerdo un (familia) viaje [familiar] a Taiwán","LIL","motivation","learner_response","learner_response","goal_aligned","original","rater_2",0,1
"CGT1_S","./data/processed/exercises/CGT1_S_E08.txt","3 años después, (tuve) [hice] otro viaje","LIL","motivation","learner_response","learner_response","goal_aligned","original","rater_2",1,0
"CGT1_S","./data/processed/exercises/CGT1_S_E15.txt","fui (a un) [de] viaje de estudios a Reino Unido","LIL","motivation","learner_response","learner_response","goal_aligned","original","rater_2",0,1
"CGT1_S","./data/processed/exercises/CGT1_S_E03.txt","conocí a mi primera mejor amiga en (este) [ese] viaje","LIL","motivation","learner_response","learner_response","goal_aligned","original","rater_2",0,1
"CGT1_S","./data/processed/exercises/CGT1_S_E07.txt","soy una estudiante de intercambio (a) [en] la Universidad de Navarra","LIL","motivation","learner_response","learner_response","goal_aligned","original","rater_2",0,1
"CGT1_S","./data/processed/exercises/CGT1_S_E10.txt","el primer viaje (sin un padre o maestro) [a solas] con mis amigos","LIL","motivation","learner_response","learner_response","goal_aligned","original","rater_2",0,1
"CGS1_S","./data/processed/exercises/CGS1_S_E13.txt","el año (próximo) [siguiente], conocí / los dos años (próximos) [siguientes] fueron difíciles","LIL","motivation","learner_response","learner_response","goal_aligned","original","rater_2",0,1
"CGS1_S","./data/processed/exercises/CGS1_S_E03.txt","mis compañeros de clase y yo [nos] conocimos","LIL","motivation","learner_response","learner_response","goal_aligned","original","rater_2",0,1
"FDS1_S","./data/processed/exercises/FDS1_S_E01.txt","empecé (el) [a hacer] teatro","LIL","motivation","learner_response","learner_response","goal_aligned","original","rater_2",0,1
"FDS1_S","./data/processed/exercises/FDS1_S_E03.txt","para estudiar (a) [en] la universidad","LIL","motivation","learner_response","learner_response","goal_aligned","original","rater_2",0,1
"CMJ1_S","./data/processed/exercises/CMJ1_S_E06.txt","conocí [a] mi mejor amiga","LIL","motivation","learner_response","learner_response","goal_aligned","original","rater_2",0,1
"CMJ1_S","./data/processed/exercises/CMJ1_S_E07.txt","no tenía muchos deberes ni (hice muchas) [viví grandes] cosas","LIL","motivation","learner_response","learner_response","goal_aligned","original","rater_2",0,1
"CMJ1_S","./data/processed/exercises/CMJ1_S_E03.txt","me sentí muy feliz [por] cocinar con mi familia","LIL","motivation","learner_response","learner_response","goal_aligned","original","rater_2",0,1
"CMJ1_S","./data/processed/exercises/CMJ1_S_E04.txt","no pude salir, (también) [tampoco] pude ir a la escuela","LIL","motivation","learner_response","learner_response","goal_aligned","original","rater_2",0,1
"CMJ1_S","./data/processed/exercises/CMJ1_S_E10.txt","me (encanta) [encantan] el clima y la comida","LIL","motivation","learner_response","learner_response","goal_aligned","original","rater_2",0,1
"CMJ1_S","./data/processed/exercises/CMJ1_S_E05.txt","no recuerdo (a personas ni eventos) [nada ni a nadie]","LIL","motivation","learner_response","learner_response","goal_aligned","original","rater_2",0,1
"CMJ1_S","./data/processed/exercises/CMJ1_S_E14.txt","allí (comí) [probé] comida deliciosa","LIL","motivation","learner_response","learner_response","goal_aligned","original","rater_2",0,1
"CMJ1_S","./data/processed/exercises/CMJ1_S_E15.txt","[me] fui sola a Japón","LIL","motivation","learner_response","learner_response","goal_aligned","original","rater_2",0,1
"CXY1_S","./data/processed/exercises/CXY1_S_E11.txt","viajé a muchas (cuidades) [ciudades]","LIL","motivation","learner_response","learner_response","goal_aligned","original","rater_2",1,0
"CXY1_S","./data/processed/exercises/CXY1_S_E05.txt","con (mis) [mi] familia","LIL","motivation","learner_response","learner_response","goal_aligned","original","rater_2",1,0
"CXY1_S","./data/processed/exercises/CXY1_S_E10.txt","(empecé a estudiar) [estudié] en la secundaria de 2008 a 2022","LIL","motivation","learner_response","learner_response","goal_aligned","original","rater_2",0,1
"CXY1_S","./data/processed/exercises/CXY1_S_E13.txt","(durante) [a] los 14 años, mi vida era muy ajetreada","LIL","motivation","learner_response","learner_response","goal_aligned","original","rater_2",1,0
"CXY1_S","./data/processed/exercises/CXY1_S_E04.txt","mi vida era muy (ocupada) [ajetreada]","LIL","motivation","learner_response","learner_response","goal_aligned","original","rater_2",0,1
"CXY1_S","./data/processed/exercises/CXY1_S_E09.txt","mi vida era muy (ajetreado) [ajetreada] / fuimos a (muchas) [muchos] lugares","LIL","motivation","learner_response","learner_response","goal_aligned","original","rater_2",1,0
"CXY1_S","./data/processed/exercises/CXY1_S_E07.txt","muchas [buenas] amigas (buenas)","LIL","motivation","learner_response","learner_response","goal_aligned","original","rater_2",1,0
"CXY1_S","./data/processed/exercises/CXY1_S_E12.txt","tuve un examen importante (hasta) [en] 2022","LIL","motivation","learner_response","learner_response","goal_aligned","original","rater_2",0,1
"CXY1_S","./data/processed/exercises/CXY1_S_E01.txt","fue muy (monumental) [memorable]","LIL","motivation","learner_response","learner_response","goal_aligned","original","rater_2",0,1
"CXY1_S","./data/processed/exercises/CXY1_S_E14.txt","hice una (práctica) [pasantía]","LIL","motivation","learner_response","learner_response","goal_aligned","original","rater_2",0,1
"CZY1_S","./data/processed/exercises/CZY1_S_E07.txt","estudié chino (antes de nacer) [desde que nací]","LIL","motivation","learner_response","learner_response","goal_aligned","original","rater_2",1,0
"EPA1_C","./data/processed/exercises/EPA1_C_E01.txt","entonces llamé a (nuestra House Manager) [la encargada de nuestro piso]","LIL","motivation","learner_response","learner_response","goal_aligned","original","rater_2",1,0
"ERA1_C","./data/processed/exercises/ERA1_C_E03.txt","(estabamos) [estábamos] / (queriamos) [queríamos] / (tambien) [también] / (economico) [económico] / (hótel) [hotel] / (facil) [fácil]","LIL","motivation","learner_response","learner_response","goal_aligned","original","rater_2",0,1
"ERA1_C","./data/processed/exercises/ERA1_C_E14.txt","un tono (calmado) [conciliador]","LIL","motivation","learner_response","learner_response","goal_aligned","original","rater_2",0,1
"ERA1_C","./data/processed/exercises/ERA1_C_E15.txt","fueron (algunos) momentos muy incómodos","LIL","motivation","learner_response","learner_response","goal_aligned","original","rater_2",0,1
"BSC1_C","./data/processed/exercises/BSC1_C_E04.txt","(maquinas) [máquinas] / (deberia) [debería] / (reuni) [reuní] / (proxima) [próxima] / (fué) [fue] / (aqui) [aquí]","LIL","motivation","learner_response","learner_response","goal_aligned","original","rater_2",1,0
"IDE1_C","./data/processed/exercises/IDE1_C_E05.txt","espero que todo vaya bien (con usted)","LIL","motivation","learner_response","learner_response","goal_aligned","original","rater_2",0,1
"IDE1_C","./data/processed/exercises/IDE1_C_E03.txt","con [otras] tres (otras) personas","LIL","motivation","learner_response","learner_response","goal_aligned","original","rater_2",0,1
"IDE1_C","./data/processed/exercises/IDE1_C_E11.txt","solo quiero ser responsable (para) [de] mí misma","LIL","motivation","learner_response","learner_response","goal_aligned","original","rater_2",0,1
"CAJ1_C","./data/processed/exercises/CAJ1_C_E09.txt","un conflicto que (yo) solucioné","LIL","motivation","learner_response","learner_response","goal_aligned","original","rater_2",1,0
"CAJ1_C","./data/processed/exercises/CAJ1_C_E15.txt","cuando (nos pusimos de acuerdo del tiempo) [acordamos una hora], nos encontramos en la cocina","LIL","motivation","learner_response","learner_response","goal_aligned","original","rater_2",0,1
"CAJ1_C","./data/processed/exercises/CAJ1_C_E03.txt","se tienen que comprar (más frecuente) [con mayor frecuencia]","LIL","motivation","learner_response","learner_response","goal_aligned","original","rater_2",1,0
"IMM1_C","./data/processed/exercises/IMM1_C_E02.txt","estoy aquí desde [hace] dos meses","LIL","motivation","learner_response","learner_response","goal_aligned","original","rater_2",0,1
"IMM1_C","./data/processed/exercises/IMM1_C_E08.txt","y afortunadamente (yo) he conseguido / por qué (ellas) estaban tan enfadadas","LIL","motivation","learner_response","learner_response","goal_aligned","original","rater_2",1,0
"ABA1_C","./data/processed/exercises/ABA1_C_E04.txt","(proximo) [próximo] / (dia) [día] / (despues) [después] / (ocurrio) [ocurrió]","LIL","motivation","learner_response","learner_response","goal_aligned","original","rater_2",0,1
"ABA1_C","./data/processed/exercises/ABA1_C_E09.txt","su (telefona) [teléfono] estaba roto","LIL","motivation","learner_response","learner_response","goal_aligned","original","rater_2",0,1
"LSR1_C","./data/processed/exercises/LSR1_C_E10.txt","en (el sitio de internet) [la página web]","LIL","motivation","learner_response","learner_response","goal_aligned","original","rater_2",0,1
"BNS1_C","./data/processed/exercises/BNS1_C_E12.txt","una por la mañana y (una) [otra] por la noche","LIL","motivation","learner_response","learner_response","goal_aligned","original","rater_2",1,0
"BNS1_C","./data/processed/exercises/BNS1_C_E01.txt","en (este) [ese] momento, yo pensaba que","LIL","motivation","learner_response","learner_response","goal_aligned","original","rater_2",0,1
"BNS1_C","./data/processed/exercises/BNS1_C_E08.txt","vengarse de mis (reclamaciones) [quejas]","LIL","motivation","learner_response","learner_response","goal_aligned","original","rater_2",0,1
"RRT1_C","./data/processed/exercises/RRT1_C_E11.txt","entre una familia (nativa) [local] y algunos estudiantes de intercambio","LIL","motivation","learner_response","learner_response","goal_aligned","original","rater_2",0,1
"RRT1_C","./data/processed/exercises/RRT1_C_E05.txt","por eso, han (realizado) [montado] muchas fiestas","LIL","motivation","learner_response","learner_response","goal_aligned","original","rater_2",0,1
"RRT1_C","./data/processed/exercises/RRT1_C_E02.txt","(casí) [casi] cada noche / (múcho) [mucho] ruido / (instantaneamente) [instantáneamente]","LIL","motivation","learner_response","learner_response","goal_aligned","original","rater_2",1,0
"RRT1_C","./data/processed/exercises/RRT1_C_E03.txt","pero el (jefe de los pisos) [administrador del edificio] no ha ofrecido","LIL","motivation","learner_response","learner_response","goal_aligned","original","rater_2",0,1
"RRT1_C","./data/processed/exercises/RRT1_C_E01.txt","no (estoy tan cercano) [vivo tan cerca] de los estudiantes","LIL","motivation","learner_response","learner_response","goal_aligned","original","rater_2",0,1
"RRT1_C","./data/processed/exercises/RRT1_C_E04.txt","no me (dieron) [di] cuenta hasta la semana pasada","LIL","motivation","learner_response","learner_response","goal_aligned","original","rater_2",0,1
"RRT1_C","./data/processed/exercises/RRT1_C_E12.txt","no les (importa) [molesta] una fiesta de vez en cuando","LIL","motivation","learner_response","learner_response","goal_aligned","original","rater_2",0,1
"RRT1_C","./data/processed/exercises/RRT1_C_E14.txt","(a corto plazo) [en un primer momento], llamé a la policía, pero eso solo funcionó a corto plazo","LIL","motivation","learner_response","learner_response","goal_aligned","original","rater_2",0,1
"CTV1_C","./data/processed/exercises/CTV1_C_E13.txt","(tristemente) [lamentablemente], en menos de una semana","LIL","motivation","learner_response","learner_response","goal_aligned","original","rater_2",0,1
"CTV1_C","./data/processed/exercises/CTV1_C_E02.txt","el problema (se trata de) [consiste en]","LIL","motivation","learner_response","learner_response","goal_aligned","original","rater_2",0,1
"CTV1_C","./data/processed/exercises/CTV1_C_E14.txt","preferían (no comer) [saltarse la comida]","LIL","motivation","learner_response","learner_response","goal_aligned","original","rater_2",0,1
"CTV1_C","./data/processed/exercises/CTV1_C_E12.txt","o (perder) [faltar a] clase","LIL","motivation","learner_response","learner_response","goal_aligned","original","rater_2",0,1
"CTV1_C","./data/processed/exercises/CTV1_C_E08.txt","para encontrar una (resolución) [solución]","LIL","motivation","learner_response","learner_response","goal_aligned","original","rater_2",0,1
"RWA1_D","./data/processed/exercises/RWA1_D_E14.txt","no estaba (en ninguna forma para) [en condiciones de] ser muy paciente con él","LIL","motivation","learner_response","learner_response","goal_aligned","original","rater_2",1,0
"RWA1_D","./data/processed/exercises/RWA1_D_E01.txt","(primero que todo) [antes que nada] / (tal cual) [así pues], si ustedes tienen / (a) [para] mi sorpresa","LIL","motivation","learner_response","learner_response","goal_aligned","original","rater_2",0,1
"RSA1_D","./data/processed/exercises/RSA1_D_E08.txt","(También, ) [Además, ]","LIL","motivation","learner_response","learner_response","goal_aligned","original","rater_2",0,1
"RSA1_D","./data/processed/exercises/RSA1_D_E13.txt","cerca (a) [de] Escocia","LIL","motivation","learner_response","learner_response","goal_aligned","original","rater_2",0,1
"RSA1_D","./data/processed/exercises/RSA1_D_E15.txt","pienso que (personas deberían) [la gente debería] tener acceso a más información","LIL","motivation","learner_response","learner_response","goal_aligned","original","rater_2",0,1
"RSA1_D","./data/processed/exercises/RSA1_D_E04.txt","con (respeto) [respecto] a su respuesta","LIL","motivation","learner_response","learner_response","goal_aligned","original","rater_2",0,1
"RSA1_D","./data/processed/exercises/RSA1_D_E01.txt","me (dirigo) [dirijo] a usted","LIL","motivation","learner_response","learner_response","goal_aligned","original","rater_2",0,1
"RBC1_D","./data/processed/exercises/RBC1_D_E03.txt","(cuando tenía entre 5 y 12 años) [de los 5 a los 12 años]","LIL","motivation","learner_response","learner_response","goal_aligned","original","rater_2",0,1
"RBC1_D","./data/processed/exercises/RBC1_D_E14.txt","diría que en este momento (normalmente) [en general] puedo entender","LIL","motivation","learner_response","learner_response","goal_aligned","original","rater_2",0,1
"RBC1_D","./data/processed/exercises/RBC1_D_E13.txt","para (descubrir) [averiguar] el significado de las palabras","LIL","motivation","learner_response","learner_response","goal_aligned","original","rater_2",0,1
"RBC1_D","./data/processed/exercises/RBC1_D_E02.txt","la autenticación (en dos factores) [de doble factor]","LIL","motivation","learner_response","learner_response","goal_aligned","original","rater_2",0,1
"RBC1_D","./data/processed/exercises/RBC1_D_E04.txt","era lo (suficiente) [suficientemente] urgente","LIL","motivation","learner_response","learner_response","goal_aligned","original","rater_2",1,0
"RBD1_D","./data/processed/exercises/RBD1_D_E13.txt","tipos de (engaños) [engaño]","LIL","motivation","learner_response","learner_response","goal_aligned","original","rater_2",1,0
"RKD1_D","./data/processed/exercises/RKD1_D_E14.txt","tuve que reestablecer la contraseña para (devolverlo) [recuperarlo]","LIL","motivation","learner_response","learner_response","goal_aligned","original","rater_2",0,1
"RKD1_D","./data/processed/exercises/RKD1_D_E02.txt","y (pretendieron) [fingieron] ser yo","LIL","motivation","learner_response","learner_response","goal_aligned","original","rater_2",0,1
"RBE1_D","./data/processed/exercises/RBE1_D_E09.txt","ambas personas (son en el) [están al] mismo nivel","LIL","motivation","learner_response","learner_response","goal_aligned","original","rater_2",0,1
"RBE1_D","./data/processed/exercises/RBE1_D_E08.txt","para (hacer) [sacar] una conclusión sobre su calidad","LIL","motivation","learner_response","learner_response","goal_aligned","original","rater_2",0,1
"RBE1_D","./data/processed/exercises/RBE1_D_E12.txt","la aparición de unas (copias) [réplicas] de páginas web","LIL","motivation","learner_response","learner_response","goal_aligned","original","rater_2",0,1
"RBE1_D","./data/processed/exercises/RBE1_D_E05.txt","les hace (olvidar) [olvidarse] de tomar precauciones","LIL","motivation","learner_response","learner_response","goal_aligned","original","rater_2",0,1
"FTE1_D","./data/processed/exercises/FTE1_D_E01.txt","me permite (tener) [encontrar] más información","LIL","motivation","learner_response","learner_response","goal_aligned","original","rater_2",0,1
"FTE1_D","./data/processed/exercises/FTE1_D_E13.txt","practicar (hablar) [la interacción oral] con nativos","LIL","motivation","learner_response","learner_response","goal_aligned","original","rater_2",0,1
"FTE1_D","./data/processed/exercises/FTE1_D_E04.txt","un pedido realizado en su sitio [web]","LIL","motivation","learner_response","learner_response","goal_aligned","original","rater_2",0,1
"BGE1_D","./data/processed/exercises/BGE1_D_E11.txt","beneficioso (por) [para] el proceso de aprendizaje","LIL","motivation","learner_response","learner_response","goal_aligned","original","rater_2",0,1
"BGE1_D","./data/processed/exercises/BGE1_D_E01.txt","solo uso la IA como punto de (partido) [partida]","LIL","motivation","learner_response","learner_response","goal_aligned","original","rater_2",1,0
"RME1_D","./data/processed/exercises/RME1_D_E05.txt","después de contactar [a] mi banco","LIL","motivation","learner_response","learner_response","goal_aligned","original","rater_2",0,1
"RME1_D","./data/processed/exercises/RME1_D_E04.txt","vi (unas cargas extrañas) [unos cargos extraños] en mi cuenta bancaria","LIL","motivation","learner_response","learner_response","goal_aligned","original","rater_2",0,1
"RWF1_D","./data/processed/exercises/RWF1_D_E05.txt","cientos de (libros) [libras]","LIL","motivation","learner_response","learner_response","goal_aligned","original","rater_2",0,1
"RWF1_D","./data/processed/exercises/RWF1_D_E01.txt","con (respeto) [respecto] a","LIL","motivation","learner_response","learner_response","goal_aligned","original","rater_2",0,1
"CDG1_D","./data/processed/exercises/CDG1_D_E13.txt","aplicar este conocimiento (en) [a] situaciones reales / resulte (a) [en]","LIL","motivation","learner_response","learner_response","goal_aligned","original","rater_2",1,0
"CDG1_D","./data/processed/exercises/CDG1_D_E06.txt","que también resulte en ya no ser creativo (su) [por sí] mismo","LIL","motivation","learner_response","learner_response","goal_aligned","original","rater_2",0,1
"CDG1_D","./data/processed/exercises/CDG1_D_E15.txt","un electrodoméstico que (se encontraba) [estaba] defectuoso","LIL","motivation","learner_response","learner_response","goal_aligned","original","rater_2",0,1
"ROG1_D","./data/processed/exercises/ROG1_D_E15.txt","(la emoción con la) [las emociones con las] que más asocio la evaluación (es) [son] la lucha y la dificultad","LIL","motivation","learner_response","learner_response","goal_aligned","original","rater_2",0,1
"ROG1_D","./data/processed/exercises/ROG1_D_E01.txt","los profesores califican a los alumnos con (esquemas de calificación) [rúbricas de evaluación]","LIL","motivation","learner_response","learner_response","goal_aligned","original","rater_2",0,1
"ROG1_D","./data/processed/exercises/ROG1_D_E13.txt","para el español ya hay (muchos lugares de confianza a los) [muchas fuentes fiables a las] que acudir","LIL","motivation","learner_response","learner_response","goal_aligned","original","rater_2",0,1
"ROG1_D","./data/processed/exercises/ROG1_D_E10.txt","entradas (a) [por] la mitad del precio que vi en Internet / evaluar es reflexionar y descifrar (sobre) algo / (con) [para] el español ya hay muchas fuentes fiables","LIL","motivation","learner_response","learner_response","goal_aligned","original","rater_2",1,0
"RPG1_D","./data/processed/exercises/RPG1_D_E05.txt","los profesores a menudo evalúan el trabajo de sus alumnos (por leer) [leyendo] sus ideas","LIL","motivation","learner_response","learner_response","goal_aligned","original","rater_2",1,0
"RKG1_D","./data/processed/exercises/RKG1_D_E08.txt","Aquí en la Pompeu estudio los idiomas (Español) [español] y (Catalán) [catalán] / el día 7 de (Octubre) [octubre]","LIL","motivation","learner_response","learner_response","goal_aligned","original","rater_2",0,1
"ABJ1_D","./data/processed/exercises/ABJ1_D_E03.txt","toco la flauta desde (hace) [que] tengo ocho años","LIL","motivation","learner_response","learner_response","goal_aligned","original","rater_2",1,0
"ABJ1_D","./data/processed/exercises/ABJ1_D_E06.txt","en cuanto (en) [a] sus conocimientos lingüísticos","LIL","motivation","learner_response","learner_response","goal_aligned","original","rater_2",0,1
"ABJ1_D","./data/processed/exercises/ABJ1_D_E11.txt","no es valorar a la persona en sí misma, (pero) [sino] su trabajo","LIL","motivation","learner_response","learner_response","goal_aligned","original","rater_2",0,1
"ABJ1_D","./data/processed/exercises/ABJ1_D_E12.txt","no es valorar [a] la persona en sí misma","LIL","motivation","learner_response","learner_response","goal_aligned","original","rater_2",0,1
"ABJ1_D","./data/processed/exercises/ABJ1_D_E10.txt","para que me (reclamaran) [reembolsaran] el depósito","LIL","motivation","learner_response","learner_response","goal_aligned","original","rater_2",0,1
"ABJ1_D","./data/processed/exercises/ABJ1_D_E01.txt","porque tenía la (oportunidad) [opción] de escribirles","LIL","motivation","learner_response","learner_response","goal_aligned","original","rater_2",0,1
"CPJ1_D","./data/processed/exercises/CPJ1_D_E10.txt","creo que será más (esencial) [útil] que lo que aprendí en China","LIL","motivation","learner_response","learner_response","goal_aligned","original","rater_2",0,1
"CPJ1_D","./data/processed/exercises/CPJ1_D_E01.txt","también quiero (cultivar mi poder) [mejorar mi capacidad] de comunicarme con los demás","LIL","motivation","learner_response","learner_response","goal_aligned","original","rater_2",1,0
"CPJ1_D","./data/processed/exercises/CPJ1_D_E13.txt","despegar (normalmente) [como estaba previsto]","LIL","motivation","learner_response","learner_response","goal_aligned","original","rater_2",0,1
"RHJ1_D","./data/processed/exercises/RHJ1_D_E14.txt","lecturas que me (tardaban) [tardaba] más de una hora","LIL","motivation","learner_response","learner_response","goal_aligned","original","rater_2",1,0
"RHJ1_D","./data/processed/exercises/RHJ1_D_E01.txt","se atreve [a] mentirme sobre la calidad / tardaba más de una hora (para) [en] completar","LIL","motivation","learner_response","learner_response","goal_aligned","original","rater_2",0,1
"BGL1_D","./data/processed/exercises/BGL1_D_E12.txt","no nos robaran (nuestras) [las] maletas","LIL","motivation","learner_response","learner_response","goal_aligned","original","rater_2",1,0
"BGL1_D","./data/processed/exercises/BGL1_D_E14.txt","los estafadores le (quitaron) [robaron] más dinero","LIL","motivation","learner_response","learner_response","goal_aligned","original","rater_2",0,1
"BGL1_D","./data/processed/exercises/BGL1_D_E01.txt","antes de recibir (este) [ese] cupón / nosotros en (este) [ese] momento ni siquiera","LIL","motivation","learner_response","learner_response","goal_aligned","original","rater_2",0,1
"BGL1_D","./data/processed/exercises/BGL1_D_E13.txt","decidió (darle) [enviarle] el dinero","LIL","motivation","learner_response","learner_response","goal_aligned","original","rater_2",0,1
"BGL1_D","./data/processed/exercises/BGL1_D_E04.txt","no entiendo por qué el personal del aeropuerto no nos quería comunicar que (esto) [esta] era la causa","LIL","motivation","learner_response","learner_response","goal_aligned","original","rater_2",0,1
"BGL1_D","./data/processed/exercises/BGL1_D_E06.txt","(en el medio de la noche) [en plena noche]","LIL","motivation","learner_response","learner_response","goal_aligned","original","rater_2",0,1
"RCF1_D","./data/processed/exercises/RCF1_D_E15.txt","las instrucciones que le (dijeron) [dieron]","LIL","motivation","learner_response","learner_response","goal_aligned","original","rater_2",0,1
"RCF1_D","./data/processed/exercises/RCF1_D_E05.txt","el programa de Microsoft (en) [de] nuestro ordenador","LIL","motivation","learner_response","learner_response","goal_aligned","original","rater_2",0,1
"RDL1_D","./data/processed/exercises/RDL1_D_E11.txt","una queja formal relativa (de) [a] estafas y fraudes","LIL","motivation","learner_response","learner_response","goal_aligned","original","rater_2",0,1
"RDL1_D","./data/processed/exercises/RDL1_D_E05.txt","esto no solo causa (perdidas) [pérdidas] económicas / (mas) [más] estrictas","LIL","motivation","learner_response","learner_response","goal_aligned","original","rater_2",0,1
"RDL1_D","./data/processed/exercises/RDL1_D_E06.txt","educar (al público) [a la población] sobre los riesgos","LIL","motivation","learner_response","learner_response","goal_aligned","original","rater_2",0,1
"RDL1_D","./data/processed/exercises/RDL1_D_E13.txt","estaba (tan) [muy] asustada mientras buscaba en línea","LIL","motivation","learner_response","learner_response","goal_aligned","original","rater_2",0,1
"ASM1_D","./data/processed/exercises/ASM1_D_E15.txt","confío [en] que este problema sea tratado / estaba esperando frente (de) [a] mi portátil / luché [para] encenderlo otra vez","LIL","motivation","learner_response","learner_response","goal_aligned","original","rater_2",0,1
"ASM1_D","./data/processed/exercises/ASM1_D_E01.txt","(recelo) [desconfío] mucho [de] la veracidad de estas promesas","LIL","motivation","learner_response","learner_response","goal_aligned","original","rater_2",0,1
"RHO1_D","./data/processed/exercises/RHO1_D_E01.txt","aseguró mi cuenta (por congelarla) [congelándola]","LIL","motivation","learner_response","learner_response","goal_aligned","original","rater_2",0,1
"RHO1_D","./data/processed/exercises/RHO1_D_E09.txt","(¿Seguramente usted puede estar de acuerdo con el hecho de que esto no es aceptable?) [Estará de acuerdo en que esto es inaceptable]","LIL","motivation","learner_response","learner_response","goal_aligned","original","rater_2",1,0
"CCQ1_D","./data/processed/exercises/CCQ1_D_E03.txt","la chica (recogió) [se quedó] el dinero","LIL","motivation","learner_response","learner_response","goal_aligned","original","rater_2",1,0
"CCQ1_D","./data/processed/exercises/CCQ1_D_E04.txt","cerca de (las costas) [la costa]","LIL","motivation","learner_response","learner_response","goal_aligned","original","rater_2",0,1
"AWA1_D","./data/processed/exercises/AWA1_D_E08.txt","no tuvo (tan) [tanta] suerte","LIL","motivation","learner_response","learner_response","goal_aligned","original","rater_2",0,1
"AWA1_D","./data/processed/exercises/AWA1_D_E07.txt","hasta ahora (estaba) [era] fácil para mí","LIL","motivation","learner_response","learner_response","goal_aligned","original","rater_2",0,1
"AWA1_D","./data/processed/exercises/AWA1_D_E02.txt","(pagina) [página] web / (ningun) [ningún] / (facíl) [fácil]","LIL","motivation","learner_response","learner_response","goal_aligned","original","rater_2",0,1
"RRS1_D","./data/processed/exercises/RRS1_D_E12.txt","obtener nuevas perspectivas (en) [sobre] temas complejos","LIL","motivation","learner_response","learner_response","goal_aligned","original","rater_2",1,0
"RRS1_D","./data/processed/exercises/RRS1_D_E11.txt","fui víctima de una estafa por [culpa de] alguien que se hizo pasar por","LIL","motivation","learner_response","learner_response","goal_aligned","original","rater_2",1,0
"CBH1_J","./data/processed/exercises/CBH1_J_E12.txt","(porque) [como] no le pude explicar mi deseo exactamente, nada","LIL","motivation","learner_response","learner_response","goal_aligned","original","rater_2",0,1
"CBH1_J","./data/processed/exercises/CBH1_J_E01.txt","(obtuve) [gané] más y más confianza","LIL","motivation","learner_response","learner_response","goal_aligned","original","rater_2",0,1
"EBM1_J","./data/processed/exercises/EBM1_J_E06.txt","no sé (por que) [por qué]","LIL","motivation","learner_response","learner_response","goal_aligned","original","rater_2",0,1
"EBM1_J","./data/processed/exercises/EBM1_J_E15.txt","(llegé) [llegué]","LIL","motivation","learner_response","learner_response","goal_aligned","original","rater_2",1,0
"KCP1_J","./data/processed/exercises/KCP1_J_E11.txt","tenían (sola) [solo] una alternativa","LIL","motivation","learner_response","learner_response","goal_aligned","original","rater_2",1,0
"FLJ1_J","./data/processed/exercises/FLJ1_J_E09.txt","(salíamos) [íbamos] a la discoteca","LIL","motivation","learner_response","learner_response","goal_aligned","original","rater_2",1,0
"FLJ1_J","./data/processed/exercises/FLJ1_J_E11.txt","(llova) [llovía] / (quira) [quería]","LIL","motivation","learner_response","learner_response","goal_aligned","original","rater_2",0,1
"FLJ1_J","./data/processed/exercises/FLJ1_J_E07.txt","y nos (han encontrado) [hemos dado cuenta de] que éramos compañeros","LIL","motivation","learner_response","learner_response","goal_aligned","original","rater_2",0,1
"FLJ1_J","./data/processed/exercises/FLJ1_J_E14.txt","el (echo) [hecho] de encontrar / y también (vemos) [vamos] a la discoteca","LIL","motivation","learner_response","learner_response","goal_aligned","original","rater_2",0,1
"FLJ1_J","./data/processed/exercises/FLJ1_J_E04.txt","el hecho de encontrar a (mí) [mi] amigo italiano","LIL","motivation","learner_response","learner_response","goal_aligned","original","rater_2",0,1
"FLJ1_J","./data/processed/exercises/FLJ1_J_E15.txt","el (empiezo) [comienzo] de una gran amistad","LIL","motivation","learner_response","learner_response","goal_aligned","original","rater_2",0,1
"FLJ1_J","./data/processed/exercises/FLJ1_J_E12.txt","(tambien) [también] / (calido) [cálido] / (examenes) [exámenes] / (proximó) [próximo]","LIL","motivation","learner_response","learner_response","goal_aligned","original","rater_2",0,1
"CJS1_J","./data/processed/exercises/CJS1_J_E04.txt","entonces, me siento (orgulloso) [orgullosa] de haber venido a España","LIL","motivation","learner_response","learner_response","goal_aligned","original","rater_2",0,1
"CJS1_J","./data/processed/exercises/CJS1_J_E08.txt","estadio (el sadar) [El Sadar]","LIL","motivation","learner_response","learner_response","goal_aligned","original","rater_2",1,0
"CJS1_J","./data/processed/exercises/CJS1_J_E05.txt","hubo una Semana del Deporte (de) [en] la Universidad de Navarra en la que los estudiantes / una potencia (de) [en] fútbol","LIL","motivation","learner_response","learner_response","goal_aligned","original","rater_2",0,1
"FJA1_J","./data/processed/exercises/FJA1_J_E13.txt","la razón de mi (feliz) [felicidad]","LIL","motivation","learner_response","learner_response","goal_aligned","original","rater_2",0,1
"FJA1_J","./data/processed/exercises/FJA1_J_E01.txt","no podía (crear) [creer] lo que veía","LIL","motivation","learner_response","learner_response","goal_aligned","original","rater_2",0,1
"FJA1_J","./data/processed/exercises/FJA1_J_E06.txt","(los) [las] escaleras / (el) [la] razón / (une) [un] verde muy profundo / (la) [el] planeta","LIL","motivation","learner_response","learner_response","goal_aligned","original","rater_2",0,1
"FJA1_J","./data/processed/exercises/FJA1_J_E12.txt","he oído un (pequeño ruido) [ruidito]","LIL","motivation","learner_response","learner_response","goal_aligned","original","rater_2",0,1
"FJA1_J","./data/processed/exercises/FJA1_J_E14.txt","fue un momento muy emocionante para (mi) [mí] / (salte) [salté]","LIL","motivation","learner_response","learner_response","goal_aligned","original","rater_2",0,1
"CYS1_J","./data/processed/exercises/CYS1_J_E01.txt","continué (encontrando) [buscando] nuevas comidas que probar","LIL","motivation","learner_response","learner_response","goal_aligned","original","rater_2",1,0
"CYS1_J","./data/processed/exercises/CYS1_J_E14.txt","pregunté a otra persona (para) [por] la dirección","LIL","motivation","learner_response","learner_response","goal_aligned","original","rater_2",0,1
"CYS1_J","./data/processed/exercises/CYS1_J_E10.txt","cerca de Las Ramblas, (un pueblo) [una zona] más poblada","LIL","motivation","learner_response","learner_response","goal_aligned","original","rater_2",0,1
"CYS1_J","./data/processed/exercises/CYS1_J_E07.txt","tomé muchas fotos (por memoria) [de recuerdo]","LIL","motivation","learner_response","learner_response","goal_aligned","original","rater_2",0,1
"CYS1_J","./data/processed/exercises/CYS1_J_E04.txt","(por que) [porque] era mi primera vez viajando","LIL","motivation","learner_response","learner_response","goal_aligned","original","rater_2",0,1
"CYS1_J","./data/processed/exercises/CYS1_J_E03.txt","mi primera vez viajando (sin mi familia o amigo) [a solas]","LIL","motivation","learner_response","learner_response","goal_aligned","original","rater_2",0,1
"NOI1_J","./data/processed/exercises/NOI1_J_E10.txt","(necesitades) [necesidades] / (impossibilidad) [imposibilidad] / (explicé) [expliqué] / (anniversario) [aniversario] / (abilidad) [habilidad]","LIL","motivation","learner_response","learner_response","goal_aligned","original","rater_2",1,0
"RNM1_J","./data/processed/exercises/RNM1_J_E06.txt","(circuló) [círculo]","LIL","motivation","learner_response","learner_response","goal_aligned","original","rater_2",0,1
"EPE1_J","./data/processed/exercises/EPE1_J_E13.txt","corrimos (alrededor de) [por toda] la discoteca / listos (a) [para] bailar / una bebida (con) fuerte / me di (en) cuenta","LIL","motivation","learner_response","learner_response","goal_aligned","original","rater_2",0,1
"EPE1_J","./data/processed/exercises/EPE1_J_E14.txt","qué (loca) [locura]","LIL","motivation","learner_response","learner_response","goal_aligned","original","rater_2",0,1
"EPE1_J","./data/processed/exercises/EPE1_J_E12.txt","(que) [qué] locura","LIL","motivation","learner_response","learner_response","goal_aligned","original","rater_2",0,1
"EPE1_J","./data/processed/exercises/EPE1_J_E01.txt","(eventualmente) [finalmente]","LIL","motivation","learner_response","learner_response","goal_aligned","original","rater_2",0,1
"EPE1_J","./data/processed/exercises/EPE1_J_E09.txt","y (a la) [al] final ya estábamos","LIL","motivation","learner_response","learner_response","goal_aligned","original","rater_2",0,1
"EPE1_J","./data/processed/exercises/EPE1_J_E02.txt","(neccessito) [necesito] / (plané) [planeé] / (copea) [copeo] / (borachos) [borrachos] / (mobil) [móvil]","LIL","motivation","learner_response","learner_response","goal_aligned","original","rater_2",0,1
"EPE1_J","./data/processed/exercises/EPE1_J_E11.txt","(un) [una] noche","LIL","motivation","learner_response","learner_response","goal_aligned","original","rater_2",0,1
"PSJ1_J","./data/processed/exercises/PSJ1_J_E08.txt","y ahora (jugo) [juego] cada semana / (cafetaria) [cafetería]","LIL","motivation","learner_response","learner_response","goal_aligned","original","rater_2",0,1
"PSJ1_J","./data/processed/exercises/PSJ1_J_E02.txt","para (mi) [mí]","LIL","motivation","learner_response","learner_response","goal_aligned","original","rater_2",0,1
"PSJ1_J","./data/processed/exercises/PSJ1_J_E11.txt","cuando (nos) llegamos a casa","LIL","motivation","learner_response","learner_response","goal_aligned","original","rater_2",0,1
"PSJ1_J","./data/processed/exercises/PSJ1_J_E06.txt","(él) quería inspeccionar el baño / después (él) nos invitó","LIL","motivation","learner_response","learner_response","goal_aligned","original","rater_2",0,1
"PSJ1_J","./data/processed/exercises/PSJ1_J_E03.txt","(el) [la] mañana / (un) [una] canción","LIL","motivation","learner_response","learner_response","goal_aligned","original","rater_2",0,1
"PSJ1_J","./data/processed/exercises/PSJ1_J_E07.txt","el propietario visitará (a) mi piso / llegamos (en) [a] casa / me reuní (a) [con] Julia y su compañera de piso / cuáles son tus planes (por) [para] la cena / hicimos un grupo (en) [de] WhatsApp / a quienes les encanta (de) cocinar / el grupo consiste (de) [en] cinco personas","LIL","motivation","learner_response","learner_response","goal_aligned","original","rater_2",0,1
"TSD1_J","./data/processed/exercises/TSD1_J_E11.txt","un acuario muy (largo) [grande]","LIL","motivation","learner_response","learner_response","goal_aligned","original","rater_2",0,1
"TSD1_J","./data/processed/exercises/TSD1_J_E04.txt","(mí) [mi] día / (mas) [más] cosas / (el) [él] preparaba / (tu) [tú] puedes comer","LIL","motivation","learner_response","learner_response","goal_aligned","original","rater_2",0,1
"JTS1_J","./data/processed/exercises/JTS1_J_E01.txt","me dijo que nadie (confirma) [comprueba] el tamaño de las maletas","LIL","motivation","learner_response","learner_response","goal_aligned","original","rater_2",0,1
"JTS1_J","./data/processed/exercises/JTS1_J_E05.txt","y me invitó a (este) [ese] viaje","LIL","motivation","learner_response","learner_response","goal_aligned","original","rater_2",0,1
"JTS1_J","./data/processed/exercises/JTS1_J_E04.txt","en tres (gran) [grandes] coches","LIL","motivation","learner_response","learner_response","goal_aligned","original","rater_2",0,1
"JTS1_J","./data/processed/exercises/JTS1_J_E03.txt","me invitó (en) [a] ese viaje","LIL","motivation","learner_response","learner_response","goal_aligned","original","rater_2",0,1
"JTS1_J","./data/processed/exercises/JTS1_J_E02.txt","decidieron (para) ir en coche","LIL","motivation","learner_response","learner_response","goal_aligned","original","rater_2",0,1
"JTS1_J","./data/processed/exercises/JTS1_J_E07.txt","servicio (de) [al] cliente","LIL","motivation","learner_response","learner_response","goal_aligned","original","rater_2",0,1
"JTS1_J","./data/processed/exercises/JTS1_J_E15.txt","cuando estaba hablando (en) [con] el servicio al cliente / el límite (para) [de] mi billete de tren","LIL","motivation","learner_response","learner_response","goal_aligned","original","rater_2",0,1
"JTS1_J","./data/processed/exercises/JTS1_J_E09.txt","había [otras] doce (otros) personas en la misma situación","LIL","motivation","learner_response","learner_response","goal_aligned","original","rater_2",0,1
"JTS1_J","./data/processed/exercises/JTS1_J_E06.txt","(ingles) [inglés]","LIL","motivation","learner_response","learner_response","goal_aligned","original","rater_2",0,1
"JTS1_J","./data/processed/exercises/JTS1_J_E14.txt","fui antes de (desayunarme) [desayunar]","LIL","motivation","learner_response","learner_response","goal_aligned","original","rater_2",0,1
"JTS1_J","./data/processed/exercises/JTS1_J_E10.txt","(proxima) [próxima] / (dijó) [dijo] / (alli) [allí]","LIL","motivation","learner_response","learner_response","goal_aligned","original","rater_2",0,1
"JTS1_J","./data/processed/exercises/JTS1_J_E08.txt","decidí ir a la estación al (próximo) [siguiente] día","LIL","motivation","learner_response","learner_response","goal_aligned","original","rater_2",0,1
"JTS1_J","./data/processed/exercises/JTS1_J_E11.txt","(pamplona) [Pamplona]","LIL","motivation","learner_response","learner_response","goal_aligned","original","rater_2",0,1
"JTS1_J","./data/processed/exercises/JTS1_J_E13.txt","(una) [un] problema / (la) [el] día / (el) [la] situación / (los) [las] personas","LIL","motivation","learner_response","learner_response","goal_aligned","original","rater_2",0,1
"CPS1_J","./data/processed/exercises/CPS1_J_E06.txt","para (realizar) [darme cuenta de que] estaba en España","LIL","motivation","learner_response","learner_response","goal_aligned","original","rater_2",1,0
"CPS1_J","./data/processed/exercises/CPS1_J_E09.txt","(en) el (Septiembre) [septiembre] pasado","LIL","motivation","learner_response","learner_response","goal_aligned","original","rater_2",1,0
"ILA1_I","./data/processed/exercises/ILA1_I_E13.txt","Una (apoplejía) [conmoción] que me vio crecer desde todos los puntos de vista","LIL","motivation","learner_response","learner_response","relevant_goals","original","rater_2",1,0
"ILA1_I","./data/processed/exercises/ILA1_I_E15.txt","Me defino [como] una persona muy tímida","LIL","motivation","learner_response","learner_response","relevant_goals","original","rater_2",1,0
"RUE1_I","./data/processed/exercises/RUE1_I_E06.txt","una de las [mayores] críticas (mayores)","LIL","motivation","learner_response","learner_response","relevant_goals","original","rater_2",1,0
"RUE1_I","./data/processed/exercises/RUE1_I_E10.txt","a un nivel mucho más alto [del] que puedo hablar","LIL","motivation","learner_response","learner_response","relevant_goals","original","rater_2",1,0
"RUE1_I","./data/processed/exercises/RUE1_I_E12.txt","al finalizar (de) este periodo","LIL","motivation","learner_response","learner_response","relevant_goals","original","rater_2",1,0
"FEM1_I","./data/processed/exercises/FEM1_I_E10.txt","el artículo se enfoca (sobre) [en] la situación / es fundamental (a) [para] / nos falta (de) contexto","LIL","motivation","learner_response","learner_response","relevant_goals","original","rater_2",1,0
"RRN1_I","./data/processed/exercises/RRN1_I_E10.txt","para que (se fueran) [sean] aceptables","LIL","motivation","learner_response","learner_response","relevant_goals","original","rater_2",1,0
"RCO1_I","./data/processed/exercises/RCO1_I_E04.txt","(También, ) [Además, ]","LIL","motivation","learner_response","learner_response","relevant_goals","original","rater_2",1,0
"RCO1_I","./data/processed/exercises/RCO1_I_E14.txt","la incapacidad para (deducir) [reconocer] noticias falsas","LIL","motivation","learner_response","learner_response","relevant_goals","original","rater_2",1,0
"FTR1_I","./data/processed/exercises/FTR1_I_E01.txt","sensibilizar [a] la población","LIL","motivation","learner_response","learner_response","relevant_goals","original","rater_2",1,0
"FCY1_I","./data/processed/exercises/FCY1_I_E01.txt","era (del numérico) [digital] / (utilizador) [usuario]","LIL","motivation","learner_response","learner_response","relevant_goals","original","rater_2",1,0
"FJE1_S","./data/processed/exercises/FJE1_S_E07.txt","No (me recuerde) [recuerdo] mi vida","LIL","motivation","learner_response","learner_response","relevant_goals","original","rater_2",1,0
"GKN1_S","./data/processed/exercises/GKN1_S_E12.txt","como (lider) [líder] de grupo / (certificadó) [certificado] / (aleman) [alemán]","LIL","motivation","learner_response","learner_response","relevant_goals","original","rater_2",0,1
"TCW1_S","./data/processed/exercises/TCW1_S_E04.txt","(de) [desde] 2021 (al) [hasta] ahora","LIL","motivation","learner_response","learner_response","relevant_goals","original","rater_2",1,0
"AKA1_S","./data/processed/exercises/AKA1_S_E09.txt","(mis) [mi] tercer cumpleaños","LIL","motivation","learner_response","learner_response","relevant_goals","original","rater_2",0,1
"AKA1_S","./data/processed/exercises/AKA1_S_E02.txt","mi [decimoctavo] cumpleaños (de dieciocho)","LIL","motivation","learner_response","learner_response","relevant_goals","original","rater_2",0,1
"AKA1_S","./data/processed/exercises/AKA1_S_E13.txt","(fue voluntario) [fui voluntaria]","LIL","motivation","learner_response","learner_response","relevant_goals","original","rater_2",0,1
"GMO1_S","./data/processed/exercises/GMO1_S_E15.txt","puedo recordar (muchas) [mucho] sobre mí mismo","LIL","motivation","learner_response","learner_response","relevant_goals","original","rater_2",1,0
"CGS1_S","./data/processed/exercises/CGS1_S_E07.txt","conocí a (una) otra amiga","LIL","motivation","learner_response","learner_response","relevant_goals","original","rater_2",1,0
"FDS1_S","./data/processed/exercises/FDS1_S_E07.txt","durante (todo) [toda] la escuela secundaria / durante (esta) [este] año / (un) [una] enfermedad muy (raro) [rara]","LIL","motivation","learner_response","learner_response","relevant_goals","original","rater_2",1,0
"CMJ1_S","./data/processed/exercises/CMJ1_S_E06.txt","conocí [a] mi mejor amiga","LIL","motivation","learner_response","learner_response","relevant_goals","original","rater_2",1,0
"CZY1_S","./data/processed/exercises/CZY1_S_E07.txt","estudié chino (antes de nacer) [desde que nací]","LIL","motivation","learner_response","learner_response","relevant_goals","original","rater_2",1,0
"CZY1_S","./data/processed/exercises/CZY1_S_E11.txt","gané (un medal) [una medalla] en 2019","LIL","motivation","learner_response","learner_response","relevant_goals","original","rater_2",1,0
"CZY1_S","./data/processed/exercises/CZY1_S_E08.txt","conocí [a] mis amigos","LIL","motivation","learner_response","learner_response","relevant_goals","original","rater_2",1,0
"EPA1_C","./data/processed/exercises/EPA1_C_E08.txt","[a] la mañana siguiente fui a recoger mi comida","LIL","motivation","learner_response","learner_response","relevant_goals","original","rater_2",1,0
"IDE1_C","./data/processed/exercises/IDE1_C_E06.txt","la gente que vive allí (debe) [deben] mantener el piso en buenas condiciones","LIL","motivation","learner_response","learner_response","relevant_goals","original","rater_2",0,1
"IDE1_C","./data/processed/exercises/IDE1_C_E08.txt","limpiar (detrás de) [lo que ensucian] mis compañeros / mantener el piso en (una buena condición) [buenas condiciones]","LIL","motivation","learner_response","learner_response","relevant_goals","original","rater_2",0,1
"CAJ1_C","./data/processed/exercises/CAJ1_C_E02.txt","(habia) [había] / (jabon) [jabón] / (facil) [fácil]","LIL","motivation","learner_response","learner_response","relevant_goals","original","rater_2",1,0
"CAJ1_C","./data/processed/exercises/CAJ1_C_E14.txt","se (pusieron enfadados) [enfadaron] / les pedí que (tomaran un voto) [votaran]","LIL","motivation","learner_response","learner_response","relevant_goals","original","rater_2",1,0
"CAJ1_C","./data/processed/exercises/CAJ1_C_E05.txt","(unas) [algunas] cosas","LIL","motivation","learner_response","learner_response","relevant_goals","original","rater_2",1,0
"IMM1_C","./data/processed/exercises/IMM1_C_E04.txt","les pregunté lo que estaba pasando y (porque) [por qué] estaban tan enfadadas","LIL","motivation","learner_response","learner_response","relevant_goals","original","rater_2",1,0
"IMM1_C","./data/processed/exercises/IMM1_C_E09.txt","y que, (para mí) [en mi opinión], usted tenía que saber","LIL","motivation","learner_response","learner_response","relevant_goals","original","rater_2",1,0
"RMD1_C","./data/processed/exercises/RMD1_C_E10.txt","por (respecto) [respeto] a su dignidad","LIL","motivation","learner_response","learner_response","relevant_goals","original","rater_2",1,0
"RMD1_C","./data/processed/exercises/RMD1_C_E08.txt","(unos) [algunos] de nosotros","LIL","motivation","learner_response","learner_response","relevant_goals","original","rater_2",1,0
"ABA1_C","./data/processed/exercises/ABA1_C_E07.txt","(tenia) [tenía] / (el) [él] debía / (esta) [está]","LIL","motivation","learner_response","learner_response","relevant_goals","original","rater_2",1,0
"LSR1_C","./data/processed/exercises/LSR1_C_E06.txt","ninguna de esas cosas (estaban) [estaba] presente","LIL","motivation","learner_response","learner_response","relevant_goals","original","rater_2",0,1
"BNS1_C","./data/processed/exercises/BNS1_C_E12.txt","una por la mañana y (una) [otra] por la noche","LIL","motivation","learner_response","learner_response","relevant_goals","original","rater_2",1,0
"BNS1_C","./data/processed/exercises/BNS1_C_E08.txt","vengarse de mis (reclamaciones) [quejas]","LIL","motivation","learner_response","learner_response","relevant_goals","original","rater_2",1,0
"BNS1_C","./data/processed/exercises/BNS1_C_E14.txt","(voy a tener mi dinero de vuelta) [me van a devolver mi dinero]","LIL","motivation","learner_response","learner_response","relevant_goals","original","rater_2",1,0
"BNS1_C","./data/processed/exercises/BNS1_C_E07.txt","en (lo) [el] peor caso, ¿puedo cambiar de compañera?","LIL","motivation","learner_response","learner_response","relevant_goals","original","rater_2",1,0
"BNS1_C","./data/processed/exercises/BNS1_C_E02.txt","de que (hacen parejas de) [emparejan a] compañeras de piso","LIL","motivation","learner_response","learner_response","relevant_goals","original","rater_2",1,0
"CTV1_C","./data/processed/exercises/CTV1_C_E13.txt","(tristemente) [lamentablemente], en menos de una semana","LIL","motivation","learner_response","learner_response","relevant_goals","original","rater_2",1,0
"CTV1_C","./data/processed/exercises/CTV1_C_E10.txt","(en todas partes de) [por toda] la cafetería","LIL","motivation","learner_response","learner_response","relevant_goals","original","rater_2",1,0
"RWA1_D","./data/processed/exercises/RWA1_D_E06.txt","intenté (a) averiguar","LIL","motivation","learner_response","learner_response","relevant_goals","original","rater_2",1,0
"RSA1_D","./data/processed/exercises/RSA1_D_E11.txt","aunque (yo) sé que es parte del proceso de aprendizaje","LIL","motivation","learner_response","learner_response","relevant_goals","original","rater_2",1,0
"RSA1_D","./data/processed/exercises/RSA1_D_E07.txt","incompetentes (y) [e] inútiles","LIL","motivation","learner_response","learner_response","relevant_goals","original","rater_2",1,0
"RBC1_D","./data/processed/exercises/RBC1_D_E14.txt","diría que en este momento (normalmente) [en general] puedo entender","LIL","motivation","learner_response","learner_response","relevant_goals","original","rater_2",1,0
"RBC1_D","./data/processed/exercises/RBC1_D_E10.txt","el logotipo del banco, el diseño y hasta la dirección del remitente (parecía) [parecían] auténticos","LIL","motivation","learner_response","learner_response","relevant_goals","original","rater_2",1,0
"RBC1_D","./data/processed/exercises/RBC1_D_E01.txt","el (monto total) [importe íntegro] pagado","LIL","motivation","learner_response","learner_response","relevant_goals","original","rater_2",1,0
"RBD1_D","./data/processed/exercises/RBD1_D_E08.txt","hay elementos (extras) [extra] como un narrador","LIL","motivation","learner_response","learner_response","relevant_goals","original","rater_2",1,0
"RKD1_D","./data/processed/exercises/RKD1_D_E10.txt","curso (los estudios en) [el grado en lingüística de] la Universidad Estatal de Moscú (obteniendo el grado en lingüística)","LIL","motivation","learner_response","learner_response","relevant_goals","original","rater_2",1,0
"RKD1_D","./data/processed/exercises/RKD1_D_E08.txt","obtener una nueva visión (al) [del] proceso de aprendizaje","LIL","motivation","learner_response","learner_response","relevant_goals","original","rater_2",1,0
"RKD1_D","./data/processed/exercises/RKD1_D_E11.txt","(asignar) [señalar] puntos débiles","LIL","motivation","learner_response","learner_response","relevant_goals","original","rater_2",1,0
"RKD1_D","./data/processed/exercises/RKD1_D_E12.txt","fingiendo ser (mí) [yo]","LIL","motivation","learner_response","learner_response","relevant_goals","original","rater_2",1,0
"RKD1_D","./data/processed/exercises/RKD1_D_E06.txt","(y) [e] imagínense","LIL","motivation","learner_response","learner_response","relevant_goals","original","rater_2",1,0
"RBE1_D","./data/processed/exercises/RBE1_D_E15.txt","una estafa que (ocurrió conmigo) [me ocurrió]","LIL","motivation","learner_response","learner_response","relevant_goals","original","rater_2",1,0
"RBE1_D","./data/processed/exercises/RBE1_D_E13.txt","la autenticidad (del recurso) [de la página web]","LIL","motivation","learner_response","learner_response","relevant_goals","original","rater_2",1,0
"RBE1_D","./data/processed/exercises/RBE1_D_E01.txt","verifiqué la (originalidad) [autenticidad] de la página web","LIL","motivation","learner_response","learner_response","relevant_goals","original","rater_2",1,0
"RBE1_D","./data/processed/exercises/RBE1_D_E06.txt","(verifié) [verifiqué]","LIL","motivation","learner_response","learner_response","relevant_goals","original","rater_2",1,0
"FTE1_D","./data/processed/exercises/FTE1_D_E05.txt","(ademas) [además] / (inglès) [inglés]","LIL","motivation","learner_response","learner_response","relevant_goals","original","rater_2",1,0
"RME1_D","./data/processed/exercises/RME1_D_E13.txt","para que sus clientes puedan continuar (a apoyar) [apoyando] su marca","LIL","motivation","learner_response","learner_response","relevant_goals","original","rater_2",1,0
"RME1_D","./data/processed/exercises/RME1_D_E01.txt","hacer clic en el enlace que me (trajera) [llevara] a otra plataforma","LIL","motivation","learner_response","learner_response","relevant_goals","original","rater_2",1,0
"RME1_D","./data/processed/exercises/RME1_D_E15.txt","de un timo (online) [en línea]","LIL","motivation","learner_response","learner_response","relevant_goals","original","rater_2",1,0
"RWF1_D","./data/processed/exercises/RWF1_D_E08.txt","a menudo, los ancianos (están) [son] más vulnerables","LIL","motivation","learner_response","learner_response","relevant_goals","original","rater_2",1,0
"RWF1_D","./data/processed/exercises/RWF1_D_E10.txt","me creé una (pagina) [página] nueva / (victimas) [víctimas] / (mas) [más]","LIL","motivation","learner_response","learner_response","relevant_goals","original","rater_2",1,0
"CDG1_D","./data/processed/exercises/CDG1_D_E09.txt","depende mucho de la situación en la que soy (evaluado) [evaluada] / mudarse con (nosotros) [nosotras], mi hermana y yo","LIL","motivation","learner_response","learner_response","relevant_goals","original","rater_2",1,0
"CDG1_D","./data/processed/exercises/CDG1_D_E11.txt","depende mucho de la situación en la que (estoy) [soy] evaluada","LIL","motivation","learner_response","learner_response","relevant_goals","original","rater_2",1,0
"RPG1_D","./data/processed/exercises/RPG1_D_E08.txt","a partir de (este) [ese] momento, todo salió mal","LIL","motivation","learner_response","learner_response","relevant_goals","original","rater_2",1,0
"RKG1_D","./data/processed/exercises/RKG1_D_E15.txt","un nivel de español que me (deje) [permita] tener conversaciones con hablantes nativos","LIL","motivation","learner_response","learner_response","relevant_goals","original","rater_2",0,1
"RKG1_D","./data/processed/exercises/RKG1_D_E10.txt","(unas) [unos] detalles","LIL","motivation","learner_response","learner_response","relevant_goals","original","rater_2",0,1
"ABJ1_D","./data/processed/exercises/ABJ1_D_E02.txt","(aerobics) [aeróbic]","LIL","motivation","learner_response","learner_response","relevant_goals","original","rater_2",1,0
"CPJ1_D","./data/processed/exercises/CPJ1_D_E06.txt","a través de varios exámenes y (quiz) [pruebas]","LIL","motivation","learner_response","learner_response","relevant_goals","original","rater_2",1,0
"CPJ1_D","./data/processed/exercises/CPJ1_D_E09.txt","(del) [desde el] número de vuelo (a) [hasta] mi número de DNI","LIL","motivation","learner_response","learner_response","relevant_goals","original","rater_2",1,0
"RHJ1_D","./data/processed/exercises/RHJ1_D_E01.txt","se atreve [a] mentirme sobre la calidad / tardaba más de una hora (para) [en] completar","LIL","motivation","learner_response","learner_response","relevant_goals","original","rater_2",1,0
"BGL1_D","./data/processed/exercises/BGL1_D_E09.txt","la cuenta del (transmisor) [remitente] para después","LIL","motivation","learner_response","learner_response","relevant_goals","original","rater_2",1,0
"RCF1_D","./data/processed/exercises/RCF1_D_E04.txt","nosotros (somos) [estamos] seguros de que","LIL","motivation","learner_response","learner_response","relevant_goals","original","rater_2",1,0
"ASM1_D","./data/processed/exercises/ASM1_D_E02.txt","con (respeto) [respecto] a","LIL","motivation","learner_response","learner_response","relevant_goals","original","rater_2",0,1
"RHO1_D","./data/processed/exercises/RHO1_D_E11.txt","(yo) tuviera la peor experiencia de mi vida","LIL","motivation","learner_response","learner_response","relevant_goals","original","rater_2",1,0
"RHO1_D","./data/processed/exercises/RHO1_D_E07.txt","es (abominable) [inaceptable] que","LIL","motivation","learner_response","learner_response","relevant_goals","original","rater_2",1,0
"RHO1_D","./data/processed/exercises/RHO1_D_E02.txt","recibir comentarios condescendientes y muy poco comprensivos (de) [por parte de] su centro de atención telefónica","LIL","motivation","learner_response","learner_response","relevant_goals","original","rater_2",1,0
"RHO1_D","./data/processed/exercises/RHO1_D_E10.txt","podía acceder [a] mis datos personales","LIL","motivation","learner_response","learner_response","relevant_goals","original","rater_2",1,0
"RHO1_D","./data/processed/exercises/RHO1_D_E15.txt","es importante llamar su atención (a) [sobre] la necesidad de proteger a sus clientes / me alertó [de] que alguien","LIL","motivation","learner_response","learner_response","relevant_goals","original","rater_2",1,0
"CCQ1_D","./data/processed/exercises/CCQ1_D_E12.txt","exijo una compensación correctiva (y) [e] inmediata","LIL","motivation","learner_response","learner_response","relevant_goals","original","rater_2",1,0
"CCQ1_D","./data/processed/exercises/CCQ1_D_E07.txt","que la habitación (fuera) [estuviera] tan desordenada y sucia","LIL","motivation","learner_response","learner_response","relevant_goals","original","rater_2",1,0
"AWA1_D","./data/processed/exercises/AWA1_D_E12.txt","uno de (estes) [estos] mensajes","LIL","motivation","learner_response","learner_response","relevant_goals","original","rater_2",1,0
"AWA1_D","./data/processed/exercises/AWA1_D_E01.txt","(se) falta la mitad del inventario","LIL","motivation","learner_response","learner_response","relevant_goals","original","rater_2",1,0
"CAY1_J","./data/processed/exercises/CAY1_J_E10.txt","me encantó (tanto mucho) este encuentro","LIL","motivation","learner_response","learner_response","relevant_goals","original","rater_2",1,0
"EBM1_J","./data/processed/exercises/EBM1_J_E07.txt","una [buena] idea (buena) / mi (primero) [primer] choque cultural","LIL","motivation","learner_response","learner_response","relevant_goals","original","rater_2",1,0
"KCP1_J","./data/processed/exercises/KCP1_J_E02.txt","y yo [no] entiendo nada","LIL","motivation","learner_response","learner_response","relevant_goals","original","rater_2",1,0
"FLJ1_J","./data/processed/exercises/FLJ1_J_E06.txt","(era) [estaba] triste por haber dejado","LIL","motivation","learner_response","learner_response","relevant_goals","original","rater_2",1,0
"FJA1_J","./data/processed/exercises/FJA1_J_E11.txt","(me lo recuerda) [lo recuerdo] como si fuera ayer","LIL","motivation","learner_response","learner_response","relevant_goals","original","rater_2",1,0
"FJA1_J","./data/processed/exercises/FJA1_J_E09.txt","vi a Cigri, mi gato y, en (este) [ese] momento","LIL","motivation","learner_response","learner_response","relevant_goals","original","rater_2",1,0
"NOI1_J","./data/processed/exercises/NOI1_J_E02.txt","en mi tiempo (privado) [libre]","LIL","motivation","learner_response","learner_response","relevant_goals","original","rater_2",1,0
"NOI1_J","./data/processed/exercises/NOI1_J_E13.txt","antes [de] el día","LIL","motivation","learner_response","learner_response","relevant_goals","original","rater_2",1,0
"RNM1_J","./data/processed/exercises/RNM1_J_E13.txt","luces [de] neón","LIL","motivation","learner_response","learner_response","relevant_goals","original","rater_2",1,0
"RNM1_J","./data/processed/exercises/RNM1_J_E08.txt","estaba (confusa) [confundida] por","LIL","motivation","learner_response","learner_response","relevant_goals","original","rater_2",1,0
"RNM1_J","./data/processed/exercises/RNM1_J_E07.txt","(empiezó) [empezó] / (acceptadó) [aceptado] / (instantamente) [instantáneamente] / (amido) [amado]","LIL","motivation","learner_response","learner_response","relevant_goals","original","rater_2",1,0
"RNM1_J","./data/processed/exercises/RNM1_J_E11.txt","(yo) probé comida española / (yo) sé que (yo) tenía sentimientos encontrados","LIL","motivation","learner_response","learner_response","relevant_goals","original","rater_2",1,0
"RNM1_J","./data/processed/exercises/RNM1_J_E09.txt","(asíatica) [asiática] / (recomendacion) [recomendación] / (dijó) [dijo] / (alémanes) [alemanes] / (decímos) [decimos] / (ví) [vi]","LIL","motivation","learner_response","learner_response","relevant_goals","original","rater_2",1,0
"EPE1_J","./data/processed/exercises/EPE1_J_E05.txt","(tocé) [toqué]","LIL","motivation","learner_response","learner_response","relevant_goals","original","rater_2",1,0
"PSJ1_J","./data/processed/exercises/PSJ1_J_E05.txt","y (volvía oscuro) [oscurecía] en el parque","LIL","motivation","learner_response","learner_response","relevant_goals","original","rater_2",1,0
"TSD1_J","./data/processed/exercises/TSD1_J_E11.txt","un acuario muy (largo) [grande]","LIL","motivation","learner_response","learner_response","relevant_goals","original","rater_2",1,0
"TSD1_J","./data/processed/exercises/TSD1_J_E03.txt","mi universidad (en) [de] los Países Bajos / [en] este momento me di cuenta","LIL","motivation","learner_response","learner_response","relevant_goals","original","rater_2",1,0
"TSD1_J","./data/processed/exercises/TSD1_J_E04.txt","(mí) [mi] día / (mas) [más] cosas / (el) [él] preparaba / (tu) [tú] puedes comer","LIL","motivation","learner_response","learner_response","relevant_goals","original","rater_2",1,0
"JTS1_J","./data/processed/exercises/JTS1_J_E07.txt","servicio (de) [al] cliente","LIL","motivation","learner_response","learner_response","relevant_goals","original","rater_2",1,0
"JTS1_J","./data/processed/exercises/JTS1_J_E13.txt","(una) [un] problema / (la) [el] día / (el) [la] situación / (los) [las] personas","LIL","motivation","learner_response","learner_response","relevant_goals","original","rater_2",1,0
"RUE1_I","./data/processed/exercises/RUE1_I_E06.txt","una de las [mayores] críticas (mayores)","LIL","motivation","learner_response","learner_response","interesting_content","original","rater_2",1,0
"RUE1_I","./data/processed/exercises/RUE1_I_E12.txt","al finalizar (de) este periodo","LIL","motivation","learner_response","learner_response","interesting_content","original","rater_2",1,0
"RGH1_I","./data/processed/exercises/RGH1_I_E06.txt","nos permite (a) evaluar","LIL","motivation","learner_response","learner_response","interesting_content","original","rater_2",0,1
"FMH1_I","./data/processed/exercises/FMH1_I_E12.txt","un equipo (dirigida) [dirigido]","LIL","motivation","learner_response","learner_response","interesting_content","original","rater_2",1,0
"FMH1_I","./data/processed/exercises/FMH1_I_E14.txt","enfermedades (neurologías) [neurológicas]","LIL","motivation","learner_response","learner_response","interesting_content","original","rater_2",0,1
"FMH1_I","./data/processed/exercises/FMH1_I_E15.txt","(apareció) [se reveló]","LIL","motivation","learner_response","learner_response","interesting_content","original","rater_2",0,1
"RBI1_I","./data/processed/exercises/RBI1_I_E12.txt","(encontraran) [encontrarán]","LIL","motivation","learner_response","learner_response","interesting_content","original","rater_2",1,0
"RBI1_I","./data/processed/exercises/RBI1_I_E13.txt","(el) [él]","LIL","motivation","learner_response","learner_response","interesting_content","original","rater_2",1,0
"RHK1_I","./data/processed/exercises/RHK1_I_E02.txt","(poste) [publicación]","LIL","motivation","learner_response","learner_response","interesting_content","original","rater_2",1,0
"RHK1_I","./data/processed/exercises/RHK1_I_E13.txt","(soportar) [apoyar]","LIL","motivation","learner_response","learner_response","interesting_content","original","rater_2",1,0
"IMA1_I","./data/processed/exercises/IMA1_I_E15.txt","¿Cuándo (deberíamos esperar tu llegada para) llegarás a la reunión?","LIL","motivation","learner_response","learner_response","interesting_content","original","rater_2",1,0
"FEM1_I","./data/processed/exercises/FEM1_I_E11.txt","(màs en màs) [cada vez más] considerada","LIL","motivation","learner_response","learner_response","interesting_content","original","rater_2",1,0
"FKN1_I","./data/processed/exercises/FKN1_I_E12.txt","es importante que las organizaciones de voluntariado (deben trabajar) [trabajen]","LIL","motivation","learner_response","learner_response","interesting_content","original","rater_2",0,1
"FLR1_I","./data/processed/exercises/FLR1_I_E11.txt","la capacidad (a) [de] actuar","LIL","motivation","learner_response","learner_response","interesting_content","original","rater_2",1,0
"FTR1_I","./data/processed/exercises/FTR1_I_E04.txt","(exprimir) [explicar]","LIL","motivation","learner_response","learner_response","interesting_content","original","rater_2",1,0
"FTR1_I","./data/processed/exercises/FTR1_I_E06.txt","(si) [sí] / (vinculo) [vínculo] / (como) [cómo] los personajes / (critica) [crítica]","LIL","motivation","learner_response","learner_response","interesting_content","original","rater_2",1,0
"FTR1_I","./data/processed/exercises/FTR1_I_E14.txt","así [que] es","LIL","motivation","learner_response","learner_response","interesting_content","original","rater_2",1,0
"FCY1_I","./data/processed/exercises/FCY1_I_E12.txt","Pellicer (desarrolla en) [argumenta] que la inteligencia artificial sería buena","LIL","motivation","learner_response","learner_response","interesting_content","original","rater_2",0,1
"FGC2_S","./data/processed/exercises/FGC2_S_E02.txt","Empecé a jugar al fútbol en 2007, en un equipo local, fue muy (rápido) [pronto]","LIL","motivation","learner_response","learner_response","interesting_content","original","rater_2",1,0
"FGC2_S","./data/processed/exercises/FGC2_S_E15.txt","En 2021 (completé) [terminé] la escuela","LIL","motivation","learner_response","learner_response","interesting_content","original","rater_2",1,0
"FJE1_S","./data/processed/exercises/FJE1_S_E15.txt","(adoptó) [adopté a] un perro que se llama Sparrow","LIL","motivation","learner_response","learner_response","interesting_content","original","rater_2",1,0
"GKN1_S","./data/processed/exercises/GKN1_S_E10.txt","nació en Salónica (en) [el] cuatro de (Octubre) [octubre] (en) [de] 2002","LIL","motivation","learner_response","learner_response","interesting_content","original","rater_2",0,1
"GKN1_S","./data/processed/exercises/GKN1_S_E07.txt","el (quatro) [cuatro] de octubre / y empezó (Qumíqa) [Química]","LIL","motivation","learner_response","learner_response","interesting_content","original","rater_2",0,1
"GKN1_S","./data/processed/exercises/GKN1_S_E09.txt","viajó sola por primera vez (en) [a] Italia","LIL","motivation","learner_response","learner_response","interesting_content","original","rater_2",1,0
"PBJ1_S","./data/processed/exercises/PBJ1_S_E09.txt","pero (mudamos atrás) [volvimos]","LIL","motivation","learner_response","learner_response","interesting_content","original","rater_2",1,0
"TCW1_S","./data/processed/exercises/TCW1_S_E15.txt","espero volverme (la) [una] persona","LIL","motivation","learner_response","learner_response","interesting_content","original","rater_2",1,0
"TCW1_S","./data/processed/exercises/TCW1_S_E13.txt","espero volverme (una gente útil) [una persona útil]","LIL","motivation","learner_response","learner_response","interesting_content","original","rater_2",1,0
"PNA1_S","./data/processed/exercises/PNA1_S_E10.txt","Nací en enero (en) [de] 2004","LIL","motivation","learner_response","learner_response","interesting_content","original","rater_2",1,0
"PNA1_S","./data/processed/exercises/PNA1_S_E09.txt","descubrí que (el) Papá Noel no existe","LIL","motivation","learner_response","learner_response","interesting_content","original","rater_2",1,0
"AKA1_S","./data/processed/exercises/AKA1_S_E05.txt","en (una) [un] hospital / la escuela (secundario) [secundaria]","LIL","motivation","learner_response","learner_response","interesting_content","original","rater_2",0,1
"AKA1_S","./data/processed/exercises/AKA1_S_E08.txt","mi (tercero) [tercer] cumpleaños","LIL","motivation","learner_response","learner_response","interesting_content","original","rater_2",1,0
"AHJ1_S","./data/processed/exercises/AHJ1_S_E12.txt","(obtuve) [hice] una amiga","LIL","motivation","learner_response","learner_response","interesting_content","original","rater_2",1,0
"GMO1_S","./data/processed/exercises/GMO1_S_E01.txt","sobre (mi) [mí] mismo / porque (el) (él) iba","LIL","motivation","learner_response","learner_response","interesting_content","original","rater_2",1,0
"CGS1_S","./data/processed/exercises/CGS1_S_E04.txt","(tambien) [también] / (proximos) [próximos]","LIL","motivation","learner_response","learner_response","interesting_content","original","rater_2",1,0
"CGS1_S","./data/processed/exercises/CGS1_S_E05.txt","(escuala) [escuela] / (secondaria) [secundaria] / (felizidad) [felicidad] / (differentes) [diferentes] / mi (compleaños) [cumpleaños]","LIL","motivation","learner_response","learner_response","interesting_content","original","rater_2",1,0
"CGS1_S","./data/processed/exercises/CGS1_S_E15.txt","estoy (en) [de] intercambio","LIL","motivation","learner_response","learner_response","interesting_content","original","rater_2",0,1
"CMJ1_S","./data/processed/exercises/CMJ1_S_E14.txt","allí (comí) [probé] comida deliciosa","LIL","motivation","learner_response","learner_response","interesting_content","original","rater_2",1,0
"CZY1_S","./data/processed/exercises/CZY1_S_E14.txt","(emprezé) [empecé]","LIL","motivation","learner_response","learner_response","interesting_content","original","rater_2",1,0
"EPA1_C","./data/processed/exercises/EPA1_C_E13.txt","si seguía haciendo eso la iban a (cambiar de) [echar del] piso","LIL","motivation","learner_response","learner_response","interesting_content","original","rater_2",1,0
"ERA1_C","./data/processed/exercises/ERA1_C_E02.txt","(scolares) [académicos] / (essential) [esencial]","LIL","motivation","learner_response","learner_response","interesting_content","original","rater_2",1,0
"BSC1_C","./data/processed/exercises/BSC1_C_E09.txt","en la (gráfica) [imprenta] del barrio","LIL","motivation","learner_response","learner_response","interesting_content","original","rater_2",1,0
"IDE1_C","./data/processed/exercises/IDE1_C_E14.txt","con otras tres (niños) [personas]","LIL","motivation","learner_response","learner_response","interesting_content","original","rater_2",0,1
"IDE1_C","./data/processed/exercises/IDE1_C_E06.txt","la gente que vive allí (debe) [deben] mantener el piso en buenas condiciones","LIL","motivation","learner_response","learner_response","interesting_content","original","rater_2",0,1
"IMM1_C","./data/processed/exercises/IMM1_C_E08.txt","y afortunadamente (yo) he conseguido / por qué (ellas) estaban tan enfadadas","LIL","motivation","learner_response","learner_response","interesting_content","original","rater_2",1,0
"IMM1_C","./data/processed/exercises/IMM1_C_E10.txt","por qué estaban tan enfadadas (la una con la otra)","LIL","motivation","learner_response","learner_response","interesting_content","original","rater_2",1,0
"ABA1_C","./data/processed/exercises/ABA1_C_E13.txt","un proyecto en grupo que valía [el] 55% de la nota final","LIL","motivation","learner_response","learner_response","interesting_content","original","rater_2",1,0
"ABA1_C","./data/processed/exercises/ABA1_C_E05.txt","(occurió) [ocurrió] / (fonciona) [funciona] / (residence) [residencia]","LIL","motivation","learner_response","learner_response","interesting_content","original","rater_2",1,0
"LSR1_C","./data/processed/exercises/LSR1_C_E08.txt","(acquí) [aquí]","LIL","motivation","learner_response","learner_response","interesting_content","original","rater_2",0,1
"BNS1_C","./data/processed/exercises/BNS1_C_E03.txt","(ella) viene de un país cálido / (ella) tiene la costumbre de ducharse / (ella) tuvo una discusión","LIL","motivation","learner_response","learner_response","interesting_content","original","rater_2",1,0
"BNS1_C","./data/processed/exercises/BNS1_C_E09.txt","en (esta manera) [este sentido] no somos iguales","LIL","motivation","learner_response","learner_response","interesting_content","original","rater_2",1,0
"RWA1_D","./data/processed/exercises/RWA1_D_E10.txt","ni siquiera tuvo la decencia de explicarme (porque) [por qué] había sucedido","LIL","motivation","learner_response","learner_response","interesting_content","original","rater_2",1,0
"RWA1_D","./data/processed/exercises/RWA1_D_E03.txt","cuando (intente) [intenté] / me (trato) [trató] / (empeoro) [empeoró] / me (toco) [tocó] / (si) [sí] / (remplazaran) [remplazarán]","LIL","motivation","learner_response","learner_response","interesting_content","original","rater_2",1,0
"RSA1_D","./data/processed/exercises/RSA1_D_E13.txt","cerca (a) [de] Escocia","LIL","motivation","learner_response","learner_response","interesting_content","original","rater_2",1,0
"RBC1_D","./data/processed/exercises/RBC1_D_E02.txt","la autenticación (en dos factores) [de doble factor]","LIL","motivation","learner_response","learner_response","interesting_content","original","rater_2",0,1
"RBD1_D","./data/processed/exercises/RBD1_D_E07.txt","después de (intercambiando) [intercambiarnos] mensajes","LIL","motivation","learner_response","learner_response","interesting_content","original","rater_2",1,0
"RBD1_D","./data/processed/exercises/RBD1_D_E04.txt","(edicion) [edición] / (tomense) [tómense]","LIL","motivation","learner_response","learner_response","interesting_content","original","rater_2",1,0
"RKD1_D","./data/processed/exercises/RKD1_D_E12.txt","fingiendo ser (mí) [yo]","LIL","motivation","learner_response","learner_response","interesting_content","original","rater_2",0,1
"RKD1_D","./data/processed/exercises/RKD1_D_E01.txt","(mi) [mí]","LIL","motivation","learner_response","learner_response","interesting_content","original","rater_2",0,1
"RKD1_D","./data/processed/exercises/RKD1_D_E06.txt","(y) [e] imagínense","LIL","motivation","learner_response","learner_response","interesting_content","original","rater_2",0,1
"RBE1_D","./data/processed/exercises/RBE1_D_E04.txt","precauciones (sobre) [ante] estafas","LIL","motivation","learner_response","learner_response","interesting_content","original","rater_2",1,0
"RBE1_D","./data/processed/exercises/RBE1_D_E05.txt","les hace (olvidar) [olvidarse] de tomar precauciones","LIL","motivation","learner_response","learner_response","interesting_content","original","rater_2",1,0
"RBE1_D","./data/processed/exercises/RBE1_D_E03.txt","con (respeto) [respecto] a","LIL","motivation","learner_response","learner_response","interesting_content","original","rater_2",1,0
"FTE1_D","./data/processed/exercises/FTE1_D_E07.txt","acalarar [lo] que no he comprendido","LIL","motivation","learner_response","learner_response","interesting_content","original","rater_2",1,0
"FTE1_D","./data/processed/exercises/FTE1_D_E03.txt","su servicio al cliente, (quien ayudó a nadie) [que no ayudó a nadie]","LIL","motivation","learner_response","learner_response","interesting_content","original","rater_2",1,0
"BGE1_D","./data/processed/exercises/BGE1_D_E13.txt","hay (""peer"" evaluación) [revisión por pares]","LIL","motivation","learner_response","learner_response","interesting_content","original","rater_2",1,0
"RME1_D","./data/processed/exercises/RME1_D_E14.txt","mi ropa (apareció) [me fue entregada] rápidamente","LIL","motivation","learner_response","learner_response","interesting_content","original","rater_2",1,0
"RME1_D","./data/processed/exercises/RME1_D_E12.txt","le escribo (porqué) [porque]","LIL","motivation","learner_response","learner_response","interesting_content","original","rater_2",1,0
"RWF1_D","./data/processed/exercises/RWF1_D_E04.txt","tiene la obligación de protegerlos contra (bulos como este) [estafas como esta]","LIL","motivation","learner_response","learner_response","interesting_content","original","rater_2",1,0
"CDG1_D","./data/processed/exercises/CDG1_D_E07.txt","me ayuda mucho a buscar (informaciones) [información]","LIL","motivation","learner_response","learner_response","interesting_content","original","rater_2",1,0
"ROG1_D","./data/processed/exercises/ROG1_D_E13.txt","para el español ya hay (muchos lugares de confianza a los) [muchas fuentes fiables a las] que acudir","LIL","motivation","learner_response","learner_response","interesting_content","original","rater_2",1,0
"RPG1_D","./data/processed/exercises/RPG1_D_E09.txt","al entrar [en] el piso","LIL","motivation","learner_response","learner_response","interesting_content","original","rater_2",1,0
"ABJ1_D","./data/processed/exercises/ABJ1_D_E06.txt","en cuanto (en) [a] sus conocimientos lingüísticos","LIL","motivation","learner_response","learner_response","interesting_content","original","rater_2",1,0
"CPJ1_D","./data/processed/exercises/CPJ1_D_E03.txt","he obtenido el (DELE B2) certificado [DELE de nivel B2]","LIL","motivation","learner_response","learner_response","interesting_content","original","rater_2",0,1
"CPJ1_D","./data/processed/exercises/CPJ1_D_E06.txt","a través de varios exámenes y (quiz) [pruebas]","LIL","motivation","learner_response","learner_response","interesting_content","original","rater_2",1,0
"RHJ1_D","./data/processed/exercises/RHJ1_D_E15.txt","porque he (llevado) [pasado] el verano entero","LIL","motivation","learner_response","learner_response","interesting_content","original","rater_2",1,0
"RHJ1_D","./data/processed/exercises/RHJ1_D_E12.txt","trabajar (virtualmente) [en remoto]","LIL","motivation","learner_response","learner_response","interesting_content","original","rater_2",1,0
"BGL1_D","./data/processed/exercises/BGL1_D_E13.txt","decidió (darle) [enviarle] el dinero","LIL","motivation","learner_response","learner_response","interesting_content","original","rater_2",1,0
"RDL1_D","./data/processed/exercises/RDL1_D_E14.txt","(ademas) [además]","LIL","motivation","learner_response","learner_response","interesting_content","original","rater_2",0,1
"ASM1_D","./data/processed/exercises/ASM1_D_E11.txt","el portátil [se] apagó","LIL","motivation","learner_response","learner_response","interesting_content","original","rater_2",0,1
"RHO1_D","./data/processed/exercises/RHO1_D_E02.txt","recibir comentarios condescendientes y muy poco comprensivos (de) [por parte de] su centro de atención telefónica","LIL","motivation","learner_response","learner_response","interesting_content","original","rater_2",1,0
"RHO1_D","./data/processed/exercises/RHO1_D_E03.txt","una compra (de) [en] la plataforma digital","LIL","motivation","learner_response","learner_response","interesting_content","original","rater_2",1,0
"AWA1_D","./data/processed/exercises/AWA1_D_E08.txt","no tuvo (tan) [tanta] suerte","LIL","motivation","learner_response","learner_response","interesting_content","original","rater_2",1,0
"RRS1_D","./data/processed/exercises/RRS1_D_E08.txt","considero inaceptable que personas (inescrupulosas) [sin escrúpulos]","LIL","motivation","learner_response","learner_response","interesting_content","original","rater_2",1,0
"CAY1_J","./data/processed/exercises/CAY1_J_E07.txt","llegué (en) [a] la ciudad para mi intercambio / y llegamos (en) [a] mi residencia estudiantil / me di cuenta del hecho [de] que somos / la misma región (en) [de] Costa de Marfil / empecé (de) [a] hablar con mi novio","LIL","motivation","learner_response","learner_response","interesting_content","original","rater_2",1,0
"KCP1_J","./data/processed/exercises/KCP1_J_E10.txt","(el) [la] Pascua / (el) [la] fiesta / (cortos) [cortas] frases / (la) [el] acento / (el) [la] estatua / (los) [las] canciones","LIL","motivation","learner_response","learner_response","interesting_content","original","rater_2",1,0
"KCP1_J","./data/processed/exercises/KCP1_J_E02.txt","y yo [no] entiendo nada","LIL","motivation","learner_response","learner_response","interesting_content","original","rater_2",1,0
"FLJ1_J","./data/processed/exercises/FLJ1_J_E13.txt","una (grande) [gran] amistad / fue un muy (bueno) [buen] viaje","LIL","motivation","learner_response","learner_response","interesting_content","original","rater_2",1,0
"CYS1_J","./data/processed/exercises/CYS1_J_E05.txt","por la tarde, decidí (a) comer / continué (a) buscando","LIL","motivation","learner_response","learner_response","interesting_content","original","rater_2",1,0
"CYS1_J","./data/processed/exercises/CYS1_J_E06.txt","(despues) [después] / (avion) [avión] / (cafe) [café] / (turistico) [turístico] / (memoría) [memoria] / (tambien) [también] / (telefono) [teléfono]","LIL","motivation","learner_response","learner_response","interesting_content","original","rater_2",1,0
"NOI1_J","./data/processed/exercises/NOI1_J_E07.txt","(eso) [ese] pensamiento","LIL","motivation","learner_response","learner_response","interesting_content","original","rater_2",1,0
"RNM1_J","./data/processed/exercises/RNM1_J_E10.txt","un pastel de (pesco) [pescado]","LIL","motivation","learner_response","learner_response","interesting_content","original","rater_2",1,0
"TSD1_J","./data/processed/exercises/TSD1_J_E01.txt","(fuimos al dentro) [entramos]","LIL","motivation","learner_response","learner_response","interesting_content","original","rater_2",1,0
"TSD1_J","./data/processed/exercises/TSD1_J_E07.txt","(qué) [cuál] es tu pintxo favorito","LIL","motivation","learner_response","learner_response","interesting_content","original","rater_2",0,1
"TSD1_J","./data/processed/exercises/TSD1_J_E14.txt","(mucha) [mucho] tiempo / (un) [una] clase / (un) [una] idea / actividades (espontáneos) [espontáneas] / (los) [las] calles","LIL","motivation","learner_response","learner_response","interesting_content","original","rater_2",0,1
"CPS1_J","./data/processed/exercises/CPS1_J_E01.txt","todas las familias (hacen reuniones) [se reúnen]","LIL","motivation","learner_response","learner_response","interesting_content","original","rater_2",1,0
"ILA1_I","./data/processed/exercises/ILA1_I_E04.txt","punto de (partido) [partida]","LIL","motivation","learner_response","learner_response","ownership","original","rater_2",1,0
"FGC1_I","./data/processed/exercises/FGC1_I_E13.txt","(tardar) [retrasar] enfermedades","LIL","motivation","learner_response","learner_response","ownership","original","rater_2",0,1
"FGC1_I","./data/processed/exercises/FGC1_I_E14.txt","Me parece (coherente) [lógico] que","LIL","motivation","learner_response","learner_response","ownership","original","rater_2",0,1
"RCS1_I","./data/processed/exercises/RCS1_I_E07.txt","(esta) [está] dedicada","LIL","motivation","learner_response","learner_response","ownership","original","rater_2",1,0
"RUE1_I","./data/processed/exercises/RUE1_I_E01.txt","(También,) [Además, ]","LIL","motivation","learner_response","learner_response","ownership","original","rater_2",1,0
"RUE1_I","./data/processed/exercises/RUE1_I_E05.txt","(uno de los críticos) [una de las críticas]","LIL","motivation","learner_response","learner_response","ownership","original","rater_2",1,0
"RGH1_I","./data/processed/exercises/RGH1_I_E07.txt","mis estudios normalmente [se] enfocan","LIL","motivation","learner_response","learner_response","ownership","original","rater_2",0,1
"FMH1_I","./data/processed/exercises/FMH1_I_E02.txt","(neurocientificos) [neurocientíficos]","LIL","motivation","learner_response","learner_response","ownership","original","rater_2",0,1
"FMH1_I","./data/processed/exercises/FMH1_I_E03.txt","dejar [de] temblar","LIL","motivation","learner_response","learner_response","ownership","original","rater_2",0,1
"RBI1_I","./data/processed/exercises/RBI1_I_E02.txt","se ha (descubrido) [descubierto]","LIL","motivation","learner_response","learner_response","ownership","original","rater_2",1,0
"RBI1_I","./data/processed/exercises/RBI1_I_E08.txt","(la orden) [el orden]","LIL","motivation","learner_response","learner_response","ownership","original","rater_2",1,0
"RBI1_I","./data/processed/exercises/RBI1_I_E09.txt","(invaluable) [de valor incalculable]","LIL","motivation","learner_response","learner_response","ownership","original","rater_2",1,0
"RBI1_I","./data/processed/exercises/RBI1_I_E15.txt","(sólo) [solo]","LIL","motivation","learner_response","learner_response","ownership","original","rater_2",1,0
"IMA1_I","./data/processed/exercises/IMA1_I_E15.txt","¿Cuándo (deberíamos esperar tu llegada para) llegarás a la reunión?","LIL","motivation","learner_response","learner_response","ownership","original","rater_2",0,1
"FEM1_I","./data/processed/exercises/FEM1_I_E15.txt","sobre (reales) hechos científicos [reales]","LIL","motivation","learner_response","learner_response","ownership","original","rater_2",1,0
"RRN1_I","./data/processed/exercises/RRN1_I_E09.txt","dependen de grandes cantidades de datos para su (formación) [entrenamiento] / debemos (mover fuera) [superar] la idea del ""gold standard"" / solo (pegan a) [siguen] las normas / las normas que (saben) [conocen]","LIL","motivation","learner_response","learner_response","ownership","original","rater_2",0,1
"FKN1_I","./data/processed/exercises/FKN1_I_E03.txt","(los) [las] redes sociales","LIL","motivation","learner_response","learner_response","ownership","original","rater_2",1,0
"FKN1_I","./data/processed/exercises/FKN1_I_E12.txt","es importante que las organizaciones de voluntariado (deben trabajar) [trabajen]","LIL","motivation","learner_response","learner_response","ownership","original","rater_2",1,0
"FLR1_I","./data/processed/exercises/FLR1_I_E07.txt","(reconocimiento de fecundidad) [control de fertilidad]","LIL","motivation","learner_response","learner_response","ownership","original","rater_2",1,0
"FGC2_S","./data/processed/exercises/FGC2_S_E04.txt","(Ese año en otoño) [En el otoño de ese año] empecé la escuela","LIL","motivation","learner_response","learner_response","ownership","original","rater_2",1,0
"FGC2_S","./data/processed/exercises/FGC2_S_E11.txt","Muchas personas allí, (quienes) [que] son mis buenos amigos","LIL","motivation","learner_response","learner_response","ownership","original","rater_2",1,0
"FGC2_S","./data/processed/exercises/FGC2_S_E13.txt","A los 18 (tuvo) [obtuve] el permiso de conducir","LIL","motivation","learner_response","learner_response","ownership","original","rater_2",1,0
"BEA1_S","./data/processed/exercises/BEA1_S_E11.txt","(cinqo) [cinco] meses / (quando) [cuando]","LIL","motivation","learner_response","learner_response","ownership","original","rater_2",1,0
"BEA1_S","./data/processed/exercises/BEA1_S_E12.txt","El año pasado fui a Budapest por una escuela de verano, me gusta mucho (este) [ese] lugar / (Este) [Esto] me hizo muy feliz","LIL","motivation","learner_response","learner_response","ownership","original","rater_2",1,0
"GKN1_S","./data/processed/exercises/GKN1_S_E08.txt","y empezó [a estudiar] Química en la Universidad Aristóteles de Salónica (estudiar) en 2022","LIL","motivation","learner_response","learner_response","ownership","original","rater_2",1,0
"CFI1_S","./data/processed/exercises/CFI1_S_E01.txt","Nací el 28 de agosto [de] 2002 / En noviembre [de] 2007","LIL","motivation","learner_response","learner_response","ownership","original","rater_2",0,1
"CFI1_S","./data/processed/exercises/CFI1_S_E05.txt","(después de) dos años [después de] que mi hermano naciera","LIL","motivation","learner_response","learner_response","ownership","original","rater_2",0,1
"PNA1_S","./data/processed/exercises/PNA1_S_E13.txt","esto fue (muy) horrible","LIL","motivation","learner_response","learner_response","ownership","original","rater_2",0,1
"AKA1_S","./data/processed/exercises/AKA1_S_E11.txt","(desde) hasta [los] dieciséis años","LIL","motivation","learner_response","learner_response","ownership","original","rater_2",0,1
"AKA1_S","./data/processed/exercises/AKA1_S_E01.txt","fui a (New) [Nueva] York","LIL","motivation","learner_response","learner_response","ownership","original","rater_2",0,1
"AHJ1_S","./data/processed/exercises/AHJ1_S_E08.txt","(empezé) [empecé]","LIL","motivation","learner_response","learner_response","ownership","original","rater_2",1,0
"AHJ1_S","./data/processed/exercises/AHJ1_S_E04.txt","empecé (una práctica) [unas prácticas]","LIL","motivation","learner_response","learner_response","ownership","original","rater_2",1,0
"GMO1_S","./data/processed/exercises/GMO1_S_E05.txt","dos gatos, una naranja y (un) [el otro] negro","LIL","motivation","learner_response","learner_response","ownership","original","rater_2",1,0
"GMO1_S","./data/processed/exercises/GMO1_S_E13.txt","él iba (en) [a] una escuela diferente / estoy en Pamplona en España (para) [por] 4 meses","LIL","motivation","learner_response","learner_response","ownership","original","rater_2",1,0
"GMO1_S","./data/processed/exercises/GMO1_S_E10.txt","por un (program) [programa de] intercambio","LIL","motivation","learner_response","learner_response","ownership","original","rater_2",1,0
"CGT1_S","./data/processed/exercises/CGT1_S_E02.txt","recuerdo un (familia) viaje [familiar] a Taiwán","LIL","motivation","learner_response","learner_response","ownership","original","rater_2",1,0
"FDS1_S","./data/processed/exercises/FDS1_S_E01.txt","empecé (el) [a hacer] teatro","LIL","motivation","learner_response","learner_response","ownership","original","rater_2",0,1
"FDS1_S","./data/processed/exercises/FDS1_S_E07.txt","durante (todo) [toda] la escuela secundaria / durante (esta) [este] año / (un) [una] enfermedad muy (raro) [rara]","LIL","motivation","learner_response","learner_response","ownership","original","rater_2",0,1
"CMJ1_S","./data/processed/exercises/CMJ1_S_E11.txt","[Finalmente, ] [Por último, ] en 2024 llegué","LIL","motivation","learner_response","learner_response","ownership","original","rater_2",1,0
"CMJ1_S","./data/processed/exercises/CMJ1_S_E14.txt","allí (comí) [probé] comida deliciosa","LIL","motivation","learner_response","learner_response","ownership","original","rater_2",1,0
"CXY1_S","./data/processed/exercises/CXY1_S_E03.txt","(desde) [de] 2008 a 2022 / (desde) [de] 2024 a 2025","LIL","motivation","learner_response","learner_response","ownership","original","rater_2",1,0
"EPA1_C","./data/processed/exercises/EPA1_C_E09.txt","estaba (tan) [muy] frustrada y confundida porque la única","LIL","motivation","learner_response","learner_response","ownership","original","rater_2",0,1
"EPA1_C","./data/processed/exercises/EPA1_C_E13.txt","si seguía haciendo eso la iban a (cambiar de) [echar del] piso","LIL","motivation","learner_response","learner_response","ownership","original","rater_2",0,1
"IDE1_C","./data/processed/exercises/IDE1_C_E03.txt","con [otras] tres (otras) personas","LIL","motivation","learner_response","learner_response","ownership","original","rater_2",0,1
"IDE1_C","./data/processed/exercises/IDE1_C_E12.txt","(frego) [friego]","LIL","motivation","learner_response","learner_response","ownership","original","rater_2",0,1
"IMM1_C","./data/processed/exercises/IMM1_C_E05.txt","(queriamos) [queríamos] / (dia) [día] / (seguia) [seguía] / (proposito) [propósito]","LIL","motivation","learner_response","learner_response","ownership","original","rater_2",1,0
"IMM1_C","./data/processed/exercises/IMM1_C_E14.txt","(mientras estaba yendo a clase) [al llegar a la universidad, ] vi que Amaia y Ana se estaban peleando delante de la clase","LIL","motivation","learner_response","learner_response","ownership","original","rater_2",1,0
"RMD1_C","./data/processed/exercises/RMD1_C_E10.txt","por (respecto) [respeto] a su dignidad","LIL","motivation","learner_response","learner_response","ownership","original","rater_2",1,0
"RMD1_C","./data/processed/exercises/RMD1_C_E05.txt","que en (el) [ese] momento estaba fuera de la biblioteca","LIL","motivation","learner_response","learner_response","ownership","original","rater_2",1,0
"RMD1_C","./data/processed/exercises/RMD1_C_E03.txt","(eclesiastica) [eclesiástica] / (linea) [línea] / (dia) [día] / (habia) [había] / (despues) [después] / (pregunte) [pregunté]","LIL","motivation","learner_response","learner_response","ownership","original","rater_2",1,0
"ABA1_C","./data/processed/exercises/ABA1_C_E14.txt","un proyecto en grupo que (era) [valía] el 55% de la nota final","LIL","motivation","learner_response","learner_response","ownership","original","rater_2",0,1
"ABA1_C","./data/processed/exercises/ABA1_C_E05.txt","(occurió) [ocurrió] / (fonciona) [funciona] / (residence) [residencia]","LIL","motivation","learner_response","learner_response","ownership","original","rater_2",0,1
"LSR1_C","./data/processed/exercises/LSR1_C_E04.txt","es una falta de respeto (de) [a] los estudiantes","LIL","motivation","learner_response","learner_response","ownership","original","rater_2",0,1
"LSR1_C","./data/processed/exercises/LSR1_C_E03.txt","me (paso) [pasó] / (explico) [explicó] / (acepto) [aceptó]","LIL","motivation","learner_response","learner_response","ownership","original","rater_2",0,1
"BNS1_C","./data/processed/exercises/BNS1_C_E14.txt","(voy a tener mi dinero de vuelta) [me van a devolver mi dinero]","LIL","motivation","learner_response","learner_response","ownership","original","rater_2",1,0
"BNS1_C","./data/processed/exercises/BNS1_C_E02.txt","de que (hacen parejas de) [emparejan a] compañeras de piso","LIL","motivation","learner_response","learner_response","ownership","original","rater_2",1,0
"RRT1_C","./data/processed/exercises/RRT1_C_E05.txt","por eso, han (realizado) [montado] muchas fiestas","LIL","motivation","learner_response","learner_response","ownership","original","rater_2",1,0
"CTV1_C","./data/processed/exercises/CTV1_C_E06.txt","(dias) [días] / (caféteria) [cafetería] / (despues) [después] / (preferian) [preferían] / (resolucion) [resolución]","LIL","motivation","learner_response","learner_response","ownership","original","rater_2",0,1
"CTV1_C","./data/processed/exercises/CTV1_C_E01.txt","a la cafetería ni a (los espacios libres) [las áreas comunes]","LIL","motivation","learner_response","learner_response","ownership","original","rater_2",0,1
"RWA1_D","./data/processed/exercises/RWA1_D_E09.txt","me dirijo a usted para expresar mi insatisfacción con (tu) [su] aerolínea / si ustedes tienen algún tipo de oferta para resolver esta situación, por favor, (contáctame) [contáctenme]","LIL","motivation","learner_response","learner_response","ownership","original","rater_2",0,1
"RBC1_D","./data/processed/exercises/RBC1_D_E09.txt","soy una jugadora de hockey de alto rendimiento (en casa) [en mi país]","LIL","motivation","learner_response","learner_response","ownership","original","rater_2",0,1
"RBC1_D","./data/processed/exercises/RBC1_D_E04.txt","era lo (suficiente) [suficientemente] urgente","LIL","motivation","learner_response","learner_response","ownership","original","rater_2",0,1
"RBD1_D","./data/processed/exercises/RBD1_D_E06.txt","lo que confirma que (yo) he sido una víctima","LIL","motivation","learner_response","learner_response","ownership","original","rater_2",0,1
"RKD1_D","./data/processed/exercises/RKD1_D_E15.txt","entender (que) [qué] hay que mejorar","LIL","motivation","learner_response","learner_response","ownership","original","rater_2",1,0
"RBE1_D","./data/processed/exercises/RBE1_D_E01.txt","verifiqué la (originalidad) [autenticidad] de la página web","LIL","motivation","learner_response","learner_response","ownership","original","rater_2",1,0
"FTE1_D","./data/processed/exercises/FTE1_D_E05.txt","(ademas) [además] / (inglès) [inglés]","LIL","motivation","learner_response","learner_response","ownership","original","rater_2",1,0
"BGE1_D","./data/processed/exercises/BGE1_D_E03.txt","entonces (se) ponen mucho énfasis en lo escrito","LIL","motivation","learner_response","learner_response","ownership","original","rater_2",1,0
"RWF1_D","./data/processed/exercises/RWF1_D_E02.txt","me veo en la obligación de comunicarle (esto) [este] problema grave","LIL","motivation","learner_response","learner_response","ownership","original","rater_2",1,0
"CDG1_D","./data/processed/exercises/CDG1_D_E13.txt","aplicar este conocimiento (en) [a] situaciones reales / resulte (a) [en]","LIL","motivation","learner_response","learner_response","ownership","original","rater_2",1,0
"ROG1_D","./data/processed/exercises/ROG1_D_E06.txt","(el idioma de destino) [la lengua meta]","LIL","motivation","learner_response","learner_response","ownership","original","rater_2",0,1
"RKG1_D","./data/processed/exercises/RKG1_D_E05.txt","les (insisto) [insto] a resolver este asunto","LIL","motivation","learner_response","learner_response","ownership","original","rater_2",1,0
"RKG1_D","./data/processed/exercises/RKG1_D_E08.txt","Aquí en la Pompeu estudio los idiomas (Español) [español] y (Catalán) [catalán] / el día 7 de (Octubre) [octubre]","LIL","motivation","learner_response","learner_response","ownership","original","rater_2",1,0
"CPJ1_D","./data/processed/exercises/CPJ1_D_E12.txt","el papel de (recopile y organice cantidades masivas de datos) [recopilador y organizador de cantidades masivas de datos]","LIL","motivation","learner_response","learner_response","ownership","original","rater_2",1,0
"CPJ1_D","./data/processed/exercises/CPJ1_D_E05.txt","con (los) datos (muy) [tan] privados","LIL","motivation","learner_response","learner_response","ownership","original","rater_2",1,0
"RHJ1_D","./data/processed/exercises/RHJ1_D_E12.txt","trabajar (virtualmente) [en remoto]","LIL","motivation","learner_response","learner_response","ownership","original","rater_2",1,0
"RCF1_D","./data/processed/exercises/RCF1_D_E14.txt","acceso al (sistemo) [sistema] / no debería hacerles (case) [caso] /","LIL","motivation","learner_response","learner_response","ownership","original","rater_2",0,1
"ASM1_D","./data/processed/exercises/ASM1_D_E14.txt","el nerviosismo me (dejaba) [hacía] olvidar que tenía que cargar mi portátil","LIL","motivation","learner_response","learner_response","ownership","original","rater_2",0,1
"ASM1_D","./data/processed/exercises/ASM1_D_E09.txt","y (vine) [fui] con mi madre allí","LIL","motivation","learner_response","learner_response","ownership","original","rater_2",0,1
"ASM1_D","./data/processed/exercises/ASM1_D_E06.txt","que solo [se] quieren (provechar) [beneficiar] de las compras","LIL","motivation","learner_response","learner_response","ownership","original","rater_2",0,1
"CCQ1_D","./data/processed/exercises/CCQ1_D_E09.txt","pagado junto con una (recompensa) [indemnización] de 500 euros","LIL","motivation","learner_response","learner_response","ownership","original","rater_2",1,0
"RRS1_D","./data/processed/exercises/RRS1_D_E04.txt","y siempre me (ha) [han] apasionado el idioma y la cultura / mi amor por la lengua y la cultura (hispanohablante) [hispanohablantes]","LIL","motivation","learner_response","learner_response","ownership","original","rater_2",0,1
"RRS1_D","./data/processed/exercises/RRS1_D_E08.txt","considero inaceptable que personas (inescrupulosas) [sin escrúpulos]","LIL","motivation","learner_response","learner_response","ownership","original","rater_2",0,1
"CAY1_J","./data/processed/exercises/CAY1_J_E14.txt","estuvimos hablando de este (facto) [hecho]","LIL","motivation","learner_response","learner_response","ownership","original","rater_2",1,0
"CBH1_J","./data/processed/exercises/CBH1_J_E10.txt","desde que llegué aquí [a] Pamplona / empezar [a] cocinar / si quiero (a) comer","LIL","motivation","learner_response","learner_response","ownership","original","rater_2",1,0
"EBM1_J","./data/processed/exercises/EBM1_J_E06.txt","no sé (por que) [por qué]","LIL","motivation","learner_response","learner_response","ownership","original","rater_2",0,1
"EBM1_J","./data/processed/exercises/EBM1_J_E10.txt","llegué (en) [a] Pamplona / próxima (de) [a] mi piso","LIL","motivation","learner_response","learner_response","ownership","original","rater_2",0,1
"KCP1_J","./data/processed/exercises/KCP1_J_E10.txt","(el) [la] Pascua / (el) [la] fiesta / (cortos) [cortas] frases / (la) [el] acento / (el) [la] estatua / (los) [las] canciones","LIL","motivation","learner_response","learner_response","ownership","original","rater_2",1,0
"KCP1_J","./data/processed/exercises/KCP1_J_E12.txt","(Catolica) [Católica] / (Almeria) [Almería] / (Cordoba) [Córdoba] / (jovenes) [jóvenes] / (dias) [días] / (Maria) [María] / (musica) [música] / (asístir) [asistir]","LIL","motivation","learner_response","learner_response","ownership","original","rater_2",1,0
"KCP1_J","./data/processed/exercises/KCP1_J_E08.txt","(hasta cuando) [desde que] llegué a Pamplona","LIL","motivation","learner_response","learner_response","ownership","original","rater_2",1,0
"FLJ1_J","./data/processed/exercises/FLJ1_J_E07.txt","y nos (han encontrado) [hemos dado cuenta de] que éramos compañeros","LIL","motivation","learner_response","learner_response","ownership","original","rater_2",1,0
"FLJ1_J","./data/processed/exercises/FLJ1_J_E02.txt","(el) [la] más famosa ciudad de España / (los) [las] diferentes asignaturas / (la) [el] video","LIL","motivation","learner_response","learner_response","ownership","original","rater_2",1,0
"FLJ1_J","./data/processed/exercises/FLJ1_J_E15.txt","el (empiezo) [comienzo] de una gran amistad","LIL","motivation","learner_response","learner_response","ownership","original","rater_2",1,0
"FJA1_J","./data/processed/exercises/FJA1_J_E11.txt","(me lo recuerda) [lo recuerdo] como si fuera ayer","LIL","motivation","learner_response","learner_response","ownership","original","rater_2",1,0
"FJA1_J","./data/processed/exercises/FJA1_J_E04.txt","corrí (en) [hacia] el salón / no podía quedarme (en) quieto","LIL","motivation","learner_response","learner_response","ownership","original","rater_2",1,0
"FJA1_J","./data/processed/exercises/FJA1_J_E12.txt","he oído un (pequeño ruido) [ruidito]","LIL","motivation","learner_response","learner_response","ownership","original","rater_2",1,0
"CYS1_J","./data/processed/exercises/CYS1_J_E06.txt","(despues) [después] / (avion) [avión] / (cafe) [café] / (turistico) [turístico] / (memoría) [memoria] / (tambien) [también] / (telefono) [teléfono]","LIL","motivation","learner_response","learner_response","ownership","original","rater_2",1,0
"NOI1_J","./data/processed/exercises/NOI1_J_E12.txt","la celebración (del) [de la] misa / (el) [la] gente / (al) [a la] Iglesia de San Miguel / historia (pasado) [pasada] / (aquella) [aquel] tiempo / (este) [esta] es mi experiencia","LIL","motivation","learner_response","learner_response","ownership","original","rater_2",1,0
"RNM1_J","./data/processed/exercises/RNM1_J_E11.txt","(yo) probé comida española / (yo) sé que (yo) tenía sentimientos encontrados","LIL","motivation","learner_response","learner_response","ownership","original","rater_2",1,0
"EPE1_J","./data/processed/exercises/EPE1_J_E15.txt","no sé dónde (es) [está] mi móvil","LIL","motivation","learner_response","learner_response","ownership","original","rater_2",1,0
"EPE1_J","./data/processed/exercises/EPE1_J_E14.txt","qué (loca) [locura]","LIL","motivation","learner_response","learner_response","ownership","original","rater_2",1,0
"EPE1_J","./data/processed/exercises/EPE1_J_E09.txt","y (a la) [al] final ya estábamos","LIL","motivation","learner_response","learner_response","ownership","original","rater_2",1,0
"PSJ1_J","./data/processed/exercises/PSJ1_J_E07.txt","el propietario visitará (a) mi piso / llegamos (en) [a] casa / me reuní (a) [con] Julia y su compañera de piso / cuáles son tus planes (por) [para] la cena / hicimos un grupo (en) [de] WhatsApp / a quienes les encanta (de) cocinar / el grupo consiste (de) [en] cinco personas","LIL","motivation","learner_response","learner_response","ownership","original","rater_2",1,0
"JTS1_J","./data/processed/exercises/JTS1_J_E07.txt","servicio (de) [al] cliente","LIL","motivation","learner_response","learner_response","ownership","original","rater_2",0,1
"JTS1_J","./data/processed/exercises/JTS1_J_E14.txt","fui antes de (desayunarme) [desayunar]","LIL","motivation","learner_response","learner_response","ownership","original","rater_2",0,1
"JTS1_J","./data/processed/exercises/JTS1_J_E13.txt","(una) [un] problema / (la) [el] día / (el) [la] situación / (los) [las] personas","LIL","motivation","learner_response","learner_response","ownership","original","rater_2",0,1
"CPS1_J","./data/processed/exercises/CPS1_J_E04.txt","(pagina) [página] / podía sentir (como) [cómo]","LIL","motivation","learner_response","learner_response","ownership","original","rater_2",1,0
"CPS1_J","./data/processed/exercises/CPS1_J_E09.txt","(en) el (Septiembre) [septiembre] pasado","LIL","motivation","learner_response","learner_response","ownership","original","rater_2",1,0
"FGC1_I","./data/processed/exercises/FGC1_I_E09.txt","Puede percibir las informaciones más (rápidas) [rápido]","LIL","motivation","learner_response","learner_response","understanding","original","rater_2",1,0
"RCS1_I","./data/processed/exercises/RCS1_I_E09.txt","(introduce) [implica] nuevos retos","LIL","motivation","learner_response","learner_response","understanding","original","rater_2",1,0
"RCS1_I","./data/processed/exercises/RCS1_I_E12.txt","(producirá una regresión) [volverá]","LIL","motivation","learner_response","learner_response","understanding","original","rater_2",1,0
"RGH1_I","./data/processed/exercises/RGH1_I_E13.txt","identificar las características de textos distintos y lo que los (hacen) [hace] diferentes","LIL","motivation","learner_response","learner_response","understanding","original","rater_2",1,0
"FMH1_I","./data/processed/exercises/FMH1_I_E04.txt","(este) [ese] trágico mes de marzo del año 2011","LIL","motivation","learner_response","learner_response","understanding","original","rater_2",1,0
"RBI1_I","./data/processed/exercises/RBI1_I_E02.txt","se ha (descubrido) [descubierto]","LIL","motivation","learner_response","learner_response","understanding","original","rater_2",1,0
"RHK1_I","./data/processed/exercises/RHK1_I_E09.txt","(permitir voces) [dar voz a perspectivas]","LIL","motivation","learner_response","learner_response","understanding","original","rater_2",1,0
"RRN1_I","./data/processed/exercises/RRN1_I_E06.txt","(una) [un] artículo / ni tratan de usar (los) [las] alternativas / conocimiento (científica) [científico] / (un) [una] idea","LIL","motivation","learner_response","learner_response","understanding","original","rater_2",1,0
"FKN1_I","./data/processed/exercises/FKN1_I_E11.txt","(realizar) [darse cuenta de] la urgencia del problema","LIL","motivation","learner_response","learner_response","understanding","original","rater_2",1,0
"RCO1_I","./data/processed/exercises/RCO1_I_E15.txt","hay muchos accidentes, (que demuestran) [lo que demuestra]","LIL","motivation","learner_response","learner_response","understanding","original","rater_2",1,0
"FLR1_I","./data/processed/exercises/FLR1_I_E07.txt","(reconocimiento de fecundidad) [control de fertilidad]","LIL","motivation","learner_response","learner_response","understanding","original","rater_2",1,0
"FLR1_I","./data/processed/exercises/FLR1_I_E14.txt","como (lo) dice","LIL","motivation","learner_response","learner_response","understanding","original","rater_2",1,0
"FTR1_I","./data/processed/exercises/FTR1_I_E04.txt","(exprimir) [explicar]","LIL","motivation","learner_response","learner_response","understanding","original","rater_2",1,0
"FTR1_I","./data/processed/exercises/FTR1_I_E08.txt","en la vida me (gusta) [gustan] la moda, la fotografía, los deportes y los viajes","LIL","motivation","learner_response","learner_response","understanding","original","rater_2",1,0
"FGC2_S","./data/processed/exercises/FGC2_S_E07.txt","En 2016 mi familia (tuvo) [adoptó a] una mascota","LIL","motivation","learner_response","learner_response","understanding","original","rater_2",1,0
"BEA1_S","./data/processed/exercises/BEA1_S_E10.txt","(encanté) [conocí a]","LIL","motivation","learner_response","learner_response","understanding","original","rater_2",1,0
"BEA1_S","./data/processed/exercises/BEA1_S_E13.txt","El año pasado fui a Budapest por una escuela de verano, me gusta [mucho] ese lugar (mucho)","LIL","motivation","learner_response","learner_response","understanding","original","rater_2",1,0
"GKN1_S","./data/processed/exercises/GKN1_S_E08.txt","y empezó [a estudiar] Química en la Universidad Aristóteles de Salónica (estudiar) en 2022","LIL","motivation","learner_response","learner_response","understanding","original","rater_2",1,0
"CFI1_S","./data/processed/exercises/CFI1_S_E01.txt","Nací el 28 de agosto [de] 2002 / En noviembre [de] 2007","LIL","motivation","learner_response","learner_response","understanding","original","rater_2",1,0
"CFI1_S","./data/processed/exercises/CFI1_S_E07.txt","empecé (a) [en] una nueva escuela / escogí (a) mudarme / estudié (a) [en] JRR por 4 años","LIL","motivation","learner_response","learner_response","understanding","original","rater_2",1,0
"CFI1_S","./data/processed/exercises/CFI1_S_E08.txt","Luna, (un perro) [una perra]","LIL","motivation","learner_response","learner_response","understanding","original","rater_2",1,0
"PBJ1_S","./data/processed/exercises/PBJ1_S_E04.txt","mi familia es de (Surinama) [Surinam] / (Rotterdam) [Róterdam] / (Capelle a/d Ijssel) [Capelle aan den IJssel]","LIL","motivation","learner_response","learner_response","understanding","original","rater_2",1,0
"PBJ1_S","./data/processed/exercises/PBJ1_S_E11.txt","conocí [a] mis cinco amigas / mi padre adoptó [a] mi perro","LIL","motivation","learner_response","learner_response","understanding","original","rater_2",1,0
"TCW1_S","./data/processed/exercises/TCW1_S_E04.txt","(de) [desde] 2021 (al) [hasta] ahora","LIL","motivation","learner_response","learner_response","understanding","original","rater_2",1,0
"PNA1_S","./data/processed/exercises/PNA1_S_E05.txt","(descubré) [descubrí]","LIL","motivation","learner_response","learner_response","understanding","original","rater_2",1,0
"PNA1_S","./data/processed/exercises/PNA1_S_E08.txt","soy estudiante de intercambio (a) [en] la Universidad de Navarra","LIL","motivation","learner_response","learner_response","understanding","original","rater_2",1,0
"AKA1_S","./data/processed/exercises/AKA1_S_E02.txt","mi [decimoctavo] cumpleaños (de dieciocho)","LIL","motivation","learner_response","learner_response","understanding","original","rater_2",1,0
"AKA1_S","./data/processed/exercises/AKA1_S_E01.txt","fui a (New) [Nueva] York","LIL","motivation","learner_response","learner_response","understanding","original","rater_2",1,0
"GMO1_S","./data/processed/exercises/GMO1_S_E15.txt","puedo recordar (muchas) [mucho] sobre mí mismo","LIL","motivation","learner_response","learner_response","understanding","original","rater_2",1,0
"GMO1_S","./data/processed/exercises/GMO1_S_E08.txt","(tuve el mejor tiempo del mundo) [pasé el mejor momento de mi vida]","LIL","motivation","learner_response","learner_response","understanding","original","rater_2",1,0
"CGT1_S","./data/processed/exercises/CGT1_S_E12.txt","(después de) 3 años [después], hice otro viaje","LIL","motivation","learner_response","learner_response","understanding","original","rater_2",1,0
"CGS1_S","./data/processed/exercises/CGS1_S_E08.txt","(También, ) [Además, ]","LIL","motivation","learner_response","learner_response","understanding","original","rater_2",1,0
"CGS1_S","./data/processed/exercises/CGS1_S_E07.txt","conocí a (una) otra amiga","LIL","motivation","learner_response","learner_response","understanding","original","rater_2",1,0
"FDS1_S","./data/processed/exercises/FDS1_S_E15.txt","(ciensia) [ciencia] / (paralisada) [paralizada]","LIL","motivation","learner_response","learner_response","understanding","original","rater_2",1,0
"CMJ1_S","./data/processed/exercises/CMJ1_S_E06.txt","conocí [a] mi mejor amiga","LIL","motivation","learner_response","learner_response","understanding","original","rater_2",1,0
"CMJ1_S","./data/processed/exercises/CMJ1_S_E07.txt","no tenía muchos deberes ni (hice muchas) [viví grandes] cosas","LIL","motivation","learner_response","learner_response","understanding","original","rater_2",1,0
"CXY1_S","./data/processed/exercises/CXY1_S_E08.txt","(tuve) [hice] una pasantía","LIL","motivation","learner_response","learner_response","understanding","original","rater_2",1,0
"ERA1_C","./data/processed/exercises/ERA1_C_E08.txt","(quieremos) [queremos] / (barrato) [barato] / (necessaria) [necesaria] / (expectitivas) [expectativas] / (nosotoras) [nosotras] / (cádo) [caro]","LIL","motivation","learner_response","learner_response","understanding","original","rater_2",1,0
"ERA1_C","./data/processed/exercises/ERA1_C_E10.txt","durante los (fines de semanas) [fines de semana]","LIL","motivation","learner_response","learner_response","understanding","original","rater_2",1,0
"ERA1_C","./data/processed/exercises/ERA1_C_E02.txt","(scolares) [académicos] / (essential) [esencial]","LIL","motivation","learner_response","learner_response","understanding","original","rater_2",1,0
"BSC1_C","./data/processed/exercises/BSC1_C_E13.txt","escribo para (informar) [informarle a] usted","LIL","motivation","learner_response","learner_response","understanding","original","rater_2",1,0
"BSC1_C","./data/processed/exercises/BSC1_C_E05.txt","se (quedaron) [sintieron] ofendidas","LIL","motivation","learner_response","learner_response","understanding","original","rater_2",1,0
"ABA1_C","./data/processed/exercises/ABA1_C_E11.txt","pero ella (digo) [dijo]","LIL","motivation","learner_response","learner_response","understanding","original","rater_2",1,0
"ABA1_C","./data/processed/exercises/ABA1_C_E12.txt","dos (horais) [horas] antes del vencimiento del proyecto","LIL","motivation","learner_response","learner_response","understanding","original","rater_2",1,0
"LSR1_C","./data/processed/exercises/LSR1_C_E04.txt","es una falta de respeto (de) [a] los estudiantes","LIL","motivation","learner_response","learner_response","understanding","original","rater_2",1,0
"LSR1_C","./data/processed/exercises/LSR1_C_E03.txt","me (paso) [pasó] / (explico) [explicó] / (acepto) [aceptó]","LIL","motivation","learner_response","learner_response","understanding","original","rater_2",1,0
"BNS1_C","./data/processed/exercises/BNS1_C_E15.txt","emparejan a compañeras de piso (entre personas parecidas) [con perfiles similares]","LIL","motivation","learner_response","learner_response","understanding","original","rater_2",1,0
"BNS1_C","./data/processed/exercises/BNS1_C_E06.txt","(estáva) [estaba] bien","LIL","motivation","learner_response","learner_response","understanding","original","rater_2",1,0
"BNS1_C","./data/processed/exercises/BNS1_C_E12.txt","una por la mañana y (una) [otra] por la noche","LIL","motivation","learner_response","learner_response","understanding","original","rater_2",1,0
"BNS1_C","./data/processed/exercises/BNS1_C_E09.txt","en (esta manera) [este sentido] no somos iguales","LIL","motivation","learner_response","learner_response","understanding","original","rater_2",1,0
"RRT1_C","./data/processed/exercises/RRT1_C_E05.txt","por eso, han (realizado) [montado] muchas fiestas","LIL","motivation","learner_response","learner_response","understanding","original","rater_2",1,0
"CTV1_C","./data/processed/exercises/CTV1_C_E10.txt","(en todas partes de) [por toda] la cafetería","LIL","motivation","learner_response","learner_response","understanding","original","rater_2",1,0
"RSA1_D","./data/processed/exercises/RSA1_D_E14.txt","en mis (ensayos) [redacciones]","LIL","motivation","learner_response","learner_response","understanding","original","rater_2",1,0
"RSA1_D","./data/processed/exercises/RSA1_D_E06.txt","prioriza las buenas notas (a pesar de) [a costa de] la salud mental de los estudiantes","LIL","motivation","learner_response","learner_response","understanding","original","rater_2",1,0
"RBC1_D","./data/processed/exercises/RBC1_D_E13.txt","para (descubrir) [averiguar] el significado de las palabras","LIL","motivation","learner_response","learner_response","understanding","original","rater_2",1,0
"RBC1_D","./data/processed/exercises/RBC1_D_E10.txt","el logotipo del banco, el diseño y hasta la dirección del remitente (parecía) [parecían] auténticos","LIL","motivation","learner_response","learner_response","understanding","original","rater_2",1,0
"RBD1_D","./data/processed/exercises/RBD1_D_E09.txt","la IA (reduce cuánto se está aprendiendo) [dificulta el aprendizaje]","LIL","motivation","learner_response","learner_response","understanding","original","rater_2",1,0
"RKD1_D","./data/processed/exercises/RKD1_D_E06.txt","(y) [e] imagínense","LIL","motivation","learner_response","learner_response","understanding","original","rater_2",1,0
"FTE1_D","./data/processed/exercises/FTE1_D_E04.txt","un pedido realizado en su sitio [web]","LIL","motivation","learner_response","learner_response","understanding","original","rater_2",1,0
"BGE1_D","./data/processed/exercises/BGE1_D_E12.txt","esa persona vuelve a (dar) [generar] un ""output""","LIL","motivation","learner_response","learner_response","understanding","original","rater_2",1,0
"RME1_D","./data/processed/exercises/RME1_D_E15.txt","de un timo (online) [en línea]","LIL","motivation","learner_response","learner_response","understanding","original","rater_2",1,0
"RWF1_D","./data/processed/exercises/RWF1_D_E07.txt","sus (detalles) [datos] bancarios","LIL","motivation","learner_response","learner_response","understanding","original","rater_2",1,0
"CDG1_D","./data/processed/exercises/CDG1_D_E03.txt","para (mi) [mí]","LIL","motivation","learner_response","learner_response","understanding","original","rater_2",1,0
"RPG1_D","./data/processed/exercises/RPG1_D_E14.txt","aunque yo (suporté) [experimenté] todo lo contrario","LIL","motivation","learner_response","learner_response","understanding","original","rater_2",1,0
"RKG1_D","./data/processed/exercises/RKG1_D_E11.txt","ponerme en contacto con (los que trabajan en Etsy de verdad) [los verdaderos empleados de Etsy]","LIL","motivation","learner_response","learner_response","understanding","original","rater_2",1,0
"ABJ1_D","./data/processed/exercises/ABJ1_D_E01.txt","porque tenía la (oportunidad) [opción] de escribirles","LIL","motivation","learner_response","learner_response","understanding","original","rater_2",1,0
"CPJ1_D","./data/processed/exercises/CPJ1_D_E06.txt","a través de varios exámenes y (quiz) [pruebas]","LIL","motivation","learner_response","learner_response","understanding","original","rater_2",1,0
"CPJ1_D","./data/processed/exercises/CPJ1_D_E14.txt","el avión estaba (estropeado) [averiado]","LIL","motivation","learner_response","learner_response","understanding","original","rater_2",1,0
"RHJ1_D","./data/processed/exercises/RHJ1_D_E13.txt","puede (llevar) [conllevar] beneficios / quiero (sacar) [obtener] buenos resultados","LIL","motivation","learner_response","learner_response","understanding","original","rater_2",1,0
"BGL1_D","./data/processed/exercises/BGL1_D_E04.txt","no entiendo por qué el personal del aeropuerto no nos quería comunicar que (esto) [esta] era la causa","LIL","motivation","learner_response","learner_response","understanding","original","rater_2",1,0
"RCF1_D","./data/processed/exercises/RCF1_D_E13.txt","(informaciónes) [informaciones] / (evalua) [evalúa]","LIL","motivation","learner_response","learner_response","understanding","original","rater_2",1,0
"RCF1_D","./data/processed/exercises/RCF1_D_E04.txt","nosotros (somos) [estamos] seguros de que","LIL","motivation","learner_response","learner_response","understanding","original","rater_2",0,1
"RCF1_D","./data/processed/exercises/RCF1_D_E09.txt","equipo de (Microsoft Customer Service) [Servicio de Atención al Cliente de Microsoft]","LIL","motivation","learner_response","learner_response","understanding","original","rater_2",1,0
"ASM1_D","./data/processed/exercises/ASM1_D_E08.txt","estoy (harto) [harta] de empresas como la suya","LIL","motivation","learner_response","learner_response","understanding","original","rater_2",1,0
"ASM1_D","./data/processed/exercises/ASM1_D_E03.txt","la mujer (en) [de] la entrada","LIL","motivation","learner_response","learner_response","understanding","original","rater_2",1,0
"CCQ1_D","./data/processed/exercises/CCQ1_D_E09.txt","pagado junto con una (recompensa) [indemnización] de 500 euros","LIL","motivation","learner_response","learner_response","understanding","original","rater_2",1,0
"CCQ1_D","./data/processed/exercises/CCQ1_D_E08.txt","exijo una compensación (correctiva) [económica]","LIL","motivation","learner_response","learner_response","understanding","original","rater_2",1,0
"AWA1_D","./data/processed/exercises/AWA1_D_E13.txt","a su número [de] teléfono","LIL","motivation","learner_response","learner_response","understanding","original","rater_2",1,0
"CAY1_J","./data/processed/exercises/CAY1_J_E03.txt","durante el principio del (més) [mes] de septiembre / y (llégamos) [llegamos] / estudie (aqui) [aquí] / me (dí) [di] cuenta","LIL","motivation","learner_response","learner_response","understanding","original","rater_2",1,0
"CAY1_J","./data/processed/exercises/CAY1_J_E11.txt","estudia aquí desde [hace] 7 años","LIL","motivation","learner_response","learner_response","understanding","original","rater_2",1,0
"CAY1_J","./data/processed/exercises/CAY1_J_E14.txt","estuvimos hablando de este (facto) [hecho]","LIL","motivation","learner_response","learner_response","understanding","original","rater_2",1,0
"KCP1_J","./data/processed/exercises/KCP1_J_E11.txt","tenían (sola) [solo] una alternativa","LIL","motivation","learner_response","learner_response","understanding","original","rater_2",1,0
"FLJ1_J","./data/processed/exercises/FLJ1_J_E14.txt","el (echo) [hecho] de encontrar / y también (vemos) [vamos] a la discoteca","LIL","motivation","learner_response","learner_response","understanding","original","rater_2",1,0
"FLJ1_J","./data/processed/exercises/FLJ1_J_E15.txt","el (empiezo) [comienzo] de una gran amistad","LIL","motivation","learner_response","learner_response","understanding","original","rater_2",1,0
"FJA1_J","./data/processed/exercises/FJA1_J_E09.txt","vi a Cigri, mi gato y, en (este) [ese] momento","LIL","motivation","learner_response","learner_response","understanding","original","rater_2",1,0
"FJA1_J","./data/processed/exercises/FJA1_J_E15.txt","(el hermosísimo gato encima la planeta) [el gato más hermoso del mundo]","LIL","motivation","learner_response","learner_response","understanding","original","rater_2",1,0
"NOI1_J","./data/processed/exercises/NOI1_J_E13.txt","antes [de] el día","LIL","motivation","learner_response","learner_response","understanding","original","rater_2",1,0
"RNM1_J","./data/processed/exercises/RNM1_J_E08.txt","estaba (confusa) [confundida] por","LIL","motivation","learner_response","learner_response","understanding","original","rater_2",1,0
"EPE1_J","./data/processed/exercises/EPE1_J_E12.txt","(que) [qué] locura","LIL","motivation","learner_response","learner_response","understanding","original","rater_2",1,0
"EPE1_J","./data/processed/exercises/EPE1_J_E08.txt","pero (porque) [como] estábamos un poco borrachos","LIL","motivation","learner_response","learner_response","understanding","original","rater_2",1,0
"PSJ1_J","./data/processed/exercises/PSJ1_J_E03.txt","(el) [la] mañana / (un) [una] canción","LIL","motivation","learner_response","learner_response","understanding","original","rater_2",1,0
"PSJ1_J","./data/processed/exercises/PSJ1_J_E12.txt","un (canvas) [lienzo en] blanco","LIL","motivation","learner_response","learner_response","understanding","original","rater_2",1,0
"PSJ1_J","./data/processed/exercises/PSJ1_J_E15.txt","(despues) [después] / (Paises) [Países] Bajos / (dia) [día] / (tambien) [también] / (Africa) [África] / (aqui) [aquí]","LIL","motivation","learner_response","learner_response","understanding","original","rater_2",1,0
"TSD1_J","./data/processed/exercises/TSD1_J_E04.txt","(mí) [mi] día / (mas) [más] cosas / (el) [él] preparaba / (tu) [tú] puedes comer","LIL","motivation","learner_response","learner_response","understanding","original","rater_2",1,0
"JTS1_J","./data/processed/exercises/JTS1_J_E09.txt","había [otras] doce (otros) personas en la misma situación","LIL","motivation","learner_response","learner_response","understanding","original","rater_2",1,0
"JTS1_J","./data/processed/exercises/JTS1_J_E12.txt","preguntar sobre (mis equipajes) [mi equipaje]","LIL","motivation","learner_response","learner_response","understanding","original","rater_2",1,0
"JTS1_J","./data/processed/exercises/JTS1_J_E11.txt","(pamplona) [Pamplona]","LIL","motivation","learner_response","learner_response","understanding","original","rater_2",1,0
"ILA1_I","./data/processed/exercises/ILA1_I_E11.txt","Ver cómo los autores españoles desarrollan sus pensamientos, como (lo) [los] ponen por escrito","LIL","motivation","learner_response","learner_response","positive_emotion","original","rater_2",1,0
"RCS1_I","./data/processed/exercises/RCS1_I_E13.txt","los retos y (limitantes) [limitaciones] de la pandemia","LIL","motivation","learner_response","learner_response","positive_emotion","original","rater_2",1,0
"RUE1_I","./data/processed/exercises/RUE1_I_E13.txt","manifestarse (en forma oral) [oralmente]","LIL","motivation","learner_response","learner_response","positive_emotion","original","rater_2",1,0
"RGH1_I","./data/processed/exercises/RGH1_I_E03.txt","(porque) [por qué]","LIL","motivation","learner_response","learner_response","positive_emotion","original","rater_2",1,0
"RGH1_I","./data/processed/exercises/RGH1_I_E12.txt","situaciones políticas (en) [de] todo el mundo","LIL","motivation","learner_response","learner_response","positive_emotion","original","rater_2",1,0
"RBI1_I","./data/processed/exercises/RBI1_I_E13.txt","(el) [él]","LIL","motivation","learner_response","learner_response","positive_emotion","original","rater_2",1,0
"RHK1_I","./data/processed/exercises/RHK1_I_E02.txt","(poste) [publicación]","LIL","motivation","learner_response","learner_response","positive_emotion","original","rater_2",1,0
"IMA1_I","./data/processed/exercises/IMA1_I_E02.txt","un nivel (donde) [con el que] puedo expresarme muy bien","LIL","motivation","learner_response","learner_response","positive_emotion","original","rater_2",0,1
"FEM1_I","./data/processed/exercises/FEM1_I_E04.txt","(crítica) [critica]","LIL","motivation","learner_response","learner_response","positive_emotion","original","rater_2",1,0
"RRN1_I","./data/processed/exercises/RRN1_I_E01.txt","tomando en cuenta (sobre) las tres erres / es importante (de) tener en cuenta / tener en cuenta (de) que","LIL","motivation","learner_response","learner_response","positive_emotion","original","rater_2",1,0
"RRN1_I","./data/processed/exercises/RRN1_I_E10.txt","para que (se fueran) [sean] aceptables","LIL","motivation","learner_response","learner_response","positive_emotion","original","rater_2",1,0
"RRN1_I","./data/processed/exercises/RRN1_I_E12.txt","la calificación que habrían (ganado) [obtenido]","LIL","motivation","learner_response","learner_response","positive_emotion","original","rater_2",1,0
"RCO1_I","./data/processed/exercises/RCO1_I_E01.txt","la infancia de un niño de hoy es (tan) [muy] diferente de la nuestra / un aspecto (tan) [muy] importante","LIL","motivation","learner_response","learner_response","positive_emotion","original","rater_2",1,0
"RCO1_I","./data/processed/exercises/RCO1_I_E07.txt","(papel) [artículo] / (introducen) [presentan]","LIL","motivation","learner_response","learner_response","positive_emotion","original","rater_2",1,0
"RCO1_I","./data/processed/exercises/RCO1_I_E10.txt","y, (porque) [dado que] los exámenes son difíciles, mucha gente suspende","LIL","motivation","learner_response","learner_response","positive_emotion","original","rater_2",1,0
"FLR1_I","./data/processed/exercises/FLR1_I_E02.txt","creadas (por) [para] sensibilizar","LIL","motivation","learner_response","learner_response","positive_emotion","original","rater_2",1,0
"FLR1_I","./data/processed/exercises/FLR1_I_E08.txt","(aumentación) [aumento]","LIL","motivation","learner_response","learner_response","positive_emotion","original","rater_2",1,0
"FTR1_I","./data/processed/exercises/FTR1_I_E05.txt","un tema sensible y poco (inesperada) [inesperado] / (la pequeña) [el pequeño] video (incluida) [incluido]","LIL","motivation","learner_response","learner_response","positive_emotion","original","rater_2",1,0
"FGC2_S","./data/processed/exercises/FGC2_S_E02.txt","Empecé a jugar al fútbol en 2007, en un equipo local, fue muy (rápido) [pronto]","LIL","motivation","learner_response","learner_response","positive_emotion","original","rater_2",1,0
"FGC2_S","./data/processed/exercises/FGC2_S_E06.txt","(miré) [vi] este partido por la (televisión) [tele]","LIL","motivation","learner_response","learner_response","positive_emotion","original","rater_2",1,0
"FGC2_S","./data/processed/exercises/FGC2_S_E15.txt","En 2021 (completé) [terminé] la escuela","LIL","motivation","learner_response","learner_response","positive_emotion","original","rater_2",1,0
"BEA1_S","./data/processed/exercises/BEA1_S_E09.txt","escribí (un systematic review) [una revisión sistemática]","LIL","motivation","learner_response","learner_response","positive_emotion","original","rater_2",1,0
"FJE1_S","./data/processed/exercises/FJE1_S_E02.txt","(conicí) [conocí]","LIL","motivation","learner_response","learner_response","positive_emotion","original","rater_2",1,0
"FJE1_S","./data/processed/exercises/FJE1_S_E12.txt","fue mi profesora de (Frances) [francés]","LIL","motivation","learner_response","learner_response","positive_emotion","original","rater_2",1,0
"CFI1_S","./data/processed/exercises/CFI1_S_E14.txt","(emperezas) [empresas]","LIL","motivation","learner_response","learner_response","positive_emotion","original","rater_2",0,1
"PBJ1_S","./data/processed/exercises/PBJ1_S_E12.txt","de shih tzu y (malteser) [bichón maltés]","LIL","motivation","learner_response","learner_response","positive_emotion","original","rater_2",0,1
"TCW1_S","./data/processed/exercises/TCW1_S_E03.txt","me encanta hacer mucho (deportes) [deporte] / recibí (mucho) [muchos] deberes","LIL","motivation","learner_response","learner_response","positive_emotion","original","rater_2",1,0
"AKA1_S","./data/processed/exercises/AKA1_S_E02.txt","mi [decimoctavo] cumpleaños (de dieciocho)","LIL","motivation","learner_response","learner_response","positive_emotion","original","rater_2",0,1
"AKA1_S","./data/processed/exercises/AKA1_S_E13.txt","(fue voluntario) [fui voluntaria]","LIL","motivation","learner_response","learner_response","positive_emotion","original","rater_2",0,1
"AHJ1_S","./data/processed/exercises/AHJ1_S_E13.txt","para [toda la] vida","LIL","motivation","learner_response","learner_response","positive_emotion","original","rater_2",1,0
"GMO1_S","./data/processed/exercises/GMO1_S_E11.txt","la escuela (primera) [primaria]","LIL","motivation","learner_response","learner_response","positive_emotion","original","rater_2",1,0
"GMO1_S","./data/processed/exercises/GMO1_S_E13.txt","él iba (en) [a] una escuela diferente / estoy en Pamplona en España (para) [por] 4 meses","LIL","motivation","learner_response","learner_response","positive_emotion","original","rater_2",1,0
"CGT1_S","./data/processed/exercises/CGT1_S_E06.txt","conocí a la gente local (muy) [tan] amable","LIL","motivation","learner_response","learner_response","positive_emotion","original","rater_2",1,0
"CGS1_S","./data/processed/exercises/CGS1_S_E13.txt","el año (próximo) [siguiente], conocí / los dos años (próximos) [siguientes] fueron difíciles","LIL","motivation","learner_response","learner_response","positive_emotion","original","rater_2",1,0
"FDS1_S","./data/processed/exercises/FDS1_S_E14.txt","representamos [a] Francia dos veces","LIL","motivation","learner_response","learner_response","positive_emotion","original","rater_2",1,0
"CMJ1_S","./data/processed/exercises/CMJ1_S_E10.txt","me (encanta) [encantan] el clima y la comida","LIL","motivation","learner_response","learner_response","positive_emotion","original","rater_2",1,0
"CMJ1_S","./data/processed/exercises/CMJ1_S_E12.txt","conduzco (el coche) [los coches] de mis amigos","LIL","motivation","learner_response","learner_response","positive_emotion","original","rater_2",1,0
"CXY1_S","./data/processed/exercises/CXY1_S_E15.txt","(normalmente) [siempre] estaba feliz de jugar con ellas","LIL","motivation","learner_response","learner_response","positive_emotion","original","rater_2",1,0
"CXY1_S","./data/processed/exercises/CXY1_S_E02.txt","durante (mi vacación) [mis vacaciones] de verano","LIL","motivation","learner_response","learner_response","positive_emotion","original","rater_2",1,0
"EPA1_C","./data/processed/exercises/EPA1_C_E13.txt","si seguía haciendo eso la iban a (cambiar de) [echar del] piso","LIL","motivation","learner_response","learner_response","positive_emotion","original","rater_2",1,0
"ERA1_C","./data/processed/exercises/ERA1_C_E10.txt","durante los (fines de semanas) [fines de semana]","LIL","motivation","learner_response","learner_response","positive_emotion","original","rater_2",1,0
"IDE1_C","./data/processed/exercises/IDE1_C_E14.txt","con otras tres (niños) [personas]","LIL","motivation","learner_response","learner_response","positive_emotion","original","rater_2",0,1
"CAJ1_C","./data/processed/exercises/CAJ1_C_E04.txt","(occurió) [ocurrió] / (escojer) [escoger] / jabón de (loca) [loza] / (felic) [feliz] / (frequentemente) [frecuentemente] / (dicución) [discusión]","LIL","motivation","learner_response","learner_response","positive_emotion","original","rater_2",1,0
"IMM1_C","./data/processed/exercises/IMM1_C_E10.txt","por qué estaban tan enfadadas (la una con la otra)","LIL","motivation","learner_response","learner_response","positive_emotion","original","rater_2",1,0
"RMD1_C","./data/processed/exercises/RMD1_C_E13.txt","a causa de esta falta de libros en línea (surgir un conflicto) [surgen conflictos] entre los estudiantes","LIL","motivation","learner_response","learner_response","positive_emotion","original","rater_2",1,0
"LSR1_C","./data/processed/exercises/LSR1_C_E09.txt","mi dinero [de] el primer mes","LIL","motivation","learner_response","learner_response","positive_emotion","original","rater_2",0,1
"LSR1_C","./data/processed/exercises/LSR1_C_E08.txt","(acquí) [aquí]","LIL","motivation","learner_response","learner_response","positive_emotion","original","rater_2",0,1
"RRT1_C","./data/processed/exercises/RRT1_C_E03.txt","pero el (jefe de los pisos) [administrador del edificio] no ha ofrecido","LIL","motivation","learner_response","learner_response","positive_emotion","original","rater_2",1,0
"RRT1_C","./data/processed/exercises/RRT1_C_E10.txt","ofreciera más clubes y oportunidades (de) [para] integrarse","LIL","motivation","learner_response","learner_response","positive_emotion","original","rater_2",1,0
"RSA1_D","./data/processed/exercises/RSA1_D_E08.txt","(También, ) [Además, ]","LIL","motivation","learner_response","learner_response","positive_emotion","original","rater_2",1,0
"RSA1_D","./data/processed/exercises/RSA1_D_E06.txt","prioriza las buenas notas (a pesar de) [a costa de] la salud mental de los estudiantes","LIL","motivation","learner_response","learner_response","positive_emotion","original","rater_2",1,0
"RBD1_D","./data/processed/exercises/RBD1_D_E15.txt","tomaos un poco más [de] tiempo para","LIL","motivation","learner_response","learner_response","positive_emotion","original","rater_2",1,0
"RBD1_D","./data/processed/exercises/RBD1_D_E10.txt","requiero que se me reembolse la cantidad pagada o (por otro lado) [en su defecto] recibir las zapatillas que ya he pagado","LIL","motivation","learner_response","learner_response","positive_emotion","original","rater_2",1,0
"RBE1_D","./data/processed/exercises/RBE1_D_E12.txt","la aparición de unas (copias) [réplicas] de páginas web","LIL","motivation","learner_response","learner_response","positive_emotion","original","rater_2",1,0
"RBE1_D","./data/processed/exercises/RBE1_D_E05.txt","les hace (olvidar) [olvidarse] de tomar precauciones","LIL","motivation","learner_response","learner_response","positive_emotion","original","rater_2",1,0
"RME1_D","./data/processed/exercises/RME1_D_E09.txt","para (entrar) [introducir] mi información personal","LIL","motivation","learner_response","learner_response","positive_emotion","original","rater_2",1,0
"CDG1_D","./data/processed/exercises/CDG1_D_E10.txt","la satisfacción puede (venir) [alcanzarse] cuando","LIL","motivation","learner_response","learner_response","positive_emotion","original","rater_2",1,0
"ROG1_D","./data/processed/exercises/ROG1_D_E04.txt","en la universidad (en) [de] Inglaterra","LIL","motivation","learner_response","learner_response","positive_emotion","original","rater_2",1,0
"RPG1_D","./data/processed/exercises/RPG1_D_E04.txt","me dio consejos que implementé en mi (próximo) [siguiente] proyecto","LIL","motivation","learner_response","learner_response","positive_emotion","original","rater_2",1,0
"RKG1_D","./data/processed/exercises/RKG1_D_E14.txt","resolver este asunto lo (más) antes posible","LIL","motivation","learner_response","learner_response","positive_emotion","original","rater_2",0,1
"ABJ1_D","./data/processed/exercises/ABJ1_D_E13.txt","(escribí mucho con ellos) [les escribí mucho]","LIL","motivation","learner_response","learner_response","positive_emotion","original","rater_2",1,0
"CPJ1_D","./data/processed/exercises/CPJ1_D_E11.txt","intentaré (a) absorber completamente el contenido enseñado","LIL","motivation","learner_response","learner_response","positive_emotion","original","rater_2",1,0
"BGL1_D","./data/processed/exercises/BGL1_D_E14.txt","los estafadores le (quitaron) [robaron] más dinero","LIL","motivation","learner_response","learner_response","positive_emotion","original","rater_2",1,0
"BGL1_D","./data/processed/exercises/BGL1_D_E04.txt","no entiendo por qué el personal del aeropuerto no nos quería comunicar que (esto) [esta] era la causa","LIL","motivation","learner_response","learner_response","positive_emotion","original","rater_2",1,0
"RCF1_D","./data/processed/exercises/RCF1_D_E10.txt","(nosotros) estamos seguros de que","LIL","motivation","learner_response","learner_response","positive_emotion","original","rater_2",0,1
"RCF1_D","./data/processed/exercises/RCF1_D_E08.txt","nos llaman (frequentemente) [frecuentemente]","LIL","motivation","learner_response","learner_response","positive_emotion","original","rater_2",0,1
"RDL1_D","./data/processed/exercises/RDL1_D_E11.txt","una queja formal relativa (de) [a] estafas y fraudes","LIL","motivation","learner_response","learner_response","positive_emotion","original","rater_2",1,0
"ASM1_D","./data/processed/exercises/ASM1_D_E09.txt","y (vine) [fui] con mi madre allí","LIL","motivation","learner_response","learner_response","positive_emotion","original","rater_2",1,0
"RHO1_D","./data/processed/exercises/RHO1_D_E08.txt","expliqué mi experiencia (sólo) [solo] para recibir comentarios","LIL","motivation","learner_response","learner_response","positive_emotion","original","rater_2",0,1
"RHO1_D","./data/processed/exercises/RHO1_D_E01.txt","aseguró mi cuenta (por congelarla) [congelándola]","LIL","motivation","learner_response","learner_response","positive_emotion","original","rater_2",0,1
"CCQ1_D","./data/processed/exercises/CCQ1_D_E10.txt","(debiá) [debía] ser / que se (sitúaba) [situaba]","LIL","motivation","learner_response","learner_response","positive_emotion","original","rater_2",1,0
"RRS1_D","./data/processed/exercises/RRS1_D_E10.txt","y comencé a (llenar) [rellenar] el formulario","LIL","motivation","learner_response","learner_response","positive_emotion","original","rater_2",1,0
"RRS1_D","./data/processed/exercises/RRS1_D_E04.txt","y siempre me (ha) [han] apasionado el idioma y la cultura / mi amor por la lengua y la cultura (hispanohablante) [hispanohablantes]","LIL","motivation","learner_response","learner_response","positive_emotion","original","rater_2",1,0
"RRS1_D","./data/processed/exercises/RRS1_D_E15.txt","(avísame) [dime] si ahora funciona correctamente","LIL","motivation","learner_response","learner_response","positive_emotion","original","rater_2",1,0
"CAY1_J","./data/processed/exercises/CAY1_J_E06.txt","estaba muy sorprendido (porqué) [porque] pensaba que","LIL","motivation","learner_response","learner_response","positive_emotion","original","rater_2",1,0
"CBH1_J","./data/processed/exercises/CBH1_J_E08.txt","cenar en (una) [un] restaurante no era tan (barata) [barato] / fue (un) [una] actividad muy (duro) [dura] / y con eso empezó la (segundo) [segunda] parte de mi crecimiento","LIL","motivation","learner_response","learner_response","positive_emotion","original","rater_2",1,0
"CBH1_J","./data/processed/exercises/CBH1_J_E10.txt","desde que llegué aquí [a] Pamplona / empezar [a] cocinar / si quiero (a) comer","LIL","motivation","learner_response","learner_response","positive_emotion","original","rater_2",1,0
"EBM1_J","./data/processed/exercises/EBM1_J_E15.txt","(llegé) [llegué]","LIL","motivation","learner_response","learner_response","positive_emotion","original","rater_2",0,1
"KCP1_J","./data/processed/exercises/KCP1_J_E14.txt","oportunidad (para) [de] celebrar / viniendo (en) [a] nuestra casa / llegué (en) [a] Pamplona","LIL","motivation","learner_response","learner_response","positive_emotion","original","rater_2",1,0
"CJS1_J","./data/processed/exercises/CJS1_J_E04.txt","entonces, me siento (orgulloso) [orgullosa] de haber venido a España","LIL","motivation","learner_response","learner_response","positive_emotion","original","rater_2",1,0
"CJS1_J","./data/processed/exercises/CJS1_J_E01.txt","montar a caballo (en zigzag) [haciendo eslalon]","LIL","motivation","learner_response","learner_response","positive_emotion","original","rater_2",1,0
"FJA1_J","./data/processed/exercises/FJA1_J_E14.txt","fue un momento muy emocionante para (mi) [mí] / (salte) [salté]","LIL","motivation","learner_response","learner_response","positive_emotion","original","rater_2",1,0
"CYS1_J","./data/processed/exercises/CYS1_J_E09.txt","el día más caótico (en) [de] mi vida","LIL","motivation","learner_response","learner_response","positive_emotion","original","rater_2",0,1
"RNM1_J","./data/processed/exercises/RNM1_J_E06.txt","(circuló) [círculo]","LIL","motivation","learner_response","learner_response","positive_emotion","original","rater_2",1,0
"EPE1_J","./data/processed/exercises/EPE1_J_E04.txt","era (tiempo por) [hora de] volver a casa","LIL","motivation","learner_response","learner_response","positive_emotion","original","rater_2",1,0
"PSJ1_J","./data/processed/exercises/PSJ1_J_E08.txt","y ahora (jugo) [juego] cada semana / (cafetaria) [cafetería]","LIL","motivation","learner_response","learner_response","positive_emotion","original","rater_2",1,0
"PSJ1_J","./data/processed/exercises/PSJ1_J_E11.txt","cuando (nos) llegamos a casa","LIL","motivation","learner_response","learner_response","positive_emotion","original","rater_2",1,0
"TSD1_J","./data/processed/exercises/TSD1_J_E11.txt","un acuario muy (largo) [grande]","LIL","motivation","learner_response","learner_response","positive_emotion","original","rater_2",1,0
"TSD1_J","./data/processed/exercises/TSD1_J_E05.txt","(este) [ese] fin de semana, me desperté","LIL","motivation","learner_response","learner_response","positive_emotion","original","rater_2",1,0
"JTS1_J","./data/processed/exercises/JTS1_J_E04.txt","en tres (gran) [grandes] coches","LIL","motivation","learner_response","learner_response","positive_emotion","original","rater_2",1,0
"JTS1_J","./data/processed/exercises/JTS1_J_E07.txt","servicio (de) [al] cliente","LIL","motivation","learner_response","learner_response","positive_emotion","original","rater_2",1,0
"CPS1_J","./data/processed/exercises/CPS1_J_E02.txt","que (era) [estaba] muy lejos de casa","LIL","motivation","learner_response","learner_response","positive_emotion","original","rater_2",1,0
"CPS1_J","./data/processed/exercises/CPS1_J_E10.txt","(tambien) [también]","LIL","motivation","learner_response","learner_response","positive_emotion","original","rater_2",1,0
