participant_ID,text_file,age,sex,country,background,languages_spoken,level,error,error_type,gram_cat,exercise_type,exercise_format,why_solve,overall_usefulness_score,search,external_source,interference,l1_comparison,l2_comparison,productive_metalinguistic,receptive_explanation,examples,images,focused,productive_retrieval,recall,retrieval,multiple_retrievals,spaced_retrievals,option_comparison,sentence_creation,composition_creation,complete,exercise_score,evaluation_score,understanding,belief,recognition_imm,correction_imm,overall_score_imm,recognition_del,correction_del,overall_score_del,overall_experience_score,time_invested
ILA1_I,./data/processed/exercises/ILA1_I_E01.txt,20,F,Italy,Language and Literature,3,Intermediate,cuando empecé la universidad me mudé (en) [a] Siena para estudiar idiomas / Me gustaría pensar (a) [en] esta asignatura como si fuera,Government,Preposition / Preposition,5E,Multiple choice,to learn from my mistakes,4,1,1,1,0,0,1,0,0,0,0,0,0,1,1,1,1,0,0,0,7.8,4,1,useful,0,0,5.33,1,1,6,4,180
ILA1_I,./data/processed/exercises/ILA1_I_E02.txt,20,F,Italy,Language and Literature,3,Intermediate,ahora estoy en el (tercero) [tercer] y último año de Mediación Lingüística,Substitution,Adjective,5E,Reorder,to learn from my mistakes,4,0,1,1,0,1,0,1,1,0,0,0,0,1,0,0,1,1,0,1,9,4,1,useful,1,1,5.33,1,1,6,4,180
ILA1_I,./data/processed/exercises/ILA1_I_E03.txt,20,F,Italy,Language and Literature,3,Intermediate,aprender (como) [cómo] hacer una traducción,Substitution,Adverb,"2L, 2M, 5E","Matching, writing",to learn from my mistakes,4,0,1,1,1,0,1,1,0,0,0,0,0,1,1,1,1,1,0,1,10,4,1,useful,1,1,5.33,1,1,6,4,180
ILA1_I,./data/processed/exercises/ILA1_I_E04.txt,20,F,Italy,Language and Literature,3,Intermediate,punto de (partido) [partida],Substitution,Noun,2F,"Binary choice, reflection, writing",to learn from my mistakes,4,1,1,1,0,0,1,0,0,0,0,0,1,1,1,1,1,1,1,0,9.29,4,1,useful,1,1,5.33,1,1,6,4,180
ILA1_I,./data/processed/exercises/ILA1_I_E05.txt,20,F,Italy,Language and Literature,3,Intermediate,La IA puede analizar datos personales de salud y actividad física para ofrecer recomendaciones de entreno personalizadas (sino también) [y] consejos sobre nutrición y prevención de lesiones.,Substitution,Conjunctive phrase,"2F, 2K","Fill-in-the-blanks, reflection",to learn from my mistakes,4,1,1,0,0,0,1,0,0,0,1,0,0,1,1,0,1,0,1,1,10,4,1,useful,1,1,5.33,0,0,6,4,180
ILA1_I,./data/processed/exercises/ILA1_I_E06.txt,20,F,Italy,Language and Literature,3,Intermediate,"[Además, ] Este curso me ayudó (también) a relacionarme mejor con la lengua en general también en un sentido discursivo, comunicativo y oral también.",Substitution,Adverb,2G,Sentence combining,to learn from my mistakes,4,0,1,1,0,0,0,1,1,0,1,0,0,1,1,0,1,1,0,1,10,4,1,useful,0,0,5.33,0,0,6,4,180
ILA1_I,./data/processed/exercises/ILA1_I_E07.txt,20,F,Italy,Language and Literature,3,Intermediate,Mi objetivo es lograr hablar y hacer (dibujos) [esquemas] sobre temas importantes de la literatura más fluidamente.,Substitution,Noun,"2I, 5E",Picture-based writing,to learn from my mistakes,4,0,1,1,0,0,1,1,0,1,1,0,0,1,1,1,1,1,0,1,10,4,1,useful,1,1,5.33,1,1,6,4,180
ILA1_I,./data/processed/exercises/ILA1_I_E08.txt,20,F,Italy,Language and Literature,3,Intermediate,Es el lugar donde yo (nacì) [nací],Creation,Verb,5A,Accent placement exercise,to learn from my mistakes,4,1,1,0,0,0,0,1,0,0,0,0,1,1,0,0,0,0,0,1,10,4,1,useful,0,0,5.33,0,0,6,4,180
ILA1_I,./data/processed/exercises/ILA1_I_E09.txt,20,F,Italy,Language and Literature,3,Intermediate,Una traducción y también (una) [un] análisis (crítica) [crítico] de los textos que tratamos,Gender,Noun,1A,Fill-in-the-blanks,to learn from my mistakes,4,1,1,0,0,0,0,1,1,0,0,0,1,1,0,0,0,0,0,1,9,4,1,useful,0,0,5.33,0,0,6,4,180
ILA1_I,./data/processed/exercises/ILA1_I_E10.txt,20,F,Italy,Language and Literature,3,Intermediate,Me defino como una persona muy tímida pero al mismo tiempo muy (solar) [alegre],Substitution,Adjective,5E,Binary choice,to learn from my mistakes,4,1,1,1,1,0,0,0,0,0,0,0,0,1,0,0,1,0,0,1,8.33,4,1,useful,0,0,5.33,1,1,6,4,180
ILA1_I,./data/processed/exercises/ILA1_I_E11.txt,20,F,Italy,Language and Literature,3,Intermediate,"Ver cómo los autores españoles desarrollan sus pensamientos, como (lo) [los] ponen por escrito",Number,Noun,2G,Rewriting,to learn from my mistakes,4,0,1,0,0,0,0,1,1,0,0,1,1,1,1,1,1,1,0,1,10,4,1,useful,1,1,5.33,1,1,6,4,180
ILA1_I,./data/processed/exercises/ILA1_I_E12.txt,20,F,Italy,Language and Literature,3,Intermediate,"Ver cómo los autores españoles desarrollan sus (pensamiento) [pensamientos], como los ponen por escrito",Number,Noun,3B,Fill-in-the-blanks,to learn from my mistakes,4,1,1,0,0,0,0,0,1,0,1,1,1,1,0,0,1,0,0,1,9,4,1,useful,0,0,5.33,1,1,6,4,180
ILA1_I,./data/processed/exercises/ILA1_I_E13.txt,20,F,Italy,Language and Literature,3,Intermediate,Una (apoplejía) [conmoción] que me vio crecer desde todos los puntos de vista,Substitution,Noun,"2L, 5E","Matching, writing",to learn from my mistakes,4,0,1,1,0,0,0,0,0,0,1,0,0,1,1,1,1,1,0,1,10,4,1,useful,1,1,5.33,1,1,6,4,180
ILA1_I,./data/processed/exercises/ILA1_I_E14.txt,20,F,Italy,Language and Literature,3,Intermediate,"Puede ser también una imagen simple, una publicidad sin (escritas) [escritos] y sin palabras",Substitution,Noun,5E,"Classification, fill-in-the-blanks",to learn from my mistakes,4,0,1,0,0,0,0,1,1,0,0,1,1,1,0,0,0,0,0,1,10,4,1,useful,0,0,5.33,0,0,6,4,180
ILA1_I,./data/processed/exercises/ILA1_I_E15.txt,20,F,Italy,Language and Literature,3,Intermediate,Me defino [como] una persona muy tímida,Ellipsis,Preposition,"3B, 2G","Fill-in-the-blanks, rewriting",to learn from my mistakes,4,0,1,0,0,0,0,0,0,0,1,0,0,1,1,1,1,1,0,1,6.3,2,0,confusing,1,1,5.33,0,0,6,4,180
FGC1_I,./data/processed/exercises/FGC1_I_E01.txt,20,F,France,Language and Literature,3,Superior,Un evento (tan) [muy] esperado a principios de año,Substitution,Adverb,5E,Binary choice,it was required,3,0,1,1,0,0,0,1,1,0,1,0,0,1,1,0,1,0,0,1,9,2,1,already acquired,1,1,5.33,1,1,4.67,2.5,240
FGC1_I,./data/processed/exercises/FGC1_I_E02.txt,20,F,France,Language and Literature,3,Superior,(taréa) [tarea],Creation,Noun,5A,Accent placement exercise,it was required,3,1,1,0,0,0,0,1,0,0,0,0,1,1,0,0,0,0,0,1,10,1,1,already acquired,1,1,5.33,0,0,4.67,2.5,240
FGC1_I,./data/processed/exercises/FGC1_I_E03.txt,20,F,France,Language and Literature,3,Superior,"Este fenómeno ha sido percibido en el mundo entero, (dando lugar a millones de personas cautivadas) [cautivando a millones de personas]",Analysis,Verb,2G,Rewriting,it was required,3,1,1,0,0,0,0,0,1,0,0,1,1,1,0,0,1,1,0,1,8.33,4,1,useful,0,0,5.33,1,1,4.67,2.5,240
FGC1_I,./data/processed/exercises/FGC1_I_E04.txt,20,F,France,Language and Literature,3,Superior,Solo se habían producido diez pasos de la sombra de la Luna (sobre) [por delante de] la Tierra durante este siglo,Government,Preposition,5E,Multiple choice,it was required,3,1,1,1,0,0,1,0,0,0,0,0,0,1,1,1,1,0,0,1,6.3,3,1,useful,0,0,5.33,0,0,4.67,2.5,240
FGC1_I,./data/processed/exercises/FGC1_I_E05.txt,20,F,France,Language and Literature,3,Superior,(Este) [Ese] eclipse solar total comenzó,Substitution,Adjective,3B,Fill-in-the-blanks,it was required,3,0,1,1,0,0,0,1,0,0,1,0,0,1,1,1,1,0,0,1,8.33,1,1,already acquired,1,1,5.33,0,0,4.67,2.5,240
FGC1_I,./data/processed/exercises/FGC1_I_E06.txt,20,F,France,Language and Literature,3,Superior,"Este fenómeno, que se produce al (transitar) [cubrir] la luna (por delante de) el sol",Analysis,Verb,"2A, 2M","Vocabulary extraction, translation",it was required,3,1,1,0,1,0,1,0,0,0,0,0,0,1,0,0,0,0,0,1,7.3,3,1,new vocabulary,1,1,5.33,0,0,4.67,2.5,240
FGC1_I,./data/processed/exercises/FGC1_I_E07.txt,20,F,France,Language and Literature,3,Superior,Los más afortunados pudieron vivir unos minutos sumergidos en la oscuridad más (total) [absoluta] en pleno día,Substitution,Adjective,2G,Rewriting,it was required,3,1,1,0,1,0,0,0,1,0,0,1,1,1,0,0,0,1,0,1,8.6,4,1,useful,0,0,5.33,0,0,4.67,2.5,240
FGC1_I,./data/processed/exercises/FGC1_I_E08.txt,20,F,France,Language and Literature,3,Superior,este impresionante (espécimen) [fenómeno] celestial,Substitution,Noun,"3A, 5D",Leave the odd one out,it was required,3,1,1,1,0,0,0,0,0,0,0,0,0,1,1,1,1,0,0,1,5,3,1,new vocabulary,0,0,5.33,0,0,4.67,2.5,240
FGC1_I,./data/processed/exercises/FGC1_I_E09.txt,20,F,France,Language and Literature,3,Superior,Puede percibir las informaciones más (rápidas) [rápido],Substitution,Adverb,5E,Multiple choice,it was required,3,1,1,1,0,0,1,0,0,0,0,0,0,1,1,1,1,0,0,1,7.5,4,1,useful,0,0,5.33,1,1,4.67,2.5,240
FGC1_I,./data/processed/exercises/FGC1_I_E10.txt,20,F,France,Language and Literature,3,Superior,para (mi) [mí],Substitution,Pronoun,"2L, 2M, 5E","Matching, writing",it was required,3,0,1,1,1,0,1,0,0,0,0,0,0,1,1,1,1,1,0,1,9.5,1,1,already acquired,1,1,5.33,1,1,4.67,2.5,240
FGC1_I,./data/processed/exercises/FGC1_I_E11.txt,20,F,France,Language and Literature,3,Superior,En el programa radiofónico (se ha tratado de) [se han tratado] las ventajas cognitivas de los bilingües,Substitution,Verb,5E,Multiple choice,it was required,3,0,1,1,0,0,0,1,1,0,1,0,0,1,1,0,1,0,0,1,6,4,1,new vocabulary,1,1,5.33,1,1,4.67,2.5,240
FGC1_I,./data/processed/exercises/FGC1_I_E12.txt,20,F,France,Language and Literature,3,Superior,"No solo porque estamos en un mundo multicultural, sino (que) también (para hacer trabajar el cerebro) [porque propicia que el cerebro trabaje]",Substitution,Conjunctive phrase,2K,Reflection,it was required,3,1,1,0,0,0,1,1,1,0,1,0,0,1,1,0,1,0,1,1,10,3,1,useful,0,0,5.33,0,0,4.67,2.5,240
FGC1_I,./data/processed/exercises/FGC1_I_E13.txt,20,F,France,Language and Literature,3,Superior,(tardar) [retrasar] enfermedades,Substitution,Verb,5E,"Binary choice, reflection",it was required,3,1,1,1,0,0,1,0,0,0,1,0,1,1,1,1,1,0,1,1,9,3,1,useful,1,1,5.33,1,1,4.67,2.5,240
FGC1_I,./data/processed/exercises/FGC1_I_E14.txt,20,F,France,Language and Literature,3,Superior,Me parece (coherente) [lógico] que,Substitution,Adjective,5E,"Reflection, writing",it was required,3,1,1,0,0,0,1,0,0,0,0,1,1,1,1,1,0,1,0,0,4.5,1,1,already acquired,1,1,5.33,1,1,4.67,2.5,240
FGC1_I,./data/processed/exercises/FGC1_I_E15.txt,20,F,France,Language and Literature,3,Superior,(pues) [así pues],Substitution,Adverb,3B,Fill-in-the-blanks,it was required,3,1,1,1,0,0,0,0,0,0,0,0,0,1,0,0,1,0,0,1,4,2,1,already acquired,0,0,5.33,0,0,4.67,2.5,240
RCS1_I,./data/processed/exercises/RCS1_I_E01.txt,20,F,UK,Economics,2,Intermediate,una nueva flexibilidad y autonomía (ha) [han] mejorado,Number,Noun,5E,Multiple choice,to learn from my mistakes,3,1,1,0,0,0,0,0,0,0,1,0,0,1,0,0,1,0,0,1,6.7,2,1,useful,0,0,4.67,1,1,4.67,2.5,150
RCS1_I,./data/processed/exercises/RCS1_I_E02.txt,20,F,UK,Economics,2,Intermediate,(adoptar) [encontrar] un equilibrio,Substitution,Verb,"3A, 5D",Leave the odd one out,to learn from my mistakes,3,1,1,1,0,0,0,0,0,0,0,0,0,1,1,0,1,0,0,1,5,4,1,useful,0,0,4.67,0,0,4.67,2.5,150
RCS1_I,./data/processed/exercises/RCS1_I_E03.txt,20,F,UK,Economics,2,Intermediate,(articulo) [artículo],Substitution,Noun,2I,Picture-based writing,to learn from my mistakes,3,0,1,1,0,0,1,0,0,1,1,0,0,1,1,0,1,1,0,1,5,1,1,too easy,0,0,4.67,0,0,4.67,2.5,150
RCS1_I,./data/processed/exercises/RCS1_I_E04.txt,20,F,UK,Economics,2,Intermediate,¿(Sólo) [Solo] una tendencia o una nueva normalidad?,Creation,Adverb,2K,Reflection,to learn from my mistakes,3,0,1,0,0,0,1,0,0,0,1,0,0,1,1,0,1,0,1,1,6.7,2,1,useful,0,0,4.67,0,0,4.67,2.5,150
RCS1_I,./data/processed/exercises/RCS1_I_E05.txt,20,F,UK,Economics,2,Intermediate,implicaciones (éticos) [éticas],Gender,Noun,1A,Fill-in-the-blanks,to learn from my mistakes,3,1,1,0,0,0,0,1,1,0,0,0,1,1,0,0,0,0,0,1,10,2,1,useful,1,1,4.67,1,1,4.67,2.5,150
RCS1_I,./data/processed/exercises/RCS1_I_E06.txt,20,F,UK,Economics,2,Intermediate,avances (a la) [en] tecnología,Government,Preposition,5E,Multiple choice,to learn from my mistakes,3,1,1,1,0,0,1,0,0,0,0,0,0,1,1,1,1,0,0,1,7.14,3,1,useful,1,1,4.67,1,1,4.67,2.5,150
RCS1_I,./data/processed/exercises/RCS1_I_E07.txt,20,F,UK,Economics,2,Intermediate,(esta) [está] dedicada,Substitution,Verb,5A,"Matching, writing",to learn from my mistakes,3,0,1,1,1,0,1,0,0,0,0,0,0,1,1,1,1,1,0,1,8,4,1,useful,0,0,4.67,0,0,4.67,2.5,150
RCS1_I,./data/processed/exercises/RCS1_I_E08.txt,20,F,UK,Economics,2,Intermediate,"(También,) [Además, ] menciona los principios",Substitution,Adverb,2G,Sentence combining,to learn from my mistakes,3,0,1,1,0,0,0,1,1,0,1,0,0,1,1,0,1,1,0,1,6,4,1,new vocabulary,1,1,4.67,0,0,4.67,2.5,150
RCS1_I,./data/processed/exercises/RCS1_I_E09.txt,20,F,UK,Economics,2,Intermediate,(introduce) [implica] nuevos retos,Substitution,Verb,5E,Binary choice,to learn from my mistakes,3,1,1,1,1,0,1,0,0,0,0,0,0,1,0,0,1,0,0,1,8.3,3,1,useful,1,1,4.67,1,1,4.67,2.5,150
RCS1_I,./data/processed/exercises/RCS1_I_E10.txt,20,F,UK,Economics,2,Intermediate,A menudo (se) denominado teletrabajo,Pronoun,Verb,"5E, 2K",Reflection,to learn from my mistakes,3,1,1,1,0,0,1,0,0,0,1,0,0,1,1,0,1,0,1,1,8.75,2,1,useful,0,0,4.67,0,0,4.67,2.5,150
RCS1_I,./data/processed/exercises/RCS1_I_E11.txt,20,F,UK,Economics,2,Intermediate,(éticos médicas) [ética médica],Creation,Noun,2M,Translation,to learn from my mistakes,3,1,1,0,1,0,1,0,1,0,0,1,1,1,0,0,0,0,0,1,10,1,1,too easy,1,1,4.67,1,1,4.67,2.5,150
RCS1_I,./data/processed/exercises/RCS1_I_E12.txt,20,F,UK,Economics,2,Intermediate,(producirá una regresión) [volverá],Analysis,Verb,"2I, 2G",Rewriting,to learn from my mistakes,3,1,1,0,0,0,0,0,1,0,0,1,1,1,0,0,1,1,0,1,4,1,1,too easy,0,0,4.67,0,0,4.67,2.5,150
RCS1_I,./data/processed/exercises/RCS1_I_E13.txt,20,F,UK,Economics,2,Intermediate,los retos y (limitantes) [limitaciones] de la pandemia,Substitution,Noun,5E,"Reflection, writing",to learn from my mistakes,3,0,1,1,0,0,0,1,0,0,0,0,0,1,1,1,1,1,1,1,10,2,1,useful,0,0,4.67,1,1,4.67,2.5,150
RCS1_I,./data/processed/exercises/RCS1_I_E14.txt,20,F,UK,Economics,2,Intermediate,según (de) una encuesta,Government,Preposition,3B,Fill-in-the-blanks,to learn from my mistakes,3,1,1,0,0,0,0,0,0,0,0,0,0,1,0,0,1,0,0,1,7.5,2,1,useful,1,1,4.67,1,1,4.67,2.5,150
RCS1_I,./data/processed/exercises/RCS1_I_E15.txt,20,F,UK,Economics,2,Intermediate,(violación) [filtración] de datos,Substitution,Noun,"2A, 2M","Vocabulary extraction, translation",to learn from my mistakes,3,1,1,0,1,0,1,0,0,0,0,0,0,1,0,0,0,0,0,1,10,3,1,useful,1,1,4.67,0,0,4.67,2.5,150
RUE1_I,./data/processed/exercises/RUE1_I_E01.txt,22,F,UK,Economics,2,Advanced,"(También,) [Además, ]",Substitution,Adverb,2G,Sentence combining,to learn from my mistakes,3.5,0,1,1,0,0,0,1,1,0,1,0,0,1,1,0,1,1,0,1,5,4,1,very clear,1,1,7.33,1,1,6,4,300
RUE1_I,./data/processed/exercises/RUE1_I_E02.txt,22,F,UK,Economics,2,Advanced,problemas (de) [en] la relación,Government,Preposition,"5E, 2M","Binary choice, translation",to learn from my mistakes,3.5,0,1,1,1,0,1,0,1,0,1,0,0,1,1,0,1,1,0,1,7.14,3,1,repetitive,0,0,7.33,1,1,6,4,300
RUE1_I,./data/processed/exercises/RUE1_I_E03.txt,22,F,UK,Economics,2,Advanced,las tendencias (mostraron) [se detectaron] en ambos sexos,Substitution,Verb,"3A, 5D",Leave the odd one out,to learn from my mistakes,3.5,1,1,1,0,0,0,0,0,0,0,0,0,1,1,0,1,0,0,1,10,3,1,too easy,1,1,7.33,0,0,6,4,300
RUE1_I,./data/processed/exercises/RUE1_I_E04.txt,22,F,UK,Economics,2,Advanced,la intensidad y la cantidad de ejercicios (necesarias) [necesarios],Gender,Noun,5E,Multiple choice,to learn from my mistakes,3.5,1,1,0,0,0,0,0,0,0,0,0,0,1,0,0,1,0,0,1,6.67,3,1,too easy,0,0,7.33,0,0,6,4,300
RUE1_I,./data/processed/exercises/RUE1_I_E05.txt,22,F,UK,Economics,2,Advanced,(uno de los críticos) [una de las críticas],Substitution,Noun,2F,"Binary choice, reflection, writing",to learn from my mistakes,3.5,1,1,1,0,0,1,0,0,0,0,0,1,1,1,1,1,1,1,1,9,4,1,useful,1,1,7.33,1,1,6,4,300
RUE1_I,./data/processed/exercises/RUE1_I_E06.txt,22,F,UK,Economics,2,Advanced,una de las [mayores] críticas (mayores),Order,Adjective,5E,Reorder,to learn from my mistakes,3.5,0,1,0,1,0,0,1,1,0,0,0,0,1,0,0,1,1,0,1,7,4,1,useful,1,1,7.33,1,1,6,4,300
RUE1_I,./data/processed/exercises/RUE1_I_E07.txt,22,F,UK,Economics,2,Advanced,las muchas (de) variables que pueden tener impacto,Government,Preposition,"3H, 5E",Table-based collocation combining,to learn from my mistakes,3.5,1,1,0,0,0,0,0,0,0,0,1,1,1,0,0,1,1,0,1,10,4,1,useful,1,1,7.33,1,1,6,4,300
RUE1_I,./data/processed/exercises/RUE1_I_E08.txt,22,F,UK,Economics,2,Advanced,toda mi familia (son escoceses) [es escocesa],Number,Noun,"5E, 2M","Binary choice, translation",to learn from my mistakes,3.5,1,1,0,1,0,0,0,0,0,0,0,1,1,1,1,1,0,0,1,8.6,3,1,too easy,1,1,7.33,1,1,6,4,300
RUE1_I,./data/processed/exercises/RUE1_I_E09.txt,22,F,UK,Economics,2,Advanced,(auto declarados) [autodeclarados],Creation,Adjective,"2J, 1D",Writing,to learn from my mistakes,3.5,1,1,0,0,0,0,1,1,0,0,1,1,1,1,1,0,1,0,1,8,4,1,new vocabulary,1,1,7.33,0,0,6,4,300
RUE1_I,./data/processed/exercises/RUE1_I_E10.txt,22,F,UK,Economics,2,Advanced,a un nivel mucho más alto [del] que puedo hablar,Government,Preposition,1D,Fill-in-the-blanks,to learn from my mistakes,3.5,1,1,1,0,0,0,0,1,0,0,1,1,1,1,1,1,0,0,1,5,3,1,repetitive,0,0,7.33,0,0,6,4,300
RUE1_I,./data/processed/exercises/RUE1_I_E11.txt,22,F,UK,Economics,2,Advanced,la mayor fuente de investigación (llega al) [proviene del] cuestionario,Substitution,Verb,"2I, 5E","Picture-based writing, reflection",to learn from my mistakes,3.5,0,1,1,0,0,1,0,0,1,1,1,1,1,1,0,1,1,1,1,10,4,1,"creative, useful",1,1,7.33,1,1,6,4,300
RUE1_I,./data/processed/exercises/RUE1_I_E12.txt,22,F,UK,Economics,2,Advanced,al finalizar (de) este periodo,Government,Preposition,"2G, 2I","Error correction, writing",to learn from my mistakes,3.5,1,1,1,0,0,0,0,0,0,1,1,1,1,1,1,1,1,0,1,8.75,3,1,confusing,1,1,7.33,1,1,6,4,300
RUE1_I,./data/processed/exercises/RUE1_I_E13.txt,22,F,UK,Economics,2,Advanced,manifestarse (en forma oral) [oralmente],Analysis,Adverb,5E,Reflection,to learn from my mistakes,3.5,1,1,1,0,0,1,0,1,0,0,1,1,1,0,0,1,0,0,1,6,4,1,useful,1,1,7.33,1,1,6,4,300
RUE1_I,./data/processed/exercises/RUE1_I_E14.txt,22,F,UK,Economics,2,Advanced,reacciones (en persona) [cara a cara],Substitution,Adverb,5E,"Binary choice, reflection",to learn from my mistakes,3.5,1,1,1,0,0,1,0,0,0,1,0,1,1,1,1,1,0,1,1,8.63,4,1,new vocabulary,0,0,7.33,0,0,6,4,300
RUE1_I,./data/processed/exercises/RUE1_I_E15.txt,22,F,UK,Economics,2,Advanced,países como (en) [los de] América Latina,Substitution,Pronoun,"2G, 5E","Error correction, writing",to learn from my mistakes,3.5,1,1,0,0,0,0,0,0,0,1,1,1,1,1,0,1,1,0,1,8.57,3,1,repetitive,1,1,7.33,0,0,6,4,300
RGH1_I,./data/processed/exercises/RGH1_I_E01.txt,21,F,UK,International Relations,4,Advanced,"(También,) [Además, ]",Substitution,Adverb,2G,Sentence combining,it was required,3,0,0,1,0,0,0,1,1,0,1,0,0,1,1,0,1,1,0,1,7,3,1,difficult,0,0,7.33,0,0,4,2.5,150
RGH1_I,./data/processed/exercises/RGH1_I_E02.txt,21,F,UK,International Relations,4,Advanced,artículo (llamada) [llamado],Gender,Noun,1A,Fill-in-the-blanks,it was required,3,1,0,0,0,0,0,1,1,0,0,0,1,1,0,0,0,0,0,1,10,1,1,too easy,1,1,7.33,1,1,4,2.5,150
RGH1_I,./data/processed/exercises/RGH1_I_E03.txt,21,F,UK,International Relations,4,Advanced,(porque) [por qué],Substitution,Adverb,"2K, 2M","Reflection, writing, translation",it was required,3,1,0,1,1,0,1,0,1,0,1,0,0,1,1,1,1,0,1,0,6.7,4,1,new vocabulary,0,0,7.33,0,0,4,2.5,150
RGH1_I,./data/processed/exercises/RGH1_I_E04.txt,21,F,UK,International Relations,4,Advanced,(está) [esta] decisión,Substitution,Adjective,"2L, 5E","Matching, writing",it was required,3,0,0,1,1,0,1,0,0,0,0,0,0,1,1,1,1,1,0,1,10,2,1,difficult,1,1,7.33,0,0,4,2.5,150
RGH1_I,./data/processed/exercises/RGH1_I_E05.txt,21,F,UK,International Relations,4,Advanced,(asi) [así] que,Creation,Conjunctive phrase,3B,Fill-in-the-blanks,it was required,3,1,0,0,0,0,0,0,0,0,0,0,0,1,0,0,1,0,0,1,6,4,1,useful,1,1,7.33,0,0,4,2.5,150
RGH1_I,./data/processed/exercises/RGH1_I_E06.txt,21,F,UK,International Relations,4,Advanced,nos permite (a) evaluar,Government,Preposition,"3H, 5E","Table-based collocation combining, writing",it was required,3,1,0,1,0,0,0,0,0,0,0,0,0,1,1,1,1,1,0,0,7.27,1,1,"difficult, not useful",1,1,7.33,1,1,4,2.5,150
RGH1_I,./data/processed/exercises/RGH1_I_E07.txt,21,F,UK,International Relations,4,Advanced,mis estudios normalmente [se] enfocan,Pronoun,Verb,5E,Reflection,it was required,3,1,0,1,0,0,1,0,0,0,1,0,0,1,1,0,1,0,1,1,8,3,1,useful,1,1,7.33,1,1,4,2.5,150
RGH1_I,./data/processed/exercises/RGH1_I_E08.txt,21,F,UK,International Relations,4,Advanced,(últimamente) [a fin de cuentas],Substitution,Adverb,5E,Binary choice,it was required,3,1,0,1,1,0,0,0,0,0,0,0,0,1,0,0,1,0,0,0,6.67,3,1,useful,1,1,7.33,1,1,4,2.5,150
RGH1_I,./data/processed/exercises/RGH1_I_E09.txt,21,F,UK,International Relations,4,Advanced,(tambien) [también],Creation,Adverb,5A,Accent placement exercise,it was required,3,1,0,0,0,0,0,1,0,0,0,0,1,1,0,0,0,0,0,1,6.67,4,1,"useful, explicit rule",1,1,7.33,0,0,4,2.5,150
RGH1_I,./data/processed/exercises/RGH1_I_E10.txt,21,F,UK,International Relations,4,Advanced,me (encanta) [encantan] las lenguas,Number,Noun,5E,Multiple choice,it was required,3,1,0,0,0,0,0,0,0,0,0,0,0,1,0,0,1,0,0,1,5,2,1,"difficult, not useful",0,0,7.33,0,0,4,2.5,150
RGH1_I,./data/processed/exercises/RGH1_I_E11.txt,21,F,UK,International Relations,4,Advanced,(sentirse grasiento) [estar aceitoso],Substitution,Verb,"2M, 5E","Translation, writing",it was required,3,0,0,1,1,0,0,0,0,0,0,0,0,1,1,0,1,1,0,0,0,1,0,did not know what to do,0,0,7.33,0,0,4,2.5,150
RGH1_I,./data/processed/exercises/RGH1_I_E12.txt,21,F,UK,International Relations,4,Advanced,situaciones políticas (en) [de] todo el mundo,Government,Preposition,5E,Multiple choice,it was required,3,1,0,1,0,0,0,0,0,0,0,0,0,1,1,1,1,0,0,1,8.33,2,1,"difficult, not useful",1,1,7.33,0,0,4,2.5,150
RGH1_I,./data/processed/exercises/RGH1_I_E13.txt,21,F,UK,International Relations,4,Advanced,identificar las características de textos distintos y lo que los (hacen) [hace] diferentes,Number,Verb,2G,Sentence combining,it was required,3,1,0,1,0,0,0,0,1,0,1,0,0,1,1,0,1,1,0,1,6,3,1,no explicit rule,1,1,7.33,0,0,4,2.5,150
RGH1_I,./data/processed/exercises/RGH1_I_E14.txt,21,F,UK,International Relations,4,Advanced,no he estudiado literatura (desde hace) [en] cinco años,Government,Preposition,5E,"Binary choice, writing",it was required,3,0,0,1,0,0,0,1,1,0,1,0,0,1,1,1,1,0,0,1,9,2,1,too easy,1,1,7.33,1,1,4,2.5,150
RGH1_I,./data/processed/exercises/RGH1_I_E15.txt,21,F,UK,International Relations,4,Advanced,(un) [una] parte,Substitution,Noun,2F,"Binary choice, reflection, writing",it was required,3,1,0,1,0,0,1,0,0,0,0,0,1,1,1,1,1,1,1,1,10,4,1,new vocabulary,1,1,7.33,1,1,4,2.5,150
FMH1_I,./data/processed/exercises/FMH1_I_E01.txt,20,M,France,Language and Literature,3,Superior,(ser tocados por) [ser víctimas de] un terremoto,Substitution,Verb,2G,Rewriting,it was required,2.5,1,1,0,1,0,0,0,1,0,0,1,1,1,0,0,0,1,0,1,10,2,1,too difficult,1,1,6.67,1,1,5.33,2,180
FMH1_I,./data/processed/exercises/FMH1_I_E02.txt,20,M,France,Language and Literature,3,Superior,(neurocientificos) [neurocientíficos],Creation,Noun,5A,Accent placement exercise,it was required,2.5,1,1,0,0,0,0,1,0,0,0,0,1,1,0,0,0,0,0,1,10,1,1,already acquired,1,1,6.67,1,1,5.33,2,180
FMH1_I,./data/processed/exercises/FMH1_I_E03.txt,20,M,France,Language and Literature,3,Superior,dejar [de] temblar,Government,Preposition,"3H, 5E","Table-based collocation combining, writing",it was required,2.5,1,1,1,0,0,0,0,0,0,0,0,0,1,1,1,1,1,0,1,10,2,1,too long,1,1,6.67,1,1,5.33,2,180
FMH1_I,./data/processed/exercises/FMH1_I_E04.txt,20,M,France,Language and Literature,3,Superior,(este) [ese] trágico mes de marzo del año 2011,Substitution,Adjective,3B,Fill-in-the-blanks,it was required,2.5,0,1,1,0,0,0,1,0,0,1,0,0,1,1,1,1,0,0,1,10,3,1,useful,1,1,6.67,0,0,5.33,2,180
FMH1_I,./data/processed/exercises/FMH1_I_E05.txt,20,M,France,Language and Literature,3,Superior,a nivel [tanto] humano como material,Ellipsis,Conjunctive phrase,5E,"Binary choice, reorder",it was required,2.5,0,1,0,0,0,0,1,1,0,1,0,0,1,1,0,1,1,0,1,10,2,1,useful,0,0,6.67,0,0,5.33,2,180
FMH1_I,./data/processed/exercises/FMH1_I_E06.txt,20,M,France,Language and Literature,3,Superior,la región (del) [de] Tohoku,Determination,Determiner,5E,"Binary choice, writing",it was required,2.5,0,1,0,0,0,0,1,0,0,1,0,0,1,0,0,1,1,0,1,10,1,1,already acquired,0,0,6.67,0,0,5.33,2,180
FMH1_I,./data/processed/exercises/FMH1_I_E07.txt,20,M,France,Language and Literature,3,Superior,(estudió) [estudio],Substitution,Verb,"2L, 2M, 5E","Matching, writing",it was required,2.5,0,1,1,0,0,1,0,0,0,0,0,0,1,1,1,1,1,0,1,9.5,2,1,useful,1,1,6.67,1,1,5.33,2,180
FMH1_I,./data/processed/exercises/FMH1_I_E08.txt,20,M,France,Language and Literature,3,Superior,en la (áerea) [área] que está,Substitution,Noun,5E,Binary choice,it was required,2.5,0,1,1,0,0,0,1,1,0,1,1,0,1,1,0,1,0,0,1,10,3,1,useful,1,1,6.67,1,1,5.33,2,180
FMH1_I,./data/processed/exercises/FMH1_I_E09.txt,20,M,France,Language and Literature,3,Superior,el país tiene como desventaja (de) estar sujeto,Government,Preposition,5E,Multiple choice,it was required,2.5,1,1,1,0,0,1,0,0,0,0,0,0,1,1,1,1,0,0,1,7.5,2,1,useful,1,1,6.67,1,1,5.33,2,180
FMH1_I,./data/processed/exercises/FMH1_I_E10.txt,20,M,France,Language and Literature,3,Superior,destruyendo todo (en su camino) [a su paso],Substitution,Preposition,5E,"Binary choice, writing",it was required,2.5,1,1,1,1,0,0,0,1,0,0,0,1,1,1,1,1,0,0,1,10,3,1,new vocabulary,0,0,6.67,1,1,5.33,2,180
FMH1_I,./data/processed/exercises/FMH1_I_E11.txt,20,M,France,Language and Literature,3,Superior,(mostrar) [demostrar],Substitution,Verb,"2I, 2G",Rewriting,it was required,2.5,1,1,0,0,0,0,0,1,0,0,1,1,1,0,0,1,1,0,1,8.33,1,0,not useful,0,0,6.67,0,0,5.33,2,180
FMH1_I,./data/processed/exercises/FMH1_I_E12.txt,20,M,France,Language and Literature,3,Superior,un equipo (dirigida) [dirigido],Gender,Noun,"2H, 2G","Error correction, rewriting",it was required,2.5,0,1,0,0,0,0,1,0,0,0,1,1,1,0,0,0,0,0,1,10,4,1,useful,1,1,6.67,0,0,5.33,2,180
FMH1_I,./data/processed/exercises/FMH1_I_E13.txt,20,M,France,Language and Literature,3,Superior,(varias experiencias) [varios experimentos],Substitution,Noun,5E,Binary choice,it was required,2.5,1,1,1,1,0,0,0,0,0,0,0,0,1,0,0,1,0,0,1,10,3,1,useful,0,0,6.67,0,0,5.33,2,180
FMH1_I,./data/processed/exercises/FMH1_I_E14.txt,20,M,France,Language and Literature,3,Superior,enfermedades (neurologías) [neurológicas],Substitution,Adjective,"3A, 5D",Leave the odd one out,it was required,2.5,1,1,1,0,0,0,0,0,0,0,0,0,1,1,1,1,0,0,1,10,2,1,useful,1,1,6.67,1,1,5.33,2,180
FMH1_I,./data/processed/exercises/FMH1_I_E15.txt,20,M,France,Language and Literature,3,Superior,(apareció) [se reveló],Substitution,Verb,2I,"Reflection, writing",it was required,2.5,0,1,1,0,0,1,1,1,0,1,1,1,1,1,0,1,1,1,1,10,1,1,too easy,1,1,6.67,0,0,5.33,2,180
RBI1_I,./data/processed/exercises/RBI1_I_E01.txt,20,F,Romania,Language and Literature,3,Superior,comer sano no solo (se trata de) [consiste en],Substitution,Verb,5E,Binary choice,to put my abilities to the test,4,0,1,1,0,0,0,1,1,0,1,0,0,1,1,0,1,0,0,1,8,4,1,useful,1,1,6.67,1,1,6,3.5,240
RBI1_I,./data/processed/exercises/RBI1_I_E02.txt,20,F,Romania,Language and Literature,3,Superior,se ha (descubrido) [descubierto],Creation,Verb,"3A, 5D",Leave the odd one out,to put my abilities to the test,4,1,1,1,0,0,0,0,0,0,0,0,0,1,1,1,1,0,0,1,10,3,1,useful,1,1,6.67,1,1,6,3.5,240
RBI1_I,./data/processed/exercises/RBI1_I_E03.txt,20,F,Romania,Language and Literature,3,Superior,(articulo) [artículo],Substitution,Noun,2I,Picture-based writing,to put my abilities to the test,4,0,1,1,0,0,0,1,0,0,1,0,0,1,0,0,1,1,0,1,7.5,4,1,useful,1,1,6.67,0,0,6,3.5,240
RBI1_I,./data/processed/exercises/RBI1_I_E04.txt,20,F,Romania,Language and Literature,3,Superior,estamos de acuerdo [en] que,Government,Preposition,5E,Multiple choice,to put my abilities to the test,4,1,1,1,0,0,1,0,0,0,0,0,0,1,1,1,1,0,0,1,9,4,1,useful,0,0,6.67,0,0,6,3.5,240
RBI1_I,./data/processed/exercises/RBI1_I_E05.txt,20,F,Romania,Language and Literature,3,Superior,tienen que (verificar) [consultar] dos bases de datos,Substitution,Verb,"2L, 3B","Matching, fill-in-the-blanks",to put my abilities to the test,4,0,1,1,0,0,1,0,0,0,0,0,0,1,1,1,1,0,0,1,10,4,1,useful,0,0,6.67,0,0,6,3.5,240
RBI1_I,./data/processed/exercises/RBI1_I_E06.txt,20,F,Romania,Language and Literature,3,Superior,lo jugué a (un) nivel profesional,Determination,Determiner,5E,"Binary choice, reflection",to put my abilities to the test,4,0,1,1,0,0,0,1,1,0,1,0,0,1,1,0,1,0,1,1,10,4,1,useful,1,1,6.67,1,1,6,3.5,240
RBI1_I,./data/processed/exercises/RBI1_I_E07.txt,20,F,Romania,Language and Literature,3,Superior,(me) he hecho muchos amigos,Pronoun,Verb,"2K, 5E","Reflection, writing",to put my abilities to the test,4,1,1,1,0,0,1,0,0,0,1,0,0,1,1,0,1,1,1,1,10,4,1,useful,0,0,6.67,0,0,6,3.5,240
RBI1_I,./data/processed/exercises/RBI1_I_E08.txt,20,F,Romania,Language and Literature,3,Superior,(la orden) [el orden],Substitution,Noun,5E,Binary choice,to put my abilities to the test,4,0,1,1,0,0,0,1,0,0,1,0,0,1,1,0,1,0,0,1,10,4,1,useful,1,1,6.67,1,1,6,3.5,240
RBI1_I,./data/processed/exercises/RBI1_I_E09.txt,20,F,Romania,Language and Literature,3,Superior,(invaluable) [de valor incalculable],Synthesis,Adjective,"2M, 5E","Translation, writing",to put my abilities to the test,4,0,1,1,0,1,0,1,0,0,0,0,0,1,1,0,1,1,0,1,10,4,1,useful,0,0,6.67,1,1,6,3.5,240
RBI1_I,./data/processed/exercises/RBI1_I_E10.txt,20,F,Romania,Language and Literature,3,Superior,(dia) [día],Creation,Noun,5A,Accent placement exercise,to put my abilities to the test,4,1,1,0,0,0,0,1,0,0,0,0,1,1,0,0,0,0,0,1,10,4,1,useful,1,1,6.67,1,1,6,3.5,240
RBI1_I,./data/processed/exercises/RBI1_I_E11.txt,20,F,Romania,Language and Literature,3,Superior,hay veces (cuando) [en las que],Substitution,Adverb,5E,Multiple choice,to put my abilities to the test,4,0,1,1,0,0,0,1,1,0,1,0,0,1,1,1,1,0,0,1,8.75,4,1,useful,0,0,6.67,0,0,6,3.5,240
RBI1_I,./data/processed/exercises/RBI1_I_E12.txt,20,F,Romania,Language and Literature,3,Superior,(encontraran) [encontrarán],Substitution,Verb,5E,Binary choice,to put my abilities to the test,4,0,1,1,0,0,0,1,1,0,0,1,1,1,1,0,1,0,0,1,10,4,1,useful,1,1,6.67,1,1,6,3.5,240
RBI1_I,./data/processed/exercises/RBI1_I_E13.txt,20,F,Romania,Language and Literature,3,Superior,(el) [él],Substitution,Pronoun,5E,Binary choice,to put my abilities to the test,4,0,1,1,0,0,0,1,0,0,1,0,0,1,1,0,1,0,0,1,10,4,1,useful,1,1,6.67,1,1,6,3.5,240
RBI1_I,./data/processed/exercises/RBI1_I_E14.txt,20,F,Romania,Language and Literature,3,Superior,experimento (scientifico) [científico],Creation,Adjective,5C,Reflection,to put my abilities to the test,4,1,1,0,0,1,1,0,0,0,0,0,0,1,0,0,0,0,1,1,10,4,1,useful,1,1,6.67,1,1,6,3.5,240
RBI1_I,./data/processed/exercises/RBI1_I_E15.txt,20,F,Romania,Language and Literature,3,Superior,(sólo) [solo],Creation,Adverb,2K,Reflection,to put my abilities to the test,4,0,1,0,0,0,1,1,0,0,1,0,0,1,1,0,1,0,1,1,10,3,1,useful,1,1,6.67,0,0,6,3.5,240
RHK1_I,./data/processed/exercises/RHK1_I_E01.txt,22,F,UK,Language and Literature,2,Intermediate,[tercera] persona (tercera),Order,Adjective,5E,Reorder,to learn from my mistakes,3.5,0,1,0,1,0,0,1,1,0,0,0,0,1,0,0,1,1,0,1,9,3,1,useful,1,1,7.33,1,1,6.33,3,300
RHK1_I,./data/processed/exercises/RHK1_I_E02.txt,22,F,UK,Language and Literature,2,Intermediate,(poste) [publicación],Substitution,Noun,2L,Matching,to learn from my mistakes,3.5,0,1,1,0,0,0,0,0,0,1,0,0,1,1,0,1,0,0,1,10,4,1,useful,1,1,7.33,1,1,6.33,3,300
RHK1_I,./data/processed/exercises/RHK1_I_E03.txt,22,F,UK,Language and Literature,2,Intermediate,(articulo) [artículo],Substitution,Noun,"2I, 5E","Picture-based writing, reflection",to learn from my mistakes,3.5,1,1,1,0,0,1,1,0,1,0,0,0,1,1,0,1,1,1,1,5,3,1,useful,1,1,7.33,1,1,6.33,3,300
RHK1_I,./data/processed/exercises/RHK1_I_E04.txt,22,F,UK,Language and Literature,2,Intermediate,(al primero) [en primer lugar],Substitution,Adverb,3B,Fill-in-the-blanks,to learn from my mistakes,3.5,1,1,0,0,0,0,0,0,0,0,0,1,1,0,0,1,0,0,1,10,3,1,useful,1,1,7.33,1,1,6.33,3,300
RHK1_I,./data/processed/exercises/RHK1_I_E05.txt,22,F,UK,Language and Literature,2,Intermediate,(medios) [redes] sociales,Substitution,Noun,"2A, 2M","Vocabulary extraction, translation",to learn from my mistakes,3.5,1,1,0,1,0,1,0,0,0,0,0,0,1,0,0,0,0,0,1,10,3,1,useful,0,0,7.33,0,0,6.33,3,300
RHK1_I,./data/processed/exercises/RHK1_I_E06.txt,22,F,UK,Language and Literature,2,Intermediate,la información está (escrito) [escrita],Gender,Noun,1A,Fill-in-the-blanks,to learn from my mistakes,3.5,1,1,0,0,0,0,1,1,0,0,0,1,1,0,0,0,0,0,1,8,2,1,too easy,1,1,7.33,0,0,6.33,3,300
RHK1_I,./data/processed/exercises/RHK1_I_E07.txt,22,F,UK,Language and Literature,2,Intermediate,(dramáticamente) [drásticamente],Substitution,Adverb,5E,Writing,to learn from my mistakes,3.5,0,1,1,0,0,0,1,1,0,1,0,0,1,1,0,1,1,0,1,10,4,1,useful,1,1,7.33,1,1,6.33,3,300
RHK1_I,./data/processed/exercises/RHK1_I_E08.txt,22,F,UK,Language and Literature,2,Intermediate,(valorable) [valioso],Substitution,Adjective,5E,Binary choice,to learn from my mistakes,3.5,0,1,1,0,0,0,1,0,0,1,0,0,1,1,0,1,0,0,1,5,3,1,useful,1,1,7.33,1,0,6.33,3,300
RHK1_I,./data/processed/exercises/RHK1_I_E09.txt,22,F,UK,Language and Literature,2,Intermediate,(permitir voces) [dar voz a perspectivas],Creation,Verb,"2M, 5E","Translation, writing",to learn from my mistakes,3.5,0,1,1,1,0,0,1,0,0,0,0,0,1,1,0,1,1,0,1,10,4,1,useful,0,0,7.33,0,0,6.33,3,300
RHK1_I,./data/processed/exercises/RHK1_I_E10.txt,22,F,UK,Language and Literature,2,Intermediate,(especificas) [específicas],Substitution,Adjective,5A,Accent placement exercise,to learn from my mistakes,3.5,1,1,0,0,0,0,1,0,0,0,0,1,1,0,0,0,0,0,1,8.89,2,1,too difficult,1,1,7.33,1,1,6.33,3,300
RHK1_I,./data/processed/exercises/RHK1_I_E11.txt,22,F,UK,Language and Literature,2,Intermediate,las dificultades [de] encontrar,Government,Preposition,5E,Multiple choice,to learn from my mistakes,3.5,1,1,1,0,0,1,0,0,0,0,0,0,1,1,1,1,0,0,1,6,2,1,not useful,1,1,7.33,0,0,6.33,3,300
RHK1_I,./data/processed/exercises/RHK1_I_E12.txt,22,F,UK,Language and Literature,2,Intermediate,estudios (sociólogos) [sociológicos],Substitution,Adjective,"3A, 5D",Leave the odd one out,to learn from my mistakes,3.5,1,1,1,0,0,0,0,0,0,0,0,0,1,1,1,1,0,0,1,7.5,3,1,useful,1,1,7.33,1,1,6.33,3,300
RHK1_I,./data/processed/exercises/RHK1_I_E13.txt,22,F,UK,Language and Literature,2,Intermediate,(soportar) [apoyar],Substitution,Verb,"2M, 2L",Picture-based matching,to learn from my mistakes,3.5,0,1,1,1,0,0,1,1,1,1,0,0,1,1,0,1,0,0,1,1.67,4,1,useful,0,0,7.33,0,0,6.33,3,300
RHK1_I,./data/processed/exercises/RHK1_I_E14.txt,22,F,UK,Language and Literature,2,Intermediate,(destinario) [destinatario],Creation,Noun,5C,Reflection,to learn from my mistakes,3.5,1,1,0,1,0,1,1,1,0,0,0,0,1,0,0,0,0,1,1,10,2,1,too difficult,1,0,7.33,1,1,6.33,3,300
RHK1_I,./data/processed/exercises/RHK1_I_E15.txt,22,F,UK,Language and Literature,2,Intermediate,(extensiva) [extensa],Substitution,Noun,5E,Binary choice,to learn from my mistakes,3.5,1,1,1,1,0,0,0,0,0,0,0,0,1,0,0,1,0,0,1,8.33,4,1,useful,1,1,7.33,1,1,6.33,3,300
IMA1_I,./data/processed/exercises/IMA1_I_E01.txt,20,F,Ireland,Language and Literature,6,Advanced,la educación (de) tanto [de] los niños como [de] los adolescentes,Government,Preposition,5E,"Binary choice, reorder",it was required,2.5,0,1,0,0,0,0,1,1,0,1,0,0,1,1,0,1,1,0,1,5.83,3,1,useful,1,1,6.67,1,1,5.33,2,240
IMA1_I,./data/processed/exercises/IMA1_I_E02.txt,20,F,Ireland,Language and Literature,6,Advanced,un nivel (donde) [con el que] puedo expresarme muy bien,Substitution,Preposition,3B,Fill-in-the-blanks,it was required,2.5,0,1,1,0,0,0,1,1,0,0,0,0,1,1,1,1,0,0,1,3,3,1,useful,0,0,6.67,0,0,5.33,2,240
IMA1_I,./data/processed/exercises/IMA1_I_E03.txt,20,F,Ireland,Language and Literature,6,Advanced,(mientras que) [aunque],Substitution,Conjunctive phrase,"2I, 2G","Sentence combining, rewriting",it was required,2.5,0,1,1,0,0,0,1,1,0,1,1,1,1,1,0,1,1,0,1,7,2,1,already acquired,0,0,6.67,0,0,5.33,2,240
IMA1_I,./data/processed/exercises/IMA1_I_E04.txt,20,F,Ireland,Language and Literature,6,Advanced,(porqué) [por qué],Substitution,Adverb,"2K, 2M","Reflection, writing, translation",it was required,2.5,1,1,1,1,0,1,0,1,0,1,0,0,1,1,1,1,0,1,1,6.67,4,1,relevant,1,1,6.67,1,1,5.33,2,240
IMA1_I,./data/processed/exercises/IMA1_I_E05.txt,20,F,Ireland,Language and Literature,6,Advanced,en (varios) [varias] formas,Gender,Noun,1A,Fill-in-the-blanks,it was required,2.5,1,1,0,0,0,0,1,1,0,0,0,1,1,0,0,0,0,0,1,10,4,1,useful for revision,0,0,6.67,1,1,5.33,2,240
IMA1_I,./data/processed/exercises/IMA1_I_E06.txt,20,F,Ireland,Language and Literature,6,Advanced,(sólo) [solo],Creation,Adverb,2K,Reflection,it was required,2.5,0,1,0,0,0,1,1,0,0,1,0,0,1,1,0,1,0,1,1,5.71,3,1,already acquired,1,1,6.67,0,0,5.33,2,240
IMA1_I,./data/processed/exercises/IMA1_I_E07.txt,20,F,Ireland,Language and Literature,6,Advanced,estudiando (a) [en] Newcastle,Government,Preposition,"3B, 2M","Fill-in-the-blanks, translation",it was required,2.5,1,1,1,0,1,0,0,1,0,1,0,0,1,1,0,1,0,0,1,8.33,3,1,useful,1,1,6.67,0,0,5.33,2,240
IMA1_I,./data/processed/exercises/IMA1_I_E08.txt,20,F,Ireland,Language and Literature,6,Advanced,permitiéndonos (a) ver,Government,Preposition,"2M, 5E","Translation, writing",it was required,2.5,1,1,1,1,0,1,0,1,0,0,1,1,1,0,0,1,1,0,1,5,4,1,made me think,1,1,6.67,1,1,5.33,2,240
IMA1_I,./data/processed/exercises/IMA1_I_E09.txt,20,F,Ireland,Language and Literature,6,Advanced,(es) [está] distorsionada,Substitution,Verb,"1D, 2I",Sentence combining,it was required,2.5,1,1,1,0,0,0,0,1,0,1,0,0,1,1,0,1,1,0,1,10,3,1,useful,1,1,6.67,0,0,5.33,2,240
IMA1_I,./data/processed/exercises/IMA1_I_E10.txt,20,F,Ireland,Language and Literature,6,Advanced,he (estudio) [estudiado],Substitution,Verb,"3A, 5D",Leave the odd one out,it was required,2.5,1,1,1,0,0,0,0,0,0,0,0,0,1,0,0,1,0,0,1,10,4,1,made me think,1,1,6.67,1,1,5.33,2,240
IMA1_I,./data/processed/exercises/IMA1_I_E11.txt,20,F,Ireland,Language and Literature,6,Advanced,no es necesario demostrar que una novela es (correcto) [correcta] ni (revisado) [revisada] por pares ni (verificado) [verificada] / el uso está (relacionada) [relacionado],Gender,Noun / Noun,"2H, 2G","Error correction, rewriting",it was required,2.5,0,1,0,0,0,0,1,0,0,0,1,1,1,0,0,0,0,0,1,10,4,1,useful for revision,1,1,6.67,1,1,5.33,2,240
IMA1_I,./data/processed/exercises/IMA1_I_E12.txt,20,F,Ireland,Language and Literature,6,Advanced,(crimines) [crímenes],Substitution,Noun,3B,Binary choice,it was required,2.5,1,1,1,0,0,0,0,0,0,0,0,0,1,1,1,1,0,0,1,10,3,1,too difficult,1,1,6.67,0,0,5.33,2,240
IMA1_I,./data/processed/exercises/IMA1_I_E13.txt,20,F,Ireland,Language and Literature,6,Advanced,en cuanto (el) [al] español,Government,Preposition,3B,Fill-in-the-blanks,it was required,2.5,1,1,0,0,0,0,0,0,0,0,0,1,1,0,0,1,0,0,1,10,4,1,relevant,1,1,6.67,1,1,5.33,2,240
IMA1_I,./data/processed/exercises/IMA1_I_E14.txt,20,F,Ireland,Language and Literature,6,Advanced,(el autor) [la autora],Gender,Noun,1C,Table completion,it was required,2.5,1,1,1,0,0,0,0,0,0,1,1,1,1,0,0,1,0,1,1,10,2,1,not relevant,0,0,6.67,1,1,5.33,2,240
IMA1_I,./data/processed/exercises/IMA1_I_E15.txt,20,F,Ireland,Language and Literature,6,Advanced,¿Cuándo (deberíamos esperar tu llegada para) llegarás a la reunión?,Analysis,Adverb,"2M, 5E","Translation, writing",it was required,2.5,0,1,1,1,0,0,0,0,0,0,0,0,1,1,0,1,1,0,1,6,4,1,challenging and very useful,0,0,6.67,0,0,5.33,2,240
FEM1_I,./data/processed/exercises/FEM1_I_E01.txt,19,M,France,Language and Literature,5,Intermediate,(aumentación) [aumento],Substitution,Noun,"1C, 2M","Table completion, reflection",to learn from my mistakes,3,1,1,0,1,0,1,0,0,0,0,1,1,1,0,0,0,0,1,1,8.57,3,1,interlinguistic comparisons are very useful,1,1,5.33,1,1,5.33,3,180
FEM1_I,./data/processed/exercises/FEM1_I_E02.txt,19,M,France,Language and Literature,5,Intermediate,(reino) [mandato],Substitution,Noun,"2L, 1D","Matching, writing",to learn from my mistakes,3,0,1,1,0,0,0,0,0,0,1,0,0,1,1,0,1,1,0,1,8.12,1,1,not relevant,1,1,5.33,1,1,5.33,3,180
FEM1_I,./data/processed/exercises/FEM1_I_E03.txt,19,M,France,Language and Literature,5,Intermediate,(porque) [por qué],Substitution,Adverb,"2K, 2M","Reflection, writing, translation",to learn from my mistakes,3,1,1,1,1,0,1,0,1,0,1,0,0,1,1,1,1,0,1,1,8.88,4,1,new vocabulary,0,0,5.33,0,0,5.33,3,180
FEM1_I,./data/processed/exercises/FEM1_I_E04.txt,19,M,France,Language and Literature,5,Intermediate,(crítica) [critica],Substitution,Verb,"2L, 2M, 5E","Matching, writing",to learn from my mistakes,3,0,1,1,1,0,0,0,0,0,0,0,0,1,1,1,1,1,0,1,9.5,4,1,relevant,1,1,5.33,1,1,5.33,3,180
FEM1_I,./data/processed/exercises/FEM1_I_E05.txt,19,M,France,Language and Literature,5,Intermediate,(mientras que) [aunque] su punto de vista,Substitution,Conjunctive phrase,"2I, 2G","Sentence combining, rewriting",to learn from my mistakes,3,0,1,1,0,0,0,1,1,0,1,1,1,1,1,0,1,1,0,1,10,2.5,1,already acquired,0,0,5.33,1,1,5.33,3,180
FEM1_I,./data/processed/exercises/FEM1_I_E06.txt,19,M,France,Language and Literature,5,Intermediate,la tasa más (fuerte) [elevada] / (pasar) [aprobar] una ley,Substitution,Adjective / Verb,"3A, 5D",Leave the odd one out,to learn from my mistakes,3,1,1,1,0,0,0,0,0,0,0,0,0,1,0,0,1,0,0,1,10,3,1,new vocabulary,1,1,5.33,0,0,5.33,3,180
FEM1_I,./data/processed/exercises/FEM1_I_E07.txt,19,M,France,Language and Literature,5,Intermediate,"no es solamente esencial, (pero) [sino que] es también fundamental",Substitution,Conjunctive phrase,2K,Reflection,to learn from my mistakes,3,1,1,0,0,0,1,1,1,0,1,0,0,1,1,0,1,0,1,1,6.25,4,1,new vocabulary,0,0,5.33,0,0,5.33,3,180
FEM1_I,./data/processed/exercises/FEM1_I_E08.txt,19,M,France,Language and Literature,5,Intermediate,(estar muy contestado) [tener una gran oposición] / (que falta de) [para la que faltan] tratamientos médicos,Substitution,Verb / Preposition,2G,Rewriting,to learn from my mistakes,3,1,1,0,1,0,0,0,1,0,0,1,1,1,0,0,0,1,0,1,6.67,4,1,challenging and very useful,0,0,5.33,0,0,5.33,3,180
FEM1_I,./data/processed/exercises/FEM1_I_E09.txt,19,M,France,Language and Literature,5,Intermediate,(hacer compromisos) [llegar a acuerdos] / (contestación) [confrontación],Substitution,Verb / Noun,5E,Binary choice,to learn from my mistakes,3,1,1,1,1,0,0,1,0,0,0,0,0,1,0,0,1,0,0,1,8.57,4,1,interlinguistic comparisons are very useful,0,0,5.33,1,1,5.33,3,180
FEM1_I,./data/processed/exercises/FEM1_I_E10.txt,19,M,France,Language and Literature,5,Intermediate,el artículo se enfoca (sobre) [en] la situación / es fundamental (a) [para] / nos falta (de) contexto,Government,Preposition / Preposition / Preposition,5E,Multiple choice,to learn from my mistakes,3,1,1,1,0,0,0,0,0,0,0,0,0,1,1,1,1,0,0,1,6.25,4,1,common mistake,1,1,5.33,1,1,5.33,3,180
FEM1_I,./data/processed/exercises/FEM1_I_E11.txt,19,M,France,Language and Literature,5,Intermediate,(màs en màs) [cada vez más] considerada,Creation,Adverb,2M,"Translation, reflection",to learn from my mistakes,3,1,1,0,1,0,1,0,0,0,1,1,1,1,0,0,0,1,1,1,9.37,4,1,focused,1,1,5.33,1,1,5.33,3,180
FEM1_I,./data/processed/exercises/FEM1_I_E12.txt,19,M,France,Language and Literature,5,Intermediate,(pasarse) [ocurrir],Substitution,Verb,3B,Fill-in-the-blanks,to learn from my mistakes,3,0,1,1,0,0,0,1,1,0,1,1,1,1,1,1,1,0,0,1,10,4,1,new vocabulary,0,0,5.33,0,0,5.33,3,180
FEM1_I,./data/processed/exercises/FEM1_I_E13.txt,19,M,France,Language and Literature,5,Intermediate,en cuanto [a] su pertinencia,Government,Preposition,3B,Fill-in-the-blanks,to learn from my mistakes,3,1,1,0,0,0,0,0,0,0,0,0,0,1,0,0,1,0,0,1,2,3,1,useful,0,0,5.33,0,0,5.33,3,180
FEM1_I,./data/processed/exercises/FEM1_I_E14.txt,19,M,France,Language and Literature,5,Intermediate,(sea) [esté] más impactado,Substitution,Verb,"1D, 2I",Sentence combining,to learn from my mistakes,3,1,1,1,0,0,0,0,1,0,1,0,0,1,1,0,1,1,0,1,5,4,1,relevant,1,1,5.33,0,0,5.33,3,180
FEM1_I,./data/processed/exercises/FEM1_I_E15.txt,19,M,France,Language and Literature,5,Intermediate,sobre (reales) hechos científicos [reales],Order,Adjective,5E,Reorder,to learn from my mistakes,3,0,1,1,0,0,0,1,1,0,1,0,0,1,1,1,1,1,0,1,8.33,2,1,too easy,1,1,5.33,1,1,5.33,3,180
RRN1_I,./data/processed/exercises/RRN1_I_E01.txt,20,F,UK,Political Science,3,Intermediate,tomando en cuenta (sobre) las tres erres / es importante (de) tener en cuenta / tener en cuenta (de) que,Government,Preposition / Preposition / Preposition,3B,Multiple choice,it was required,3.5,1,1,0,0,0,0,0,0,0,0,0,0,1,0,0,1,0,0,1,8.33,3,1,useful,1,1,6,0,0,4,3,120
RRN1_I,./data/processed/exercises/RRN1_I_E02.txt,20,F,UK,Political Science,3,Intermediate,(complejos) [complejidades],Substitution,Noun,"2I, 5E",Picture-based writing,it was required,3.5,0,1,1,0,0,1,0,1,1,1,0,0,1,1,0,0,1,1,1,3.33,3,1,new vocabulary,1,1,6,1,1,4,3,120
RRN1_I,./data/processed/exercises/RRN1_I_E03.txt,20,F,UK,Political Science,3,Intermediate,menciona (como) [cómo] es más económico / que (si) [sí] hay otras opciones / (uso) [usó] / (tenia) [tenía],Substitution,Adverb / Adverb / Verb / Verb,"2L, 2M, 5E","Matching, writing",it was required,3.5,0,1,1,1,0,0,0,0,0,0,0,0,1,1,1,1,1,0,0,3.5,3,1,useful,1,1,6,1,1,4,3,120
RRN1_I,./data/processed/exercises/RRN1_I_E04.txt,20,F,UK,Political Science,3,Intermediate,ha (escrito) [descrito],Substitution,Verb,3B,Fill-in-the-blanks,it was required,3.5,1,1,1,0,0,0,0,0,0,1,1,1,1,0,0,1,0,0,1,8.57,4,1,new vocabulary,1,0,6,0,0,4,3,120
RRN1_I,./data/processed/exercises/RRN1_I_E05.txt,20,F,UK,Political Science,3,Intermediate,la importancia [de] que debemos,Government,Preposition,2F,"Fill-in-the-blanks, reflection",it was required,3.5,1,1,0,0,0,1,0,0,0,1,1,1,1,1,0,1,0,1,1,8.33,3,1,useful,1,1,6,0,0,4,3,120
RRN1_I,./data/processed/exercises/RRN1_I_E06.txt,20,F,UK,Political Science,3,Intermediate,(una) [un] artículo / ni tratan de usar (los) [las] alternativas / conocimiento (científica) [científico] / (un) [una] idea,Gender,Noun / Noun / Noun / Noun,1A,Fill-in-the-blanks,it was required,3.5,0,1,0,0,0,0,1,1,0,0,1,1,1,0,0,0,0,0,1,9,3,1,useful,1,0,6,0,0,4,3,120
RRN1_I,./data/processed/exercises/RRN1_I_E07.txt,20,F,UK,Political Science,3,Intermediate,(formato en) [forma de] obtener,Substitution,Noun,3B,Binary choice,it was required,3.5,0,1,1,0,0,0,1,0,0,1,0,0,1,1,0,1,0,0,1,8.88,3,1,useful,0,0,6,0,0,4,3,120
RRN1_I,./data/processed/exercises/RRN1_I_E08.txt,20,F,UK,Political Science,3,Intermediate,la mayoría de la gente nunca (piensan) [piensa],Number,Noun,"3B, 2M","Binary choice, translation",it was required,3.5,1,1,0,1,0,0,1,0,0,0,0,1,1,0,0,1,0,0,1,6.67,3,1,useful,1,1,6,1,1,4,3,120
RRN1_I,./data/processed/exercises/RRN1_I_E09.txt,20,F,UK,Political Science,3,Intermediate,"dependen de grandes cantidades de datos para su (formación) [entrenamiento] / debemos (mover fuera) [superar] la idea del ""gold standard"" / solo (pegan a) [siguen] las normas / las normas que (saben) [conocen]",Substitution,Noun / Verb / Verb / Verb,"2M, 5E","Translation, writing",it was required,3.5,0,1,1,1,0,0,0,0,0,0,0,0,1,1,0,1,1,0,0,0,1,0,did not understand the exercise,0,0,6,0,0,4,3,120
RRN1_I,./data/processed/exercises/RRN1_I_E10.txt,20,F,UK,Political Science,3,Intermediate,para que (se fueran) [sean] aceptables,Substitution,Verb,"3I, 2K",Reflection,it was required,3.5,1,1,1,0,0,1,0,1,0,1,0,0,1,1,0,1,0,1,0,1.18,1,0,did not understand the exercise,0,0,6,0,0,4,3,120
RRN1_I,./data/processed/exercises/RRN1_I_E11.txt,20,F,UK,Political Science,3,Intermediate,entender su punto (directo) [directamente],Substitution,Adverb,5E,Multiple choice,it was required,3.5,1,1,1,0,0,1,0,0,0,0,0,0,1,1,1,1,0,0,1,6.88,4,1,relevant,0,0,6,0,0,4,3,120
RRN1_I,./data/processed/exercises/RRN1_I_E12.txt,20,F,UK,Political Science,3,Intermediate,la calificación que habrían (ganado) [obtenido],Substitution,Verb,"3A, 5D",Leave the odd one out,it was required,3.5,1,1,1,0,0,0,0,0,0,0,0,0,1,0,0,1,0,0,1,5,4,1,relevant,1,1,6,1,1,4,3,120
RRN1_I,./data/processed/exercises/RRN1_I_E13.txt,20,F,UK,Political Science,3,Intermediate,(soportar) [respaldar],Substitution,Verb,"2M, 2L",Picture-based matching,it was required,3.5,0,1,1,1,0,0,1,1,1,1,0,0,1,1,0,1,0,0,1,8.33,2,1,need more practice,1,1,6,1,1,4,3,120
RRN1_I,./data/processed/exercises/RRN1_I_E14.txt,20,F,UK,Political Science,3,Intermediate,sino [que] también,Ellipsis,Conjunctive phrase,2K,Reflection,it was required,3.5,1,1,0,0,0,1,1,1,0,1,0,0,1,1,0,1,0,1,0,1.25,4,1,relevant,0,0,6,0,0,4,3,120
RRN1_I,./data/processed/exercises/RRN1_I_E15.txt,20,F,UK,Political Science,3,Intermediate,(resultas) [resultados] / (introduce) [presenta],Substitution,Noun / Verb,5E,Binary choice,it was required,3.5,1,1,1,1,0,0,1,0,0,0,0,0,1,0,0,1,0,0,1,5,4,1,relevant,1,0,6,1,1,4,3,120
FKN1_I,./data/processed/exercises/FKN1_I_E01.txt,19,F,France,Language and Literature,3,Intermediate,(utilizó) [utilizo],Substitution,Verb,"2L, 2M, 5E","Matching, writing",personalized learning is a great opportunity,4,0,1,1,1,0,0,0,0,0,0,0,0,1,1,1,1,1,0,1,9.5,4,1,insightful,1,1,3.33,1,1,6,4,240
FKN1_I,./data/processed/exercises/FKN1_I_E02.txt,19,F,France,Language and Literature,3,Intermediate,"no solo se limita, sino [que] también",Ellipsis,Conjunctive phrase,2K,Reflection,personalized learning is a great opportunity,4,1,1,0,0,0,1,1,1,0,1,0,0,1,1,0,1,0,1,1,5,2,1,already acquired,0,0,3.33,0,0,6,4,240
FKN1_I,./data/processed/exercises/FKN1_I_E03.txt,19,F,France,Language and Literature,3,Intermediate,(los) [las] redes sociales,Gender,Noun,1A,Fill-in-the-blanks,personalized learning is a great opportunity,4,0,1,0,0,0,0,1,1,0,0,1,1,1,0,0,0,0,0,1,8,2,1,too easy,0,0,3.33,1,1,6,4,240
FKN1_I,./data/processed/exercises/FKN1_I_E04.txt,19,F,France,Language and Literature,3,Intermediate,(un) otro ángulo,Determination,Determiner,3B,Fill-in-the-blanks,personalized learning is a great opportunity,4,1,1,0,0,0,0,0,1,0,1,1,1,1,1,0,1,0,0,1,5,4,1,challenging and very useful,1,1,3.33,1,1,6,4,240
FKN1_I,./data/processed/exercises/FKN1_I_E05.txt,19,F,France,Language and Literature,3,Intermediate,orígenes diferentes de (la suya) [los suyos],Gender,Noun,3I,"Matching, sentence combining",personalized learning is a great opportunity,4,0,1,0,0,0,0,0,1,0,1,1,1,1,1,0,1,1,0,1,8.57,1,0,did not understand the exercise,0,0,3.33,1,1,6,4,240
FKN1_I,./data/processed/exercises/FKN1_I_E06.txt,19,F,France,Language and Literature,3,Intermediate,otras personas (quien) [que] las acusan de,Pronoun,Pronoun,"3B, 2M","Fill-in-the-blanks, reflection",personalized learning is a great opportunity,4,1,1,1,1,0,1,0,0,0,1,0,0,1,1,0,1,0,1,1,9.54,4,1,relevant,0,0,3.33,0,0,6,4,240
FKN1_I,./data/processed/exercises/FKN1_I_E07.txt,19,F,France,Language and Literature,3,Intermediate,los diferentes problemas (debido) [debidos] a la desigualdad,Number,Adjective,"2H, 2G","Error correction, rewriting",personalized learning is a great opportunity,4,0,1,0,0,0,0,1,1,0,1,1,1,1,1,0,0,0,0,0,0,1,0,did not understand the exercise,1,1,3.33,1,1,6,4,240
FKN1_I,./data/processed/exercises/FKN1_I_E08.txt,19,F,France,Language and Literature,3,Intermediate,datos (claves) [clave],Number,Noun,3B,Fill-in-the-blanks,personalized learning is a great opportunity,4,1,1,0,0,0,0,0,1,0,0,1,1,1,0,0,1,0,0,1,6.67,2,1,useful for revision,0,0,3.33,0,0,6,4,240
FKN1_I,./data/processed/exercises/FKN1_I_E09.txt,19,F,France,Language and Literature,3,Intermediate,es mucho (más) peor,Excess word,Adverb,5A,Leave the odd one out,personalized learning is a great opportunity,4,1,1,0,0,0,0,0,0,0,1,0,0,1,1,0,1,0,0,1,8.33,4,1,helpful even for my L1,0,0,3.33,1,1,6,4,240
FKN1_I,./data/processed/exercises/FKN1_I_E10.txt,19,F,France,Language and Literature,3,Intermediate,no solamente es una cuestión de desigualdad sino (tampoco) [también] social,Substitution,Adverb,"2F, 2K","Fill-in-the-blanks, reflection",personalized learning is a great opportunity,4,1,1,0,0,0,1,0,0,0,1,0,0,1,1,0,1,0,1,1,10,3,1,new vocabulary,1,1,3.33,1,1,6,4,240
FKN1_I,./data/processed/exercises/FKN1_I_E11.txt,19,F,France,Language and Literature,3,Intermediate,(realizar) [darse cuenta de] la urgencia del problema,Substitution,Verb,5E,Binary choice,personalized learning is a great opportunity,4,1,1,1,1,0,0,1,0,0,0,0,0,1,0,0,1,0,0,1,10,4,1,new vocabulary,0,0,3.33,1,1,6,4,240
FKN1_I,./data/processed/exercises/FKN1_I_E12.txt,19,F,France,Language and Literature,3,Intermediate,es importante que las organizaciones de voluntariado (deben trabajar) [trabajen],Analysis,Verb,"2I, 4D",Writing,personalized learning is a great opportunity,4,1,1,0,0,0,0,0,1,0,1,0,0,1,1,1,0,1,0,1,9.38,1,0,did not understand the exercise,0,0,3.33,0,0,6,4,240
FKN1_I,./data/processed/exercises/FKN1_I_E13.txt,19,F,France,Language and Literature,3,Intermediate,sus viajes de voluntariado en (la cual) [los cuales],Pronoun,Pronoun,3B,Multiple choice,personalized learning is a great opportunity,4,1,1,1,0,0,0,0,0,0,1,0,0,1,1,0,1,0,0,1,7.14,4,1,relevant,1,1,3.33,0,0,6,4,240
FKN1_I,./data/processed/exercises/FKN1_I_E14.txt,19,F,France,Language and Literature,3,Intermediate,el 10% más rico tiene [el] 47% de los ingresos,Determination,Determiner,3B,Fill-in-the-blanks,personalized learning is a great opportunity,4,1,1,0,0,0,0,0,0,0,1,1,1,1,1,0,1,0,0,1,10,3,1,useful,0,0,3.33,0,0,6,4,240
FKN1_I,./data/processed/exercises/FKN1_I_E15.txt,19,F,France,Language and Literature,3,Intermediate,otras etnias (en) [de] la región,Government,Preposition,5E,Multiple choice,personalized learning is a great opportunity,4,1,1,1,0,0,0,0,0,0,0,0,0,1,1,1,1,0,0,1,6.67,4,1,relevant,0,0,3.33,1,1,6,4,240
RCO1_I,./data/processed/exercises/RCO1_I_E01.txt,21,F,UK,Law,2,Intermediate,la infancia de un niño de hoy es (tan) [muy] diferente de la nuestra / un aspecto (tan) [muy] importante,Substitution,Adverb / Adverb,5E,Binary choice,it was required,4,0,1,1,0,0,0,1,1,0,1,0,0,1,1,0,1,0,0,1,8,4,1,useful explanation,1,1,5.33,1,1,6,4,180
RCO1_I,./data/processed/exercises/RCO1_I_E02.txt,21,F,UK,Law,2,Intermediate,esos niños (fueron nacidos) [nacieron],Analysis,Verb,"2M, 5E","Translation, writing",it was required,4,1,1,1,1,0,1,0,1,0,0,1,1,1,0,0,1,1,0,1,10,4,1,interlinguistic comparisons are very useful,1,1,5.33,1,1,6,4,180
RCO1_I,./data/processed/exercises/RCO1_I_E03.txt,21,F,UK,Law,2,Intermediate,incluyen [tanto] los físicos (tanto) como los psicológicos,Order,Conjunctive phrase,5E,"Binary choice, reorder",it was required,4,0,1,0,0,0,0,1,1,0,1,0,0,1,1,0,1,1,0,1,5.83,3,1,too difficult,0,0,5.33,0,0,6,4,180
RCO1_I,./data/processed/exercises/RCO1_I_E04.txt,21,F,UK,Law,2,Intermediate,"(También, ) [Además, ]",Substitution,Adverb,2G,Sentence combining,it was required,4,0,1,1,0,0,0,1,1,0,1,0,0,1,1,0,1,1,0,1,6,4,1,relevant,0,0,5.33,1,1,6,4,180
RCO1_I,./data/processed/exercises/RCO1_I_E05.txt,21,F,UK,Law,2,Intermediate,tenemos en cuenta (de) que,Government,Preposition,3B,Multiple choice,it was required,4,1,1,0,0,0,0,0,0,0,0,0,0,1,0,0,1,0,0,1,9.16,2,1,not very useful,1,1,5.33,0,0,6,4,180
RCO1_I,./data/processed/exercises/RCO1_I_E06.txt,21,F,UK,Law,2,Intermediate,para (mi) [mí],Substitution,Pronoun,"2L, 2M, 5E","Matching, writing",it was required,4,0,1,1,1,0,0,0,0,0,0,0,0,1,1,1,1,1,0,0,5,4,1,useful for revision,1,1,5.33,1,1,6,4,180
RCO1_I,./data/processed/exercises/RCO1_I_E07.txt,21,F,UK,Law,2,Intermediate,(papel) [artículo] / (introducen) [presentan],Substitution,Noun / Verb,5E,Binary choice,it was required,4,1,1,1,1,0,0,1,0,0,0,0,0,1,0,0,1,0,0,1,6.67,4,1,interlinguistic comparisons are very useful,0,0,5.33,1,1,6,4,180
RCO1_I,./data/processed/exercises/RCO1_I_E08.txt,21,F,UK,Law,2,Intermediate,(es) [está] bien escrito,Substitution,Verb,3I,"Situation matching, writing",it was required,4,0,1,1,0,0,0,1,1,0,1,1,1,1,1,0,1,1,0,1,7,3,1,useful,0,0,5.33,0,0,6,4,180
RCO1_I,./data/processed/exercises/RCO1_I_E09.txt,21,F,UK,Law,2,Intermediate,(introduccion) [introducción] / (informacion) [información],Creation,Noun / Noun,5A,Accent placement exercise,it was required,4,1,1,0,0,0,0,1,0,0,0,0,1,1,0,0,0,0,0,1,10,3,1,useful rules,1,1,5.33,1,1,6,4,180
RCO1_I,./data/processed/exercises/RCO1_I_E10.txt,21,F,UK,Law,2,Intermediate,"y, (porque) [dado que] los exámenes son difíciles, mucha gente suspende",Substitution,Conjunctive phrase,2G,Sentence combining,it was required,4,1,1,0,0,0,0,0,1,0,1,1,1,1,1,1,0,1,0,1,10,3,1,lack of explanation,0,0,5.33,0,0,6,4,180
RCO1_I,./data/processed/exercises/RCO1_I_E11.txt,21,F,UK,Law,2,Intermediate,la infancia de un niño de hoy es muy diferente (como la de nosotros) [de la nuestra],Government,Preposition,3I,"Matching, sentence combining",it was required,4,0,1,0,0,0,0,0,1,0,1,1,1,1,1,0,1,1,0,1,8,3,1,useful,1,1,5.33,1,1,6,4,180
RCO1_I,./data/processed/exercises/RCO1_I_E12.txt,21,F,UK,Law,2,Intermediate,dado el hecho [de] que,Government,Preposition,2F,"Fill-in-the-blanks, reflection",it was required,4,1,1,0,0,0,1,0,0,0,1,1,1,1,1,0,1,0,1,0,7.5,4,1,relevant,1,1,5.33,1,1,6,4,180
RCO1_I,./data/processed/exercises/RCO1_I_E13.txt,21,F,UK,Law,2,Intermediate,la investigación (en) [sobre] pantallas / las pantallas (de) [para] niños / las aficiones (para) [de] los niños,Government,Preposition / Preposition / Preposition,5E,Multiple choice,it was required,4,1,1,1,0,0,0,0,0,0,0,0,0,1,1,1,1,0,0,1,5,4,1,relevant,0,0,5.33,0,0,6,4,180
RCO1_I,./data/processed/exercises/RCO1_I_E14.txt,21,F,UK,Law,2,Intermediate,la incapacidad para (deducir) [reconocer] noticias falsas,Substitution,Verb,"3A, 5D",Leave the odd one out,it was required,4,1,1,1,0,0,0,0,0,0,0,0,0,1,0,0,1,0,0,1,2.5,2,1,too difficult,0,0,5.33,0,0,6,4,180
RCO1_I,./data/processed/exercises/RCO1_I_E15.txt,21,F,UK,Law,2,Intermediate,"hay muchos accidentes, (que demuestran) [lo que demuestra]",Pronoun,Pronoun,2G,Sentence combining,it was required,4,1,1,1,0,0,0,0,1,0,1,0,0,1,1,0,1,1,0,1,6,4,1,relevant,1,1,5.33,1,1,6,4,180
FLR1_I,./data/processed/exercises/FLR1_I_E01.txt,19,F,France,Language and Literature,4,Intermediate,palabras (claves) [clave],Number,Noun,3B,Fill-in-the-blanks,to learn from my mistakes,3,1,1,0,0,0,0,0,1,0,0,1,1,1,0,0,1,0,0,1,6.67,2,1,not relevant,0,0,2.33,1,1,5,3,210
FLR1_I,./data/processed/exercises/FLR1_I_E02.txt,19,F,France,Language and Literature,4,Intermediate,creadas (por) [para] sensibilizar,Government,Preposition,2K,"Reflection, writing",to learn from my mistakes,3,1,1,1,0,0,1,0,1,0,1,0,0,1,1,0,1,0,1,1,9,4,1,relevant,1,1,2.33,1,1,5,3,210
FLR1_I,./data/processed/exercises/FLR1_I_E03.txt,19,F,France,Language and Literature,4,Intermediate,(cambiara) [cambiará],Substitution,Verb,"2L, 2M, 5E","Matching, writing",to learn from my mistakes,3,0,1,1,1,0,0,0,0,0,0,0,0,1,1,1,1,1,0,1,9.5,2,1,boring,1,1,2.33,0,0,5,3,210
FLR1_I,./data/processed/exercises/FLR1_I_E04.txt,19,F,France,Language and Literature,4,Intermediate,(número) [tasa],Substitution,Noun,3B,Fill-in-the-blanks,to learn from my mistakes,3,0,1,1,0,0,0,1,1,0,1,0,0,1,1,0,1,0,0,1,10,2,1,already acquired,0,0,2.33,0,0,5,3,210
FLR1_I,./data/processed/exercises/FLR1_I_E05.txt,19,F,France,Language and Literature,4,Intermediate,(permiso de nacimiento) [baja por maternidad],Substitution,Noun,5E,Binary choice,to learn from my mistakes,3,1,1,1,1,0,0,1,0,0,0,0,0,1,0,0,1,0,0,1,8.57,2,1,useful for revision,0,0,2.33,1,1,5,3,210
FLR1_I,./data/processed/exercises/FLR1_I_E06.txt,19,F,France,Language and Literature,4,Intermediate,logramos (a) reducir / sensibilizar [a] la población,Government,Preposition / Preposition,"3H, 5E","Table-based collocation combining, writing",to learn from my mistakes,3,1,1,1,0,0,0,0,0,0,0,0,0,1,1,1,1,1,0,1,9.25,4,1,relevant,1,1,2.33,1,1,5,3,210
FLR1_I,./data/processed/exercises/FLR1_I_E07.txt,19,F,France,Language and Literature,4,Intermediate,(reconocimiento de fecundidad) [control de fertilidad],Creation,Noun,"2A, 2M","Vocabulary extraction, translation",to learn from my mistakes,3,1,1,0,1,0,0,0,0,0,0,0,0,1,0,0,0,0,0,1,10,1,1,repetitive,0,0,2.33,1,0,5,3,210
FLR1_I,./data/processed/exercises/FLR1_I_E08.txt,19,F,France,Language and Literature,4,Intermediate,(aumentación) [aumento],Substitution,Noun,"1C, 2M","Table completion, reflection",to learn from my mistakes,3,1,1,0,1,0,1,0,0,0,0,1,1,1,0,0,0,0,1,1,10,2,1,already acquired,1,0,2.33,1,1,5,3,210
FLR1_I,./data/processed/exercises/FLR1_I_E09.txt,19,F,France,Language and Literature,4,Intermediate,estar (seguro) [claro],Substitution,Adjective,"3B, 2M",Fill-in-the-blanks,to learn from my mistakes,3,0,1,1,1,0,0,1,1,0,1,0,0,1,1,0,1,0,0,1,8,3,1,new vocabulary,0,0,2.33,0,0,5,3,210
FLR1_I,./data/processed/exercises/FLR1_I_E10.txt,19,F,France,Language and Literature,4,Intermediate,actuar (de manera considerable) [con consideración],Substitution,Noun,"3I, 5E, 2K","Situation matching, writing, reflection",to learn from my mistakes,3,1,1,1,0,0,1,0,1,0,1,0,0,1,1,0,1,1,1,1,6.25,4,1,challenging and very useful,0,0,2.33,1,1,5,3,210
FLR1_I,./data/processed/exercises/FLR1_I_E11.txt,19,F,France,Language and Literature,4,Intermediate,la capacidad (a) [de] actuar,Government,Preposition,5E,Multiple choice,to learn from my mistakes,3,1,1,1,0,0,0,0,0,0,0,0,0,1,1,1,1,0,0,1,5.71,4,1,very useful,0,0,2.33,0,0,5,3,210
FLR1_I,./data/processed/exercises/FLR1_I_E12.txt,19,F,France,Language and Literature,4,Intermediate,(apoyar) [respaldar],Substitution,Verb,"3A, 5D",Leave the odd one out,to learn from my mistakes,3,1,1,1,0,0,0,0,0,0,0,0,0,1,0,0,1,0,0,1,7.5,2,1,not relevant,0,0,2.33,0,0,5,3,210
FLR1_I,./data/processed/exercises/FLR1_I_E13.txt,19,F,France,Language and Literature,4,Intermediate,ser (quitado) [arrebatado],Substitution,Adjective,"3I, 3B, 2K","Situation matching, fill-in-the-blanks, reflection",to learn from my mistakes,3,1,1,1,0,0,1,0,0,0,1,1,1,1,1,0,1,0,1,0,6,3,1,new vocabulary,0,0,2.33,1,1,5,3,210
FLR1_I,./data/processed/exercises/FLR1_I_E14.txt,19,F,France,Language and Literature,4,Intermediate,como (lo) dice,Pronoun,Pronoun,3B,Fill-in-the-blanks,to learn from my mistakes,3,1,1,0,0,0,0,0,0,0,0,0,0,1,0,0,1,0,0,1,5,2,1,already acquired,0,0,2.33,0,0,5,3,210
FLR1_I,./data/processed/exercises/FLR1_I_E15.txt,19,F,France,Language and Literature,4,Intermediate,influir (a su nivel) [dentro de sus posibilidades],Substitution,Adverb,"2H, 2G","Error correction, rewriting",to learn from my mistakes,3,1,1,0,0,0,0,0,1,0,0,1,1,1,0,0,0,0,0,1,7.5,4,1,challenging and very useful,0,0,2.33,0,0,5,3,210
FTR1_I,./data/processed/exercises/FTR1_I_E01.txt,21,F,France,Language and Literature,3,Advanced,sensibilizar [a] la población,Government,Preposition,"3H, 5E","Table-based collocation combining, writing",to learn from my mistakes,4,1,1,1,0,0,0,0,0,0,0,0,0,1,1,1,1,1,0,1,8.25,3,1,useful,1,1,8,0,0,4.33,3,180
FTR1_I,./data/processed/exercises/FTR1_I_E02.txt,21,F,France,Language and Literature,3,Advanced,(super diferentes) [superdiferentes],Creation,Adjective,"2J, 1D",Writing,to learn from my mistakes,4,1,1,0,0,0,0,1,1,0,0,1,1,1,1,1,0,1,0,0,4,1,1,too easy,1,0,8,1,1,4.33,3,180
FTR1_I,./data/processed/exercises/FTR1_I_E03.txt,21,F,France,Language and Literature,3,Advanced,palabras (claves) [clave],Number,Noun,3B,Fill-in-the-blanks,to learn from my mistakes,4,1,1,0,0,0,0,0,1,0,0,1,1,1,0,0,1,0,0,1,3.88,2,1,already acquired,1,1,8,0,0,4.33,3,180
FTR1_I,./data/processed/exercises/FTR1_I_E04.txt,21,F,France,Language and Literature,3,Advanced,(exprimir) [explicar],Substitution,Verb,5E,Binary choice,to learn from my mistakes,4,1,1,1,1,0,0,1,0,0,0,0,0,1,0,0,1,0,0,1,8.57,3,1,common mistake,1,1,8,1,1,4.33,3,180
FTR1_I,./data/processed/exercises/FTR1_I_E05.txt,21,F,France,Language and Literature,3,Advanced,un tema sensible y poco (inesperada) [inesperado] / (la pequeña) [el pequeño] video (incluida) [incluido],Gender,Noun / Noun,1A,Fill-in-the-blanks,to learn from my mistakes,4,1,1,0,0,0,0,1,1,0,0,0,1,1,0,0,0,0,0,1,10,2,1,already acquired,1,1,8,0,0,4.33,3,180
FTR1_I,./data/processed/exercises/FTR1_I_E06.txt,21,F,France,Language and Literature,3,Advanced,(si) [sí] / (vinculo) [vínculo] / (como) [cómo] los personajes / (critica) [crítica],Substitution,Adverb / Noun / Adverb / Noun,"2L, 2M, 5E","Matching, writing",to learn from my mistakes,4,0,1,1,1,0,0,0,0,0,0,0,0,1,1,1,1,1,0,0,4.5,4,1,relevant,1,1,8,1,1,4.33,3,180
FTR1_I,./data/processed/exercises/FTR1_I_E07.txt,21,F,France,Language and Literature,3,Advanced,(del) [de lo] primitivo y (del) [de lo] eterno,Determination,Determiner,3B,Fill-in-the-blanks,to learn from my mistakes,4,0,1,1,0,0,0,1,0,0,1,0,0,1,1,0,1,0,0,1,8.57,4,1,common mistake,1,0,8,1,0,4.33,3,180
FTR1_I,./data/processed/exercises/FTR1_I_E08.txt,21,F,France,Language and Literature,3,Advanced,"en la vida me (gusta) [gustan] la moda, la fotografía, los deportes y los viajes",Number,Noun,5E,Multiple choice,to learn from my mistakes,4,1,1,0,0,0,0,0,0,0,0,0,0,1,0,0,1,0,0,1,10,3,1,new vocabulary,0,0,8,0,0,4.33,3,180
FTR1_I,./data/processed/exercises/FTR1_I_E09.txt,21,F,France,Language and Literature,3,Advanced,tengo (una) cierta facilidad para expresarme / la misma línea psicológica (con) [que] el estilo,Creation,Adjective / Adjective,3B,Fill-in-the-blanks,to learn from my mistakes,4,1,1,0,0,0,0,0,1,0,1,1,1,1,1,1,1,0,0,1,7,3,1,common mistake,1,1,8,0,0,4.33,3,180
FTR1_I,./data/processed/exercises/FTR1_I_E10.txt,21,F,France,Language and Literature,3,Advanced,es necesario (de) releerlo bien / referencias (en) [a] los clásicos / la relación del individuo (a) [con] el universo,Government,Preposition / Preposition / Preposition,5E,Multiple choice,to learn from my mistakes,4,1,1,1,0,0,0,0,0,0,0,0,0,1,1,1,1,0,0,1,7.14,4,1,relevant,1,1,8,1,1,4.33,3,180
FTR1_I,./data/processed/exercises/FTR1_I_E11.txt,21,F,France,Language and Literature,3,Advanced,(son) [están] vinculados,Substitution,Verb,"1D, 2I",Sentence combining,to learn from my mistakes,4,1,1,1,0,0,0,0,1,0,1,0,0,1,1,0,1,1,0,1,5.55,4,1,relevant,1,0,8,0,0,4.33,3,180
FTR1_I,./data/processed/exercises/FTR1_I_E12.txt,21,F,France,Language and Literature,3,Advanced,(vigilar) [cuidar],Substitution,Verb,"3I, 5E, 2K","Situation matching, writing, reflection",to learn from my mistakes,4,1,1,1,0,0,1,0,1,0,1,1,1,1,1,0,1,1,1,1,10,4,1,very useful,1,1,8,1,1,4.33,3,180
FTR1_I,./data/processed/exercises/FTR1_I_E13.txt,21,F,France,Language and Literature,3,Advanced,(relevar) [revelar],Substitution,Verb,3B,Fill-in-the-blanks,to learn from my mistakes,4,0,1,1,0,0,0,1,1,0,1,1,1,1,1,0,1,0,0,1,8.33,4,1,it raised my error awareness,1,0,8,0,0,4.33,3,180
FTR1_I,./data/processed/exercises/FTR1_I_E14.txt,21,F,France,Language and Literature,3,Advanced,así [que] es,Ellipsis,Conjunctive phrase,3B,Fill-in-the-blanks,to learn from my mistakes,4,1,1,0,0,0,0,0,0,0,0,0,0,1,0,0,1,0,0,1,4,4,1,useful for revision,1,1,8,0,0,4.33,3,180
FTR1_I,./data/processed/exercises/FTR1_I_E15.txt,21,F,France,Language and Literature,3,Advanced,(similaritud) [similitud],Creation,Noun,"2H, 2G","Error correction, rewriting",to learn from my mistakes,4,1,1,0,0,0,0,0,1,0,0,1,1,1,0,0,0,0,0,1,10,4,1,it raised my error awareness,1,1,8,1,1,4.33,3,180
FCY1_I,./data/processed/exercises/FCY1_I_E01.txt,22,M,France,Language and Literature,3,Intermediate,era (del numérico) [digital] / (utilizador) [usuario],Creation,Noun / Noun,"2A, 2M","Vocabulary extraction, translation",it was required,3,1,0,0,1,0,0,0,0,0,0,0,0,1,0,0,0,0,0,1,6,2,1,did not understand the purpose,1,1,4,1,1,4.33,2,120
FCY1_I,./data/processed/exercises/FCY1_I_E02.txt,22,M,France,Language and Literature,3,Intermediate,asegurarse [de] que,Government,Preposition,5E,Multiple choice,it was required,3,1,0,1,0,0,0,0,0,0,0,0,0,1,1,1,1,0,0,1,5,3,1,lack of guidance,0,0,4,1,0,4.33,2,120
FCY1_I,./data/processed/exercises/FCY1_I_E03.txt,22,M,France,Language and Literature,3,Intermediate,(llenar) [cubrir] la demanda,Substitution,Verb,"3A, 5D",Leave the odd one out,it was required,3,1,0,1,0,0,0,0,0,0,0,0,0,1,0,0,1,0,0,1,2.5,3,1,new vocabulary,0,0,4,1,1,4.33,2,120
FCY1_I,./data/processed/exercises/FCY1_I_E04.txt,22,M,France,Language and Literature,3,Intermediate,(bajo) [por debajo] de / pasatiempos (en) [al] aire libre,Government,Preposition / Preposition,2M,Translation,it was required,3,1,0,1,1,0,1,0,1,0,1,0,0,1,1,0,1,0,1,0,5,4,1,very useful,1,1,4,0,0,4.33,2,120
FCY1_I,./data/processed/exercises/FCY1_I_E05.txt,22,M,France,Language and Literature,3,Intermediate,como (le) [lo] hemos visto antes,Pronoun,Pronoun,3B,Fill-in-the-blanks,it was required,3,1,0,0,0,0,0,0,0,0,0,0,0,1,0,0,1,0,0,1,10,2,1,already acquired,0,0,4,1,1,4.33,2,120
FCY1_I,./data/processed/exercises/FCY1_I_E06.txt,22,M,France,Language and Literature,3,Intermediate,es importante (de) tener en cuenta que,Government,Preposition,3B,Multiple choice,it was required,3,1,0,0,0,0,0,0,0,0,0,0,0,1,0,0,1,0,0,1,6.67,3,1,repetitive,0,0,4,0,0,4.33,2,120
FCY1_I,./data/processed/exercises/FCY1_I_E07.txt,22,M,France,Language and Literature,3,Intermediate,(faltan) [escasean],Substitution,Verb,2G,Rewriting,it was required,3,1,0,0,1,0,0,0,1,0,0,1,1,1,0,0,0,1,0,1,5,4,1,challenging and very useful,1,1,4,1,1,4.33,2,120
FCY1_I,./data/processed/exercises/FCY1_I_E08.txt,22,M,France,Language and Literature,3,Intermediate,reemplazarán (el) [lo] humano / (el) [lo] natural es vernos,Determination,Determiner,3B,Fill-in-the-blanks,it was required,3,0,0,1,0,0,0,1,0,0,1,0,0,1,1,0,1,0,0,1,10,3,1,useful for revision,0,0,4,0,0,4.33,2,120
FCY1_I,./data/processed/exercises/FCY1_I_E09.txt,22,M,France,Language and Literature,3,Intermediate,(jovenes) [jóvenes],Creation,Noun,5A,Accent placement exercise,it was required,3,1,0,0,0,0,0,1,0,0,0,0,1,1,0,0,0,0,0,1,10,4,1,useful rules,1,1,4,1,1,4.33,2,120
FCY1_I,./data/processed/exercises/FCY1_I_E10.txt,22,M,France,Language and Literature,3,Intermediate,(el médico) [la medicina],Substitution,Noun,"2L, 5E","Matching, writing",it was required,3,0,0,1,0,0,0,0,0,0,0,0,0,1,1,1,1,1,0,1,8.33,4,1,relevant,1,1,4,0,0,4.33,2,120
FCY1_I,./data/processed/exercises/FCY1_I_E11.txt,22,M,France,Language and Literature,3,Intermediate,las (buenas y las malas) [ventajas y las] desventajas,Analysis,Noun,"2I, 2G",Rewriting,it was required,3,1,0,0,0,0,0,0,1,0,0,1,1,1,0,0,1,1,0,0,0,3,1,lack of guidance,0,0,4,0,0,4.33,2,120
FCY1_I,./data/processed/exercises/FCY1_I_E12.txt,22,M,France,Language and Literature,3,Intermediate,Pellicer (desarrolla en) [argumenta] que la inteligencia artificial sería buena,Substitution,Verb,"2I, 2G",Rewriting,it was required,3,1,0,0,0,0,0,0,0,0,1,1,1,1,0,0,0,1,0,1,8.75,2,1,repetitive,0,0,4,0,0,4.33,2,120
FCY1_I,./data/processed/exercises/FCY1_I_E13.txt,22,M,France,Language and Literature,3,Intermediate,mala (habitud) [costumbre],Substitution,Noun,5E,Binary choice,it was required,3,1,0,1,1,0,0,1,0,0,0,0,0,1,0,0,1,0,0,1,8.57,4,1,common mistake,1,1,4,1,1,4.33,2,120
FCY1_I,./data/processed/exercises/FCY1_I_E14.txt,22,M,France,Language and Literature,3,Intermediate,así como (al fuera) [fuera] de este,Creation,Adverb,3B,Fill-in-the-blanks,it was required,3,1,0,0,0,0,0,0,0,0,0,0,1,1,0,0,1,0,0,1,6.87,3,1,too difficult,0,0,4,0,0,4.33,2,120
FCY1_I,./data/processed/exercises/FCY1_I_E15.txt,22,M,France,Language and Literature,3,Intermediate,ámbitos (del cotidiano) [de la vida cotidiana],Substitution,Noun,"2M, 5E","Matching, writing",it was required,3,1,0,0,1,0,0,0,0,0,0,0,0,1,1,1,1,1,0,0,0,2,1,too long,0,0,4,0,0,4.33,2,120
FGC2_S,./data/processed/exercises/FGC2_S_E01.txt,23,M,Finland,Economics,3,Beginner,Mi hermano nació en 2004 y (él) es una persona importante en mi vida,Pronoun,Pronoun,"2H, 2K, 5E","Error correction, rewriting, reflection",to learn from my mistakes,3,0,1,0,0,0,1,1,1,0,1,1,1,1,1,1,1,1,1,0,8.57,3,1,lack of guidance,1,0,3,1,1,5.67,3,180
FGC2_S,./data/processed/exercises/FGC2_S_E02.txt,23,M,Finland,Economics,3,Beginner,"Empecé a jugar al fútbol en 2007, en un equipo local, fue muy (rápido) [pronto]",Substitution,Adjective,"2H, 5E","Error correction, writing",to learn from my mistakes,3,0,1,1,0,0,0,1,1,0,1,0,0,1,1,0,1,1,0,0,5,4,1,new vocabulary,1,1,3,1,1,5.67,3,180
FGC2_S,./data/processed/exercises/FGC2_S_E03.txt,23,M,Finland,Economics,3,Beginner,la copa de (europa) [Europa],Creation,Noun,5E,Binary choice,to learn from my mistakes,3,0,1,1,0,0,0,1,1,0,0,0,0,1,1,1,1,0,0,1,9.23,3,1,useful,0,0,3,1,1,5.67,3,180
FGC2_S,./data/processed/exercises/FGC2_S_E04.txt,23,M,Finland,Economics,3,Beginner,(Ese año en otoño) [En el otoño de ese año] empecé la escuela,Order,Preposition,2I,Fill-in-the-blanks,to learn from my mistakes,3,0,1,0,0,0,0,0,1,0,0,1,1,1,1,1,0,0,0,1,1,3,1,lack of guidance,0,0,3,1,1,5.67,3,180
FGC2_S,./data/processed/exercises/FGC2_S_E05.txt,23,M,Finland,Economics,3,Beginner,Mi abuela (estaba) [se puso] muy triste,Substitution,Verb,3B,Fill-in-the-blanks,to learn from my mistakes,3,0,1,1,0,0,0,1,1,0,1,1,1,1,1,1,1,0,0,1,0,4,1,new vocabulary,0,0,3,0,0,5.67,3,180
FGC2_S,./data/processed/exercises/FGC2_S_E06.txt,23,M,Finland,Economics,3,Beginner,(miré) [vi] este partido por la (televisión) [tele],Substitution,Verb,"2K, 5E","Reflection, writing",to learn from my mistakes,3,0,1,1,0,0,1,1,1,0,1,1,1,1,1,0,1,1,1,1,7.5,4,1,challenging and very useful,1,1,3,0,0,5.67,3,180
FGC2_S,./data/processed/exercises/FGC2_S_E07.txt,23,M,Finland,Economics,3,Beginner,En 2016 mi familia (tuvo) [adoptó a] una mascota,Substitution,Verb,3B,Multiple choice,to learn from my mistakes,3,0,1,0,0,0,0,1,1,0,1,0,0,1,1,0,1,0,0,1,8,3,1,new vocabulary,0,0,3,1,1,5.67,3,180
FGC2_S,./data/processed/exercises/FGC2_S_E08.txt,23,M,Finland,Economics,3,Beginner,"Un perro, (que está muy cerca de mi corazón) [al que quiero mucho]",Substitution,Verb,2G,Rewriting,to learn from my mistakes,3,1,1,0,1,0,0,0,1,0,0,1,1,1,0,0,0,1,0,0,0,1,1,too difficult,0,0,3,1,1,5.67,3,180
FGC2_S,./data/processed/exercises/FGC2_S_E09.txt,23,M,Finland,Economics,3,Beginner,"Es un pueblo muy pequeño, pero (tienen) [tiene] una escuela secundaria superior de deportes",Number,Noun,"2H, 2G","Error correction, rewriting",to learn from my mistakes,3,0,1,0,0,0,0,1,1,0,0,1,1,1,1,1,0,1,0,1,8,4,1,relevant,0,0,3,0,0,5.67,3,180
FGC2_S,./data/processed/exercises/FGC2_S_E10.txt,23,M,Finland,Economics,3,Beginner,Conocí [a] muchas personas allí,Government,Preposition,3B,Binary choice,to learn from my mistakes,3,0,1,0,0,0,0,1,1,0,1,0,0,1,1,0,1,0,0,1,10,3,1,useful,0,0,3,0,0,5.67,3,180
FGC2_S,./data/processed/exercises/FGC2_S_E11.txt,23,M,Finland,Economics,3,Beginner,"Muchas personas allí, (quienes) [que] son mis buenos amigos",Pronoun,Pronoun,"3B, 2M","Fill-in-the-blanks, reflection",to learn from my mistakes,3,1,1,1,1,0,1,0,0,0,1,0,0,1,1,0,1,0,1,0,6.67,3,1,useful,0,0,3,0,0,5.67,3,180
FGC2_S,./data/processed/exercises/FGC2_S_E13.txt,23,M,Finland,Economics,3,Beginner,A los 18 (tuvo) [obtuve] el permiso de conducir,Substitution,Verb,3B,Binary choice,to learn from my mistakes,3,0,1,1,0,0,0,1,0,0,1,0,0,1,1,0,1,0,0,1,5,3,1,easy,0,0,3,1,1,5.67,3,180
FGC2_S,./data/processed/exercises/FGC2_S_E15.txt,23,M,Finland,Economics,3,Beginner,En 2021 (completé) [terminé] la escuela,Substitution,Verb,5A,Classification,to learn from my mistakes,3,0,1,1,0,0,0,1,1,0,1,0,0,1,1,0,1,0,0,1,7,4,1,relevant,1,1,3,1,0,5.67,3,180
FGC2_S,./data/processed/exercises/FGC2_S_E14.txt,23,M,Finland,Economics,3,Beginner,Y (terminé jugando) [dejé de jugar] al fútbol,Substitution,Verb,"2L, 3B","Matching, fill-in-the-blanks",to learn from my mistakes,3,0,1,1,0,0,0,0,0,0,1,1,1,1,1,1,1,0,0,1,3,3,1,useful,1,1,3,1,1,5.67,3,180
FGC2_S,./data/processed/exercises/FGC2_S_E12.txt,23,M,Finland,Economics,3,Beginner,(Completé) [hice] el servicio militar,Substitution,Verb,"3A, 5D",Leave the odd one out,to learn from my mistakes,3,1,1,1,0,0,0,0,0,0,0,0,0,1,0,0,1,0,0,1,2.5,2,1,too difficult,0,0,3,0,0,5.67,3,180
BEA1_S,./data/processed/exercises/BEA1_S_E01.txt,23,F,Belgium,Economics,6,Beginner,(Yo) nací el 11 de septiembre de 2001,Pronoun,Pronoun,"2H, 2K, 5E","Error correction, rewriting, reflection",personalized learning is a great opportunity,3,0,1,0,0,0,1,1,1,0,1,1,1,1,1,1,1,1,1,1,8.57,3,1,useful,0,0,5.67,1,1,5.67,4,120
BEA1_S,./data/processed/exercises/BEA1_S_E04.txt,23,F,Belgium,Economics,6,Beginner,Nací (en) [el] / (once) [11 de] (Septiembre) / [septiembre de] 2001,Government,Preposition / Preposition / Preposition,"2G, 5E","Error correction, writing",personalized learning is a great opportunity,3,0,1,0,0,0,0,1,1,0,1,1,1,1,1,0,0,1,0,0,4.5,3,1,useful for revision,1,1,5.67,1,1,5.67,4,120
BEA1_S,./data/processed/exercises/BEA1_S_E02.txt,23,F,Belgium,Economics,6,Beginner,(Belgicá) [Bélgica] / enfermedad (cronica) [crónica] / (dificil) [difícil] / (tambien) [también],Creation,Noun / Adjective / Adjective / Adverb,5A,Accent placement exercise,personalized learning is a great opportunity,3,1,1,0,0,0,0,1,0,0,0,0,1,1,0,0,0,0,0,1,6,3,1,useful explanation,1,1,5.67,1,1,5.67,4,120
BEA1_S,./data/processed/exercises/BEA1_S_E03.txt,23,F,Belgium,Economics,6,Beginner,Las etapas (muy importante) [más importantes] de mi vida,Substitution,Adverb,2F,"Fill-in-the-blanks, reflection",personalized learning is a great opportunity,3,0,1,1,0,0,1,1,1,0,1,0,0,1,1,0,1,0,1,0,6.25,4,1,useful explanation,0,0,5.67,0,0,5.67,4,120
BEA1_S,./data/processed/exercises/BEA1_S_E06.txt,23,F,Belgium,Economics,6,Beginner,(de) [desde] mi nacimiento (a) [hasta los] 16 años,Government,Preposition,3B,Fill-in-the-blanks,personalized learning is a great opportunity,3,0,1,1,0,0,0,1,1,0,1,0,0,1,1,1,1,0,0,1,8.33,3,1,useful for revision,0,0,5.67,0,0,5.67,4,120
BEA1_S,./data/processed/exercises/BEA1_S_E05.txt,23,F,Belgium,Economics,6,Beginner,"Desde mi nacimiento hasta los 16 años, (estaba) [fui] una chica muy feliz / (estaba) [fue] un momento muy difícil / (estaba) [fue] la mejor etapa de mi vida",Substitution,Verb / Verb / Verb,"1D, 2I",Sentence combining,personalized learning is a great opportunity,3,1,1,1,0,0,0,0,1,0,1,0,0,1,1,0,1,1,0,0,0,1,0,did not understand the exercise,1,0,5.67,1,0,5.67,4,120
BEA1_S,./data/processed/exercises/BEA1_S_E07.txt,23,F,Belgium,Economics,6,Beginner,"Cuando tenía 16 años, (tenía) [me diagnosticaron] una enfermedad crónica",Substitution,Verb,3B,Multiple choice,personalized learning is a great opportunity,3,0,1,0,0,0,0,1,1,0,1,0,0,1,1,0,1,0,0,1,10,4,1,new vocabulary,1,1,5.67,1,1,5.67,4,120
BEA1_S,./data/processed/exercises/BEA1_S_E14.txt,23,F,Belgium,Economics,6,Beginner,Los años (siguiente) [siguientes] / (mi) [mis] amigos,Number,Noun / Noun,2H,Error correction,personalized learning is a great opportunity,3,1,1,0,0,0,0,0,0,0,1,1,1,1,0,0,0,0,0,0,0,4,1,it raised my error awareness,1,1,5.67,1,1,5.67,4,120
BEA1_S,./data/processed/exercises/BEA1_S_E08.txt,23,F,Belgium,Economics,6,Beginner,Fui a Reino Unido (por) [para] estudiar,Government,Preposition,2K,"Reflection, writing",personalized learning is a great opportunity,3,1,1,1,0,0,1,0,1,0,1,0,0,1,1,0,1,0,1,1,6,4,1,relevant,1,1,5.67,1,1,5.67,4,120
BEA1_S,./data/processed/exercises/BEA1_S_E11.txt,23,F,Belgium,Economics,6,Beginner,(cinqo) [cinco] meses / (quando) [cuando],Creation,Adjective / Adverb,"2D, 2M","Fill-in-the-blanks, translation",personalized learning is a great opportunity,3,0,1,0,1,0,0,1,0,0,1,1,1,1,0,0,1,1,0,1,8,4,1,common mistake,1,1,5.67,1,1,5.67,4,120
BEA1_S,./data/processed/exercises/BEA1_S_E10.txt,23,F,Belgium,Economics,6,Beginner,(encanté) [conocí a],Substitution,Verb,5E,Binary choice,personalized learning is a great opportunity,3,1,1,1,1,0,0,1,0,0,0,0,0,1,0,0,1,0,0,1,10,4,1,common mistake,1,1,5.67,1,1,5.67,4,120
BEA1_S,./data/processed/exercises/BEA1_S_E13.txt,23,F,Belgium,Economics,6,Beginner,"El año pasado fui a Budapest por una escuela de verano, me gusta [mucho] ese lugar (mucho)",Order,Adverb,5E,Reorder,personalized learning is a great opportunity,3,0,1,0,0,0,0,1,1,0,1,0,0,1,1,0,1,1,0,0,0,3,1,useful,0,0,5.67,0,0,5.67,4,120
BEA1_S,./data/processed/exercises/BEA1_S_E12.txt,23,F,Belgium,Economics,6,Beginner,"El año pasado fui a Budapest por una escuela de verano, me gusta mucho (este) [ese] lugar / (Este) [Esto] me hizo muy feliz",Substitution,Adjective / Pronoun,3B,Fill-in-the-blanks,personalized learning is a great opportunity,3,0,1,1,0,0,0,1,0,0,1,0,0,1,1,1,1,0,0,1,7,4,1,useful for revision,0,0,5.67,0,0,5.67,4,120
BEA1_S,./data/processed/exercises/BEA1_S_E15.txt,23,F,Belgium,Economics,6,Beginner,Esto me (dio) [hizo] / (mucho) [muy] feliz,Substitution,Verb / Adverb,2G,Rewriting,personalized learning is a great opportunity,3,1,1,0,1,0,0,0,1,0,0,1,1,1,0,0,0,1,0,0,0,2,1,lack of guidance,0,0,5.67,0,0,5.67,4,120
BEA1_S,./data/processed/exercises/BEA1_S_E09.txt,23,F,Belgium,Economics,6,Beginner,escribí (un systematic review) [una revisión sistemática],Creation,Noun,"2A, 2M","Vocabulary extraction, translation",personalized learning is a great opportunity,3,1,1,0,1,0,0,0,0,0,0,0,0,1,0,0,0,0,0,1,5.55,3,1,new vocabulary,1,1,5.67,0,0,5.67,4,120
FJE1_S,./data/processed/exercises/FJE1_S_E06.txt,19,F,France,Media and Communication Studies,3,Beginner,Yo nací (en) [el] (cinco) [5] de abril de 2005 en Francia,Government,Preposition,"2G, 5E","Error correction, writing",to learn from my mistakes,4,0,1,0,0,0,0,1,1,0,1,1,1,1,1,0,0,1,0,0,0,4,1,relevant,1,1,6.33,1,0,2.33,3,180
FJE1_S,./data/processed/exercises/FJE1_S_E07.txt,19,F,France,Media and Communication Studies,3,Beginner,No (me recuerde) [recuerdo] mi vida,Pronoun,Verb,3B,Fill-in-the-blanks,to learn from my mistakes,4,0,1,1,0,0,0,1,1,0,1,1,1,1,1,0,1,0,0,1,10,4,1,it raised my error awareness,1,0,6.33,0,0,2.33,3,180
FJE1_S,./data/processed/exercises/FJE1_S_E03.txt,19,F,France,Media and Communication Studies,3,Beginner,(desde) [de] 2005 a 2010,Government,Preposition,3B,Fill-in-the-blanks,to learn from my mistakes,4,0,1,1,0,0,0,1,1,0,1,0,0,1,1,1,1,0,0,1,6.7,4,1,relevant,1,1,6.33,1,0,2.33,3,180
FJE1_S,./data/processed/exercises/FJE1_S_E14.txt,19,F,France,Media and Communication Studies,3,Beginner,sé que (fue) [fueron] buenos momentos / (fue) [fueron] dos momentos muy (difícil) [difíciles] en mi vida,Number,Noun / Noun,2H,Error correction,to learn from my mistakes,4,1,1,0,0,0,0,0,0,0,1,1,1,1,0,0,0,0,0,0,5,4,1,it raised my error awareness,1,1,6.33,1,0,2.33,3,180
FJE1_S,./data/processed/exercises/FJE1_S_E13.txt,19,F,France,Media and Communication Studies,3,Beginner,estudié en (este) [esta] ciudad hasta 2020 / (una) [un] día mi abuela,Gender,Noun / Noun,1A,Fill-in-the-blanks,to learn from my mistakes,4,1,1,0,0,0,0,1,1,0,0,0,1,1,0,0,0,0,0,1,9,4,1,useful for revision,1,1,6.33,0,0,2.33,3,180
FJE1_S,./data/processed/exercises/FJE1_S_E02.txt,19,F,France,Media and Communication Studies,3,Beginner,(conicí) [conocí],Creation,Verb,"2J, 2M",Reflection,to learn from my mistakes,4,1,1,0,0,0,1,0,1,0,1,0,0,1,1,0,0,0,1,0,6.67,4,1,it raised my error awareness,1,1,6.33,1,0,2.33,3,180
FJE1_S,./data/processed/exercises/FJE1_S_E05.txt,19,F,France,Media and Communication Studies,3,Beginner,Conocí [a] muchas amigas,Government,Preposition,3B,Binary choice,to learn from my mistakes,4,0,1,0,0,0,0,1,1,0,1,0,0,1,1,0,1,0,0,0,0,4,1,relevant,0,0,6.33,0,0,2.33,3,180
FJE1_S,./data/processed/exercises/FJE1_S_E04.txt,19,F,France,Media and Communication Studies,3,Beginner,(Hice) [Llevé] una vida muy feliz,Substitution,Verb,"3A, 5D",Leave the odd one out,to learn from my mistakes,4,1,1,1,0,0,0,0,0,0,0,0,0,1,0,0,1,0,0,1,2.5,4,1,new vocabulary,0,0,6.33,0,0,2.33,3,180
FJE1_S,./data/processed/exercises/FJE1_S_E01.txt,19,F,France,Media and Communication Studies,3,Beginner,mi abuela (enfermedó) [enfermó],Creation,Verb,1C,Table completion,to learn from my mistakes,4,1,1,1,0,0,0,0,1,0,0,1,1,1,0,0,0,0,0,1,10,4,1,relevant,1,1,6.33,1,0,2.33,3,180
FJE1_S,./data/processed/exercises/FJE1_S_E15.txt,19,F,France,Media and Communication Studies,3,Beginner,(adoptó) [adopté a] un perro que se llama Sparrow,Government,Preposition,"2K, 3F","Reflection, list creation",to learn from my mistakes,4,1,1,1,0,0,1,0,1,0,1,1,1,1,1,0,1,0,1,0,0,4,1,relevant,0,0,6.33,0,0,2.33,3,180
FJE1_S,./data/processed/exercises/FJE1_S_E11.txt,19,F,France,Media and Communication Studies,3,Beginner,perdí (una otra) [a otra] abuela,Government,Preposition,3B,Fill-in-the-blanks,to learn from my mistakes,4,1,1,0,0,0,0,0,1,0,1,1,1,1,1,0,1,0,0,1,10,4,1,relevant,0,0,6.33,0,0,2.33,3,180
FJE1_S,./data/processed/exercises/FJE1_S_E08.txt,19,F,France,Media and Communication Studies,3,Beginner,mi (vade) [vida],Substitution,Noun,"2I, 5E",Picture-based writing,to learn from my mistakes,4,0,1,1,0,0,0,0,1,1,1,0,0,1,1,0,0,1,0,0,0,4,1,relevant,1,1,6.33,1,0,2.33,3,180
FJE1_S,./data/processed/exercises/FJE1_S_E12.txt,19,F,France,Media and Communication Studies,3,Beginner,fue mi profesora de (Frances) [francés],Creation,Noun,5E,Binary choice,to learn from my mistakes,4,0,1,1,0,0,0,1,1,0,0,0,0,1,1,1,1,0,0,1,10,4,1,useful explanation,1,1,6.33,0,0,2.33,3,180
FJE1_S,./data/processed/exercises/FJE1_S_E10.txt,19,F,France,Media and Communication Studies,3,Beginner,(hizé) [cursé] el bachillerato,Creation,Verb,3B,Multiple choice,to learn from my mistakes,4,1,1,1,0,0,0,0,0,0,1,0,0,1,1,0,1,0,0,1,8.6,4,1,new vocabulary,1,1,6.33,0,0,2.33,3,180
FJE1_S,./data/processed/exercises/FJE1_S_E09.txt,19,F,France,Media and Communication Studies,3,Beginner,cursé el (BAC) [bachillerato],Creation,Noun,2M,Matching,to learn from my mistakes,4,1,1,0,1,0,0,0,0,0,0,0,0,1,0,0,1,0,0,1,8.3,4,1,new vocabulary,0,0,6.33,1,0,2.33,3,180
GKN1_S,./data/processed/exercises/GKN1_S_E01.txt,22,F,Greece,Chemistry,3,Beginner,nació en (Thessaloniki) [Tesalónica/Salónica] / (Napoli) [Nápoles] / y empezó a estudiar Química en (Aristotel Universidad de Thessaloniki) [la Universidad Aristóteles de Salónica] / estudió durante un año en (Ioannia Universidad) [en la Universidad de Ioánina],Creation,Noun / Noun / Noun / Noun,"3B, 2M","Fill-in-the-blanks, translation",to put my abilities to the test,2,1,0,0,1,0,0,0,1,0,1,1,1,1,1,1,1,1,0,1,7.86,2,1,confusing,1,1,6.67,1,1,5.67,3,180
GKN1_S,./data/processed/exercises/GKN1_S_E10.txt,22,F,Greece,Chemistry,3,Beginner,nació en Salónica (en) [el] cuatro de (Octubre) [octubre] (en) [de] 2002,Government,Preposition,"2G, 5E","Error correction, writing",to put my abilities to the test,2,0,0,0,0,0,0,1,1,0,1,1,1,1,1,0,0,1,0,1,10,1,1,too easy,1,1,6.67,1,1,5.67,3,180
GKN1_S,./data/processed/exercises/GKN1_S_E07.txt,22,F,Greece,Chemistry,3,Beginner,el (quatro) [cuatro] de octubre / y empezó (Qumíqa) [Química],Creation,Adjective / Noun,2D,Fill-in-the-blanks,to put my abilities to the test,2,0,0,0,0,0,0,1,0,0,1,1,1,1,0,0,1,0,0,1,7.5,1,1,too easy,1,1,6.67,1,0,5.67,3,180
GKN1_S,./data/processed/exercises/GKN1_S_E02.txt,22,F,Greece,Chemistry,3,Beginner,terminó (sus) [su] escuela secundaria / en (sus) [su] ciudad,Number,Noun / Noun,2H,Error correction,to put my abilities to the test,2,1,0,0,0,0,0,0,0,0,1,1,1,1,0,0,0,0,0,1,10,1,1,too easy,1,1,6.67,1,1,5.67,3,180
GKN1_S,./data/processed/exercises/GKN1_S_E03.txt,22,F,Greece,Chemistry,3,Beginner,(viajo) [viajó],Substitution,Verb,"2L, 2M, 5E","Matching, writing",to put my abilities to the test,2,0,0,1,1,0,0,0,0,0,0,0,0,1,1,1,1,1,0,1,9.33,1,1,too easy,0,0,6.67,1,1,5.67,3,180
GKN1_S,./data/processed/exercises/GKN1_S_E08.txt,22,F,Greece,Chemistry,3,Beginner,y empezó [a estudiar] Química en la Universidad Aristóteles de Salónica (estudiar) en 2022,Order,Verb,"2K, 2M","Reflection, translation",to put my abilities to the test,2,1,0,1,1,0,1,0,1,0,1,0,0,1,1,1,1,0,1,1,9.3,3,1,challenging and very useful,1,1,6.67,0,0,5.67,3,180
GKN1_S,./data/processed/exercises/GKN1_S_E06.txt,22,F,Greece,Chemistry,3,Beginner,estudió durante (uno) [un] año en la Universidad de Ioánina,Substitution,Adjective,5E,Reorder,to put my abilities to the test,2,0,0,1,0,1,0,1,1,0,1,0,0,1,1,1,1,1,0,1,9.5,1,1,too easy,1,1,6.67,0,0,5.67,3,180
GKN1_S,./data/processed/exercises/GKN1_S_E14.txt,22,F,Greece,Chemistry,3,Beginner,(simulatáneamente) [simultáneamente],Creation,Adverb,"3D, 2K","Continue a sequence, reflection",to put my abilities to the test,2,1,0,0,0,0,1,0,1,0,1,1,1,1,0,0,0,0,1,1,7.5,1,1,too easy,1,1,6.67,1,1,5.67,3,180
GKN1_S,./data/processed/exercises/GKN1_S_E15.txt,22,F,Greece,Chemistry,3,Beginner,(Inglés) [inglés] / (Aleman) [alemán],Creation,Adjective / Adjective,5E,Binary choice,to put my abilities to the test,2,0,0,1,0,0,0,1,1,0,0,0,0,1,1,1,1,0,0,1,9.41,3,1,useful,1,1,6.67,0,0,5.67,3,180
GKN1_S,./data/processed/exercises/GKN1_S_E12.txt,22,F,Greece,Chemistry,3,Beginner,como (lider) [líder] de grupo / (certificadó) [certificado] / (aleman) [alemán],Creation,Noun / Noun / Adjective,5A,Accent placement exercise,to put my abilities to the test,2,1,0,0,0,0,0,1,0,0,0,0,1,1,0,0,0,0,0,1,6.67,2,1,confusing rules,1,1,6.67,1,1,5.67,3,180
GKN1_S,./data/processed/exercises/GKN1_S_E04.txt,22,F,Greece,Chemistry,3,Beginner,como (líder de grupo) [monitora],Substitution,Noun,"2A, 2M","Vocabulary extraction, translation",to put my abilities to the test,2,1,0,0,1,0,0,0,0,0,0,0,0,1,0,0,0,0,0,1,7.33,1,1,not relevant,0,0,6.67,0,0,5.67,3,180
GKN1_S,./data/processed/exercises/GKN1_S_E09.txt,22,F,Greece,Chemistry,3,Beginner,viajó sola por primera vez (en) [a] Italia,Government,Preposition,5E,Multiple choice,to put my abilities to the test,2,1,0,1,0,0,0,0,0,0,0,0,0,1,1,1,1,0,0,1,5.55,4,1,challenging and very useful,0,0,6.67,0,0,5.67,3,180
GKN1_S,./data/processed/exercises/GKN1_S_E13.txt,22,F,Greece,Chemistry,3,Beginner,En 2016 [obtuvo el] certificado de inglés (C2) de nivel [C2] / [el] certificado de alemán (B2) de nivel [B2],Ellipsis,Verb / Determiner,"2K, 1D","Reflection, writing",to put my abilities to the test,2,1,0,0,0,0,1,0,1,0,1,0,0,1,1,0,1,1,1,1,10,3,1,useful,0,0,6.67,1,1,5.67,3,180
GKN1_S,./data/processed/exercises/GKN1_S_E11.txt,22,F,Greece,Chemistry,3,Beginner,(desde) hace 10 meses participó en una competición de baile,Government,Adverb,3B,Multiple choice,to put my abilities to the test,2,0,0,1,0,0,0,1,1,0,1,0,0,1,1,1,1,0,0,1,8.33,1,1,too easy,0,0,6.67,0,0,5.67,3,180
GKN1_S,./data/processed/exercises/GKN1_S_E05.txt,22,F,Greece,Chemistry,3,Beginner,(una baile competición) [una competición de baile] / clases de (oriental) baile [oriental],Order,Adjective / Adjective,2I,Sentence combining,to put my abilities to the test,2,1,0,0,0,0,0,0,1,0,0,1,1,1,0,0,0,0,0,1,7.78,2,1,lack of guidance,1,1,6.67,1,1,5.67,3,180
CFI1_S,./data/processed/exercises/CFI1_S_E01.txt,22,F,Canada,Economics,2,Beginner,Nací el 28 de agosto [de] 2002 / En noviembre [de] 2007,Government,Preposition / Preposition,"2G, 5E","Error correction, writing",forgot about them,1,0,0,0,0,0,0,1,1,0,1,1,1,1,1,0,0,1,0,0,0,1,1,forgot about doing it,0,0,0,0,0,2.67,2,0
CFI1_S,./data/processed/exercises/CFI1_S_E02.txt,22,F,Canada,Economics,2,Beginner,muchos de mis [primeros] años (primeros),Order,Adjective,5E,Reorder,forgot about them,1,0,0,1,1,0,0,1,1,0,1,0,0,1,1,1,1,1,0,0,0,1,1,forgot about doing it,0,0,0,1,1,2.67,2,0
CFI1_S,./data/processed/exercises/CFI1_S_E03.txt,22,F,Canada,Economics,2,Beginner,muchos de mis (primeras) [primeros] años,Gender,Noun,1A,Fill-in-the-blanks,forgot about them,1,1,0,0,0,0,0,1,1,0,0,0,1,1,0,0,0,0,0,0,0,1,1,forgot about doing it,0,0,0,1,1,2.67,2,0
CFI1_S,./data/processed/exercises/CFI1_S_E04.txt,22,F,Canada,Economics,2,Beginner,[nos] mudamos a la calle Albertus / [me] cambié a una nueva escuela,Pronoun,Verb / Verb,2K,"Reflection, writing",forgot about them,1,0,0,1,0,0,1,0,1,0,1,0,0,1,1,0,1,0,1,0,0,1,1,forgot about doing it,0,0,0,1,1,2.67,2,0
CFI1_S,./data/processed/exercises/CFI1_S_E05.txt,22,F,Canada,Economics,2,Beginner,(después de) dos años [después de] que mi hermano naciera,Order,Adverb,2I,Sentence combining,forgot about them,1,0,0,0,0,0,0,0,1,0,1,1,1,1,1,0,0,1,0,0,0,1,1,forgot about doing it,0,0,0,0,0,2.67,2,0
CFI1_S,./data/processed/exercises/CFI1_S_E06.txt,22,F,Canada,Economics,2,Beginner,(aquí) [ahí] empecé,Substitution,Adverb,2G,Rewriting,forgot about them,1,0,0,1,0,0,0,1,1,0,1,0,0,1,1,1,1,0,1,0,0,1,1,forgot about doing it,0,0,0,0,0,2.67,2,0
CFI1_S,./data/processed/exercises/CFI1_S_E07.txt,22,F,Canada,Economics,2,Beginner,empecé (a) [en] una nueva escuela / escogí (a) mudarme / estudié (a) [en] JRR por 4 años,Government,Preposition / Preposition / Preposition,5E,Multiple choice,forgot about them,1,1,0,1,0,0,0,0,0,0,0,0,0,1,1,1,1,0,0,0,0,1,1,forgot about doing it,0,0,0,0,0,2.67,2,0
CFI1_S,./data/processed/exercises/CFI1_S_E10.txt,22,F,Canada,Economics,2,Beginner,"(Pues, ) [Así pues, ] nos mudamos",Substitution,Adverb,3B,Fill-in-the-blanks,forgot about them,1,1,0,0,0,0,0,0,0,0,0,0,0,1,0,0,1,0,0,0,0,1,1,forgot about doing it,0,0,0,0,0,2.67,2,0
CFI1_S,./data/processed/exercises/CFI1_S_E09.txt,22,F,Canada,Economics,2,Beginner,[séptimo] grado (7),Substitution,Adjective,2G,Rewriting,forgot about them,1,0,0,1,0,0,0,0,1,0,1,1,1,1,0,0,1,1,0,0,0,1,1,forgot about doing it,0,0,0,0,0,2.67,2,0
CFI1_S,./data/processed/exercises/CFI1_S_E15.txt,22,F,Canada,Economics,2,Beginner,una escuela solo (por) [para] chicas,Government,Preposition,2K,"Reflection, writing",forgot about them,1,1,0,1,0,0,1,0,1,0,1,0,0,1,1,0,1,0,1,0,0,1,1,forgot about doing it,0,0,0,1,1,2.67,2,0
CFI1_S,./data/processed/exercises/CFI1_S_E12.txt,22,F,Canada,Economics,2,Beginner,conocí [a] dos de mis mejores amigas / adoptamos [a] Luna,Government,Preposition / Preposition,3B,Binary choice,forgot about them,1,0,0,0,0,0,0,1,1,0,1,0,0,1,1,0,1,0,0,0,0,1,1,forgot about doing it,0,0,0,0,0,2.67,2,0
CFI1_S,./data/processed/exercises/CFI1_S_E08.txt,22,F,Canada,Economics,2,Beginner,"Luna, (un perro) [una perra]",Gender,Noun,"1C, 4A","Table completion, reflection",forgot about them,1,1,0,1,0,0,1,0,1,0,1,1,1,1,0,0,1,0,1,0,0,1,1,forgot about doing it,0,0,0,0,0,2.67,2,0
CFI1_S,./data/processed/exercises/CFI1_S_E11.txt,22,F,Canada,Economics,2,Beginner,mis cursos (estaban) [eran] todos en línea,Substitution,Verb,3I,"Situation matching, writing",forgot about them,1,0,0,1,0,0,0,1,1,0,1,1,1,1,1,0,1,1,0,0,0,1,1,forgot about doing it,0,0,0,0,0,2.67,2,0
CFI1_S,./data/processed/exercises/CFI1_S_E14.txt,22,F,Canada,Economics,2,Beginner,(emperezas) [empresas],Substitution,Noun,"2A, 2M","Vocabulary extraction, translation",forgot about them,1,1,0,0,1,0,0,0,0,0,0,0,0,1,0,0,0,0,0,0,0,1,1,forgot about doing it,0,0,0,0,0,2.67,2,0
CFI1_S,./data/processed/exercises/CFI1_S_E13.txt,22,F,Canada,Economics,2,Beginner,(respectadas) [respetadas],Substitution,Adjective,"2D, 2M","Fill-in-the-blanks, reflection",forgot about them,1,1,0,0,1,0,1,0,0,0,1,1,1,1,0,0,0,0,1,0,0,1,1,forgot about doing it,0,0,0,0,0,2.67,2,0
PBJ1_S,./data/processed/exercises/PBJ1_S_E02.txt,21,F,Netherlands,Media and Communication Studies,4,Beginner,soy (Holandesa) [holandesa],Substitution,Adjective,5E,Binary choice,it was required,1,0,1,1,0,0,0,1,1,0,0,0,0,1,1,1,1,0,0,1,10,3,1,had to look up too much vocabulary,1,1,4,0,0,2,1,120
PBJ1_S,./data/processed/exercises/PBJ1_S_E04.txt,21,F,Netherlands,Media and Communication Studies,4,Beginner,mi familia es de (Surinama) [Surinam] / (Rotterdam) [Róterdam] / (Capelle a/d Ijssel) [Capelle aan den IJssel],Creation,Noun / Noun / Noun,"3B, 2M","Fill-in-the-blanks, translation",it was required,1,1,1,0,1,0,0,0,1,0,1,1,1,1,1,1,1,1,0,1,8.46,3,1,had to look up too much vocabulary,0,0,4,0,0,2,1,120
PBJ1_S,./data/processed/exercises/PBJ1_S_E05.txt,21,F,Netherlands,Media and Communication Studies,4,Beginner,Nosotros [nos] mudamos,Pronoun,Verb,2K,"Reflection, writing",it was required,1,0,1,1,0,0,1,0,1,0,1,0,0,1,1,0,1,0,1,1,0,1,0,did not understand the purpose,0,0,4,0,0,2,1,120
PBJ1_S,./data/processed/exercises/PBJ1_S_E09.txt,21,F,Netherlands,Media and Communication Studies,4,Beginner,pero (mudamos atrás) [volvimos],Creation,Verb,"2M, 5E","Translation, writing",it was required,1,1,1,1,0,1,1,0,1,0,0,1,1,1,0,0,1,1,0,1,8.3,3,1,had to look up too much vocabulary,0,0,4,0,0,2,1,120
PBJ1_S,./data/processed/exercises/PBJ1_S_E06.txt,21,F,Netherlands,Media and Communication Studies,4,Beginner,(fue mi) [fueron mis] vacaciones (favorita) [favoritas],Number,Noun,5E,Binary choice,it was required,1,1,1,1,0,0,0,0,0,0,0,0,0,1,0,0,1,0,0,1,6.67,3,1,had to look up too much vocabulary,0,0,4,0,0,2,1,120
PBJ1_S,./data/processed/exercises/PBJ1_S_E10.txt,21,F,Netherlands,Media and Communication Studies,4,Beginner,Hace tres meses (pasado) mi bisabuela murió,Excess word,Adverb,3B,Multiple choice,it was required,1,0,1,1,0,0,0,1,1,0,1,0,0,1,1,1,1,0,0,1,10,3,1,had to look up too much vocabulary,1,1,4,0,0,2,1,120
PBJ1_S,./data/processed/exercises/PBJ1_S_E01.txt,21,F,Netherlands,Media and Communication Studies,4,Beginner,hace tres meses (la madre de mi abuela) [mi bisabuela] murió,Analysis,Noun,"3B, 5H","Fill-in-the-blanks, drawing",it was required,1,1,1,0,0,0,0,0,0,1,0,1,1,1,1,1,0,0,0,0,4.5,3,1,had to look up too much vocabulary,1,1,4,1,1,2,1,120
PBJ1_S,./data/processed/exercises/PBJ1_S_E15.txt,21,F,Netherlands,Media and Communication Studies,4,Beginner,en el primer año de [la] escuela secundaria / en [la] escuela secundaria,Determination,Determiner / Determiner,"3B, 2K","Fill-in-the-blanks, reflection",it was required,1,1,1,1,0,0,1,0,0,0,1,0,0,1,0,0,1,1,1,0,5,2,1,lack of guidance,0,0,4,0,0,2,1,120
PBJ1_S,./data/processed/exercises/PBJ1_S_E13.txt,21,F,Netherlands,Media and Communication Studies,4,Beginner,también (hubí) [conocí],Creation,Verb,"2J, 2M",Reflection,it was required,1,1,1,0,1,0,1,0,1,0,1,0,0,1,1,0,0,0,1,1,8,3,1,useful,1,1,4,0,0,2,1,120
PBJ1_S,./data/processed/exercises/PBJ1_S_E03.txt,21,F,Netherlands,Media and Communication Studies,4,Beginner,(mi) [mis] cinco amigas,Number,Noun,2H,Error correction,it was required,1,1,1,0,0,0,0,0,0,0,1,1,1,1,0,0,0,0,0,1,6.25,3,1,had to look up too much vocabulary,0,0,4,1,1,2,1,120
PBJ1_S,./data/processed/exercises/PBJ1_S_E14.txt,21,F,Netherlands,Media and Communication Studies,4,Beginner,mis (5) [cinco] amigas,Substitution,Adjective,2K,"Reflection, writing",it was required,1,1,1,1,0,0,1,0,1,0,1,1,1,1,1,0,1,0,1,0,0,1,1,too difficult,0,0,4,0,0,2,1,120
PBJ1_S,./data/processed/exercises/PBJ1_S_E07.txt,21,F,Netherlands,Media and Communication Studies,4,Beginner,En 2020 mi padre (adoptivo) [adoptó],Substitution,Verb,1C,Table completion,it was required,1,1,1,1,0,0,0,0,1,0,0,1,1,1,0,0,0,0,0,1,9.4,3,1,had to look up too much vocabulary,0,0,4,0,0,2,1,120
PBJ1_S,./data/processed/exercises/PBJ1_S_E11.txt,21,F,Netherlands,Media and Communication Studies,4,Beginner,conocí [a] mis cinco amigas / mi padre adoptó [a] mi perro,Government,Preposition / Preposition,3B,Binary choice,it was required,1,0,1,0,0,0,0,1,1,0,1,0,0,1,1,0,1,0,0,1,2,3,1,had to look up too much vocabulary,0,0,4,0,0,2,1,120
PBJ1_S,./data/processed/exercises/PBJ1_S_E08.txt,21,F,Netherlands,Media and Communication Studies,4,Beginner,es (un mix) [un cruce],Creation,Noun,2G,Rewriting,it was required,1,1,1,0,0,1,0,0,0,0,0,1,1,1,0,0,0,1,0,1,5,3,1,had to look up too much vocabulary,1,1,4,1,0,2,1,120
PBJ1_S,./data/processed/exercises/PBJ1_S_E12.txt,21,F,Netherlands,Media and Communication Studies,4,Beginner,de shih tzu y (malteser) [bichón maltés],Creation,Noun,2L,Picture-based matching,it was required,1,1,1,0,0,0,0,0,0,1,0,0,0,1,0,0,1,0,0,1,10,3,1,had to look up too much vocabulary,1,1,4,1,0,2,1,120
TCW1_S,./data/processed/exercises/TCW1_S_E01.txt,22,M,Taiwan,Economics,3,Beginner,tengo (uno) [un] hermano muy guapo,Substitution,Adjective,5E,Reorder,to increase my error awareness and improve my Spanish,4,0,1,1,0,1,0,1,1,0,1,0,0,1,1,1,1,1,0,1,6,3,1,useful,1,1,7.33,0,0,3.33,4,60
TCW1_S,./data/processed/exercises/TCW1_S_E10.txt,22,M,Taiwan,Economics,3,Beginner,(guabo) [guapo],Substitution,Adjective,2M,"Translation, reflection",to increase my error awareness and improve my Spanish,4,1,1,1,1,0,0,1,1,0,0,1,1,1,0,0,1,0,0,0,5,4,1,interlinguistic comparisons are very useful,1,1,7.33,1,1,3.33,4,60
TCW1_S,./data/processed/exercises/TCW1_S_E03.txt,22,M,Taiwan,Economics,3,Beginner,me encanta hacer mucho (deportes) [deporte] / recibí (mucho) [muchos] deberes,Number,Noun / Noun,2H,Error correction,to increase my error awareness and improve my Spanish,4,1,1,0,0,0,0,0,0,0,1,1,1,1,0,0,0,0,0,1,6.88,4,1,relevant,1,1,7.33,1,1,3.33,4,60
TCW1_S,./data/processed/exercises/TCW1_S_E12.txt,22,M,Taiwan,Economics,3,Beginner,desde [que] era pequeño,Ellipsis,Preposition,5E,"Binary choice, writing",to increase my error awareness and improve my Spanish,4,0,1,1,0,0,0,1,1,0,1,0,0,1,1,1,1,0,0,1,10,4,1,relevant,1,1,7.33,0,0,3.33,4,60
TCW1_S,./data/processed/exercises/TCW1_S_E11.txt,22,M,Taiwan,Economics,3,Beginner,(mi familia y yo) [a mi familia y a mí] nos gusta viajar,Government,Preposition,2H,Error correction,to increase my error awareness and improve my Spanish,4,0,1,0,0,1,0,1,1,0,1,0,0,1,1,0,0,0,0,1,7,4,1,challenging and very useful,1,1,7.33,0,0,3.33,4,60
TCW1_S,./data/processed/exercises/TCW1_S_E15.txt,22,M,Taiwan,Economics,3,Beginner,espero volverme (la) [una] persona,Determination,Determiner,2K,"Reflection, writing",to increase my error awareness and improve my Spanish,4,1,1,1,0,0,1,0,1,0,1,0,0,1,1,0,1,0,1,1,10,4,1,challenging and very useful,0,0,7.33,0,0,3.33,4,60
TCW1_S,./data/processed/exercises/TCW1_S_E14.txt,22,M,Taiwan,Economics,3,Beginner,aunque (recibí) [me pusieron] muchos deberes,Substitution,Verb,"3A, 5D",Leave the odd one out,to increase my error awareness and improve my Spanish,4,1,1,1,0,0,0,0,0,0,0,0,0,1,0,0,1,0,0,1,0,3,1,too difficult,0,0,7.33,0,0,3.33,4,60
TCW1_S,./data/processed/exercises/TCW1_S_E06.txt,22,M,Taiwan,Economics,3,Beginner,"fui a viajar (en) [a] Japón en 2018 / viajé (en) [a] Nepal / viajé (en) [a] Francia, Alemania, Holanda y españa / entré [en] la escuela secundaria",Government,Preposition / Preposition / Preposition / Preposition,5E,Multiple choice,to increase my error awareness and improve my Spanish,4,1,1,1,0,0,0,0,0,0,0,0,0,1,1,1,1,0,0,1,8.57,4,1,relevant,1,1,7.33,0,0,3.33,4,60
TCW1_S,./data/processed/exercises/TCW1_S_E09.txt,22,M,Taiwan,Economics,3,Beginner,empecé la vida (escolar) [académica] en mi universidad,Substitution,Adjective,2L,"Matching, fill-in-the-blanks",to increase my error awareness and improve my Spanish,4,0,1,1,0,0,0,0,0,0,1,1,1,1,1,1,1,0,0,1,10,3,1,new vocabulary,0,0,7.33,1,1,3.33,4,60
TCW1_S,./data/processed/exercises/TCW1_S_E04.txt,22,M,Taiwan,Economics,3,Beginner,(de) [desde] 2021 (al) [hasta] ahora,Government,Preposition,3B,Fill-in-the-blanks,to increase my error awareness and improve my Spanish,4,0,1,1,0,0,0,1,1,0,1,0,0,1,1,1,1,0,0,1,10,3,1,a little unclear,1,1,7.33,0,0,3.33,4,60
TCW1_S,./data/processed/exercises/TCW1_S_E08.txt,22,M,Taiwan,Economics,3,Beginner,"viajé a Francia, Alemania, (Holandesa) [Holanda] y España",Substitution,Noun,1C,Table completion,to increase my error awareness and improve my Spanish,4,1,1,1,0,0,0,0,1,0,1,1,1,1,0,0,0,0,0,1,10,4,1,relevant,1,1,7.33,0,0,3.33,4,60
TCW1_S,./data/processed/exercises/TCW1_S_E05.txt,22,M,Taiwan,Economics,3,Beginner,en agosto [de] este año,Government,Preposition,2I,Fill-in-the-blanks,to increase my error awareness and improve my Spanish,4,0,1,0,0,0,0,0,1,0,0,1,1,1,1,1,0,0,0,1,8.33,4,1,relevant,0,0,7.33,1,1,3.33,4,60
TCW1_S,./data/processed/exercises/TCW1_S_E02.txt,22,M,Taiwan,Economics,3,Beginner,(special) [especiales],Creation,Adjective,5C,Reflection,to increase my error awareness and improve my Spanish,4,1,1,0,0,1,1,0,0,0,1,0,0,1,0,0,0,0,1,1,8,2,1,too difficult,1,1,7.33,0,0,3.33,4,60
TCW1_S,./data/processed/exercises/TCW1_S_E07.txt,22,M,Taiwan,Economics,3,Beginner,(exquistezes) [exquisiteces],Creation,Noun,2D,"Fill-in-the-blanks, reflection",to increase my error awareness and improve my Spanish,4,1,1,0,0,0,1,1,0,0,0,0,0,1,0,0,0,0,0,1,8.75,4,1,very useful,1,1,7.33,0,0,3.33,4,60
TCW1_S,./data/processed/exercises/TCW1_S_E13.txt,22,M,Taiwan,Economics,3,Beginner,espero volverme (una gente útil) [una persona útil],Substitution,Noun,2F,"Fill-in-the-blanks, reflection",to increase my error awareness and improve my Spanish,4,1,1,1,0,0,1,0,0,0,1,0,0,1,0,0,1,0,1,0,4.3,3,1,new vocabulary,1,1,7.33,1,1,3.33,4,60
PNA1_S,./data/processed/exercises/PNA1_S_E10.txt,20,F,Poland,Law,3,Beginner,Nací en enero (en) [de] 2004,Government,Preposition,"2G, 5E","Error correction, writing",it was required,3,0,1,0,0,0,0,1,1,0,1,1,1,1,1,0,0,1,0,1,7.78,4,1,essential,1,1,6.67,0,0,1,3,210
PNA1_S,./data/processed/exercises/PNA1_S_E06.txt,20,F,Poland,Law,3,Beginner,(tuvé) [tuve] / (hicé) [hice],Creation,Verb / Verb,5A,Accent placement exercise,it was required,3,1,1,0,0,0,0,1,0,0,0,0,1,1,0,0,0,0,0,1,10,2,1,not very useful,1,1,6.67,1,0,1,3,210
PNA1_S,./data/processed/exercises/PNA1_S_E11.txt,20,F,Poland,Law,3,Beginner,"Cuando tenía cinco años, (yo) fui a la escuela",Pronoun,Pronoun,"2H, 2K, 5E","Error correction, rewriting, reflection",it was required,3,0,1,0,0,0,1,1,1,0,1,1,1,1,1,1,1,1,1,1,5,2,1,not very useful,0,0,6.67,0,0,1,3,210
PNA1_S,./data/processed/exercises/PNA1_S_E04.txt,20,F,Poland,Law,3,Beginner,(y) [e] hice,Substitution,Conjunctive phrase,3B,Fill-in-the-blanks,it was required,3,0,1,1,0,0,0,1,1,0,1,0,0,1,1,1,1,0,0,1,7.78,1,1,not relevant,0,0,6.67,0,0,1,3,210
PNA1_S,./data/processed/exercises/PNA1_S_E05.txt,20,F,Poland,Law,3,Beginner,(descubré) [descubrí],Creation,Verb,2J,Reflection,it was required,3,1,1,0,0,0,1,0,1,0,1,0,0,1,1,0,0,0,1,1,10,3,1,useful,1,1,6.67,0,0,1,3,210
PNA1_S,./data/processed/exercises/PNA1_S_E02.txt,20,F,Poland,Law,3,Beginner,cuando (soy) [tenía] ocho años,Substitution,Verb,"2M, 5E","Translation, writing",it was required,3,1,1,1,0,1,1,0,1,0,0,1,1,1,0,0,1,1,0,1,8.33,1,1,not relevant,1,1,6.67,1,0,1,3,210
PNA1_S,./data/processed/exercises/PNA1_S_E12.txt,20,F,Poland,Law,3,Beginner,descubrí [que] Papá Noel no existe,Ellipsis,Verb,3B,Fill-in-the-blanks,it was required,3,0,1,0,0,0,0,0,1,0,1,0,0,1,1,0,1,0,0,1,8.75,3,1,relevant,1,1,6.67,0,0,1,3,210
PNA1_S,./data/processed/exercises/PNA1_S_E09.txt,20,F,Poland,Law,3,Beginner,descubrí que (el) Papá Noel no existe,Determination,Determiner,"3H, 2K","Error correction, reflection",it was required,3,1,1,0,0,0,1,0,1,0,1,0,1,1,1,0,1,0,1,1,8.57,3,1,relevant,1,1,6.67,0,0,1,3,210
PNA1_S,./data/processed/exercises/PNA1_S_E14.txt,20,F,Poland,Law,3,Beginner,(este) [esto] fue horrible,Pronoun,Pronoun,3B,Fill-in-the-blanks,it was required,3,0,1,1,0,0,0,1,0,0,1,0,0,1,1,1,1,0,0,1,7.27,2,1,not very useful,0,0,6.67,0,0,1,3,210
PNA1_S,./data/processed/exercises/PNA1_S_E01.txt,20,F,Poland,Law,3,Beginner,esto (estuvo) [fue] horrible,Substitution,Verb,"1D, 2I",Sentence combining,it was required,3,1,1,1,0,0,0,0,1,0,1,0,0,1,1,0,1,1,0,0,3,3,1,relevant,1,1,6.67,1,0,1,3,210
PNA1_S,./data/processed/exercises/PNA1_S_E13.txt,20,F,Poland,Law,3,Beginner,esto fue (muy) horrible,Excess word,Adjective,"1C, 2H","Classification, table completion, error correction",it was required,3,1,1,0,0,0,0,1,1,0,0,0,1,1,1,0,1,1,0,1,9.1,3,1,relevant,0,0,6.67,0,0,1,3,210
PNA1_S,./data/processed/exercises/PNA1_S_E07.txt,20,F,Poland,Law,3,Beginner,cuando terminé (a) la escuela,Government,Preposition,"2L, 3B","Matching, fill-in-the-blanks",it was required,3,0,1,1,0,0,0,0,0,0,1,1,1,1,1,1,1,0,0,1,10,2,1,not very useful,1,1,6.67,0,0,1,3,210
PNA1_S,./data/processed/exercises/PNA1_S_E15.txt,20,F,Poland,Law,3,Beginner,Allí (visté) [visité] a mi tía,Creation,Verb,2F,"Binary choice, reflection",it was required,3,1,1,1,0,0,1,0,0,0,1,0,1,1,1,0,1,0,1,1,10,1,1,not relevant,1,1,6.67,0,0,1,3,210
PNA1_S,./data/processed/exercises/PNA1_S_E03.txt,20,F,Poland,Law,3,Beginner,ahora soy estudiante [de] intercambio,Government,Preposition,"3A, 5D",Leave the odd one out,it was required,3,1,1,1,0,0,0,0,0,0,0,0,0,1,0,0,1,0,0,1,7.5,2,1,not very useful,1,1,6.67,0,0,1,3,210
PNA1_S,./data/processed/exercises/PNA1_S_E08.txt,20,F,Poland,Law,3,Beginner,soy estudiante de intercambio (a) [en] la Universidad de Navarra,Government,Preposition,5E,Multiple choice,it was required,3,1,1,1,0,0,0,0,0,0,0,0,0,1,1,1,1,0,0,1,10,1,1,not relevant,0,0,6.67,0,0,1,3,210
AKA1_S,./data/processed/exercises/AKA1_S_E04.txt,22,F,Germany,Education,3,Beginner,nací (en) el (primero) [1] de (Julio) [julio] / (en) [de] (dos mil dos) [2002] / desde verano [de] (dos mil veintidós) [2022],Government,Preposition / Preposition / Preposition,"2G, 5E","Error correction, writing",it was required,2,0,1,0,0,0,0,1,1,0,1,1,1,1,1,0,0,1,0,1,5.55,3,1,useful for revision,1,0,5.67,0,0,2,2,240
AKA1_S,./data/processed/exercises/AKA1_S_E05.txt,22,F,Germany,Education,3,Beginner,en (una) [un] hospital / la escuela (secundario) [secundaria],Gender,Noun / Noun,1A,Fill-in-the-blanks,it was required,2,1,1,0,0,0,0,1,1,0,0,0,1,1,0,0,0,0,0,1,10,2,1,too easy,1,1,5.67,0,0,2,2,240
AKA1_S,./data/processed/exercises/AKA1_S_E03.txt,22,F,Germany,Education,3,Beginner,un hospital (en) [de] la ciudad Bielefeld / la escuela secundaria (en) [de] mi pueblo,Government,Preposition / Preposition,3B,Multiple choice,it was required,2,0,1,1,0,0,0,1,1,0,1,0,0,1,1,0,1,0,0,1,6.67,3,1,useful,0,0,5.67,0,0,2,2,240
AKA1_S,./data/processed/exercises/AKA1_S_E15.txt,22,F,Germany,Education,3,Beginner,(cuidad) [ciudad] / (juegé) [jugué] / (vaccaciones) [vacaciones] / (graduation) [graduación] / (una banka) [un banco],Creation,Noun / Verb / Noun / Noun / Noun,2H,"Error correction, writing",it was required,2,1,1,0,0,0,0,0,0,0,0,1,1,1,1,1,0,1,0,1,8,4,1,it raised my error awareness,1,1,5.67,1,1,2,2,240
AKA1_S,./data/processed/exercises/AKA1_S_E09.txt,22,F,Germany,Education,3,Beginner,(mis) [mi] tercer cumpleaños,Number,Noun,2H,Error correction,it was required,2,1,1,0,0,0,0,0,0,0,1,1,1,1,0,0,0,0,0,1,8.75,3,1,relevant,1,1,5.67,0,0,2,2,240
AKA1_S,./data/processed/exercises/AKA1_S_E08.txt,22,F,Germany,Education,3,Beginner,mi (tercero) [tercer] cumpleaños,Substitution,Adjective,5E,Reorder,it was required,2,0,1,1,0,1,0,1,1,0,1,0,0,1,1,1,1,1,0,1,10,3,1,useful for revision,1,1,5.67,0,0,2,2,240
AKA1_S,./data/processed/exercises/AKA1_S_E11.txt,22,F,Germany,Education,3,Beginner,(desde) hasta [los] dieciséis años,Government,Preposition,3B,Fill-in-the-blanks,it was required,2,0,1,1,0,0,0,1,1,0,1,0,0,1,1,1,1,0,0,1,10,4,1,relevant,0,0,5.67,0,0,2,2,240
AKA1_S,./data/processed/exercises/AKA1_S_E07.txt,22,F,Germany,Education,3,Beginner,(fuí) [fui] / (dieciseis) [dieciséis] / (obtuvé) [obtuve] / (dos mil veintedos) [dos mil veintidós],Creation,Verb / Adjective / Verb / Adjective,5A,Accent placement exercise,it was required,2,1,1,0,0,0,0,1,0,0,0,0,1,1,0,0,0,0,0,1,10,4,1,useful rules,1,1,5.67,0,0,2,2,240
AKA1_S,./data/processed/exercises/AKA1_S_E10.txt,22,F,Germany,Education,3,Beginner,hice [a] mi amiga favorita,Government,Preposition,3B,Binary choice,it was required,2,0,1,0,0,0,0,1,1,0,1,0,0,1,1,0,1,0,0,1,8,3,1,new vocabulary,1,1,5.67,0,0,2,2,240
AKA1_S,./data/processed/exercises/AKA1_S_E14.txt,22,F,Germany,Education,3,Beginner,desde hace siete años (hice) [tengo] un perro,Substitution,Verb,"3A, 5D",Leave the odd one out,it was required,2,1,1,1,0,0,0,0,0,0,0,0,0,1,0,0,1,0,0,1,5,2,1,lack of guidance,0,0,5.67,0,0,2,2,240
AKA1_S,./data/processed/exercises/AKA1_S_E12.txt,22,F,Germany,Education,3,Beginner,pero él vive con mi familia (en) [por] el momento,Government,Preposition,"2M, 5E","Translation, writing",it was required,2,1,1,1,0,1,1,0,1,0,0,1,1,1,0,0,1,1,0,1,7.5,2,1,too difficult,0,0,5.67,0,0,2,2,240
AKA1_S,./data/processed/exercises/AKA1_S_E06.txt,22,F,Germany,Education,3,Beginner,fui (en) [a] Nueva York,Government,Preposition,5E,Multiple choice,it was required,2,1,1,1,0,0,0,0,0,0,0,0,0,1,1,1,1,0,0,1,2.5,4,1,relevant,0,0,5.67,1,1,2,2,240
AKA1_S,./data/processed/exercises/AKA1_S_E02.txt,22,F,Germany,Education,3,Beginner,mi [decimoctavo] cumpleaños (de dieciocho),Substitution,Adjective,2G,Rewriting,it was required,2,0,1,1,0,0,0,0,1,0,1,1,1,1,0,0,1,1,0,1,7,3,1,lack of guidance,1,0,5.67,0,0,2,2,240
AKA1_S,./data/processed/exercises/AKA1_S_E01.txt,22,F,Germany,Education,3,Beginner,fui a (New) [Nueva] York,Creation,Noun,"3B, 2M","Fill-in-the-blanks, translation",it was required,2,1,1,0,1,0,0,0,1,0,1,1,1,1,1,1,1,1,0,1,9.23,3,1,useful,1,1,5.67,1,1,2,2,240
AKA1_S,./data/processed/exercises/AKA1_S_E13.txt,22,F,Germany,Education,3,Beginner,(fue voluntario) [fui voluntaria],Gender,Noun,2F,"Fill-in-the-blanks, reflection",it was required,2,1,1,1,0,0,1,0,0,0,1,0,0,1,1,0,1,0,1,0,2.5,3,1,useful,1,0,5.67,0,0,2,2,240
AHJ1_S,./data/processed/exercises/AHJ1_S_E11.txt,26,F,Germany,Economics,3,Beginner,(hasta tuve 3 años) [hasta que cumplí los 3 años] / (hasta tuve 22 años) [hasta que cumplí los 22 años],Substitution,Verb / Verb,2F,Fill-in-the-blanks,helpful,4,0,0,0,0,0,0,0,1,0,1,0,0,1,1,0,1,0,0,1,2.5,2,1,too difficult,0,0,1,0,0,1.33,4,240
AHJ1_S,./data/processed/exercises/AHJ1_S_E07.txt,26,F,Germany,Economics,3,Beginner,después nos mudamos (en) [a] una casa grande,Government,Preposition,5E,Multiple choice,helpful,4,1,0,1,0,0,0,0,0,0,0,0,0,1,1,1,1,0,0,1,1.11,2,1,too difficult,0,0,1,0,0,1.33,4,240
AHJ1_S,./data/processed/exercises/AHJ1_S_E10.txt,26,F,Germany,Economics,3,Beginner,(deste) [desde] / (jugé) [jugué] / (voleybol) [voleibol] / (quatro) [cuatro],Creation,Preposition / Verb / Noun / Adjective,2H,"Error correction, writing",helpful,4,1,0,0,0,0,0,0,0,0,0,1,1,1,1,1,0,1,0,1,10,4,1,it raised my error awareness,1,0,1,0,0,1.33,4,240
AHJ1_S,./data/processed/exercises/AHJ1_S_E08.txt,26,F,Germany,Economics,3,Beginner,(empezé) [empecé],Creation,Verb,2D,"Fill-in-the-blanks, reflection",helpful,4,1,0,0,0,0,1,1,0,0,0,0,0,1,0,0,0,0,0,1,7.78,3,1,lack of guidance,0,0,1,1,0,1.33,4,240
AHJ1_S,./data/processed/exercises/AHJ1_S_E06.txt,26,F,Germany,Economics,3,Beginner,(y) [e] hice,Substitution,Conjunctive phrase,3B,Fill-in-the-blanks,helpful,4,0,0,1,0,0,0,1,1,0,1,0,0,1,1,1,1,0,0,1,7.78,3,1,useful for revision,0,0,1,0,0,1.33,4,240
AHJ1_S,./data/processed/exercises/AHJ1_S_E12.txt,26,F,Germany,Economics,3,Beginner,(obtuve) [hice] una amiga,Substitution,Verb,"3A, 5D",Leave the odd one out,helpful,4,1,0,1,0,0,0,0,0,0,0,0,0,1,0,0,1,0,0,1,7.5,4,1,new vocabulary,1,0,1,1,0,1.33,4,240
AHJ1_S,./data/processed/exercises/AHJ1_S_E13.txt,26,F,Germany,Economics,3,Beginner,para [toda la] vida,Ellipsis,Adverb,"2M, 5E","Translation, writing",helpful,4,1,0,1,0,1,1,0,1,0,0,1,1,1,0,0,1,1,0,1,8.33,4,1,challenging and very useful,0,0,1,0,0,1.33,4,240
AHJ1_S,./data/processed/exercises/AHJ1_S_E15.txt,26,F,Germany,Economics,3,Beginner,(ella) [su] nombre es Damaris,Substitution,Adjective,"2A, 2M","Vocabulary extraction, translation",helpful,4,1,0,0,1,0,0,0,0,0,0,0,0,1,0,0,0,0,0,1,10,3,1,new vocabulary,0,0,1,0,0,1.33,4,240
AHJ1_S,./data/processed/exercises/AHJ1_S_E05.txt,26,F,Germany,Economics,3,Beginner,empecé [a] estudiar,Government,Preposition,"2K, 2M","Reflection, translation",helpful,4,1,0,1,1,0,1,0,1,0,1,0,0,1,1,1,1,0,1,1,8,3,1,lack of guidance,0,0,1,0,0,1.33,4,240
AHJ1_S,./data/processed/exercises/AHJ1_S_E09.txt,26,F,Germany,Economics,3,Beginner,jugué desde (hace) [los] quince años,Government,Preposition,3B,Multiple choice,helpful,4,0,0,1,0,0,0,1,1,0,1,0,0,1,1,1,1,0,0,1,6.67,3,1,useful explanation,0,0,1,1,0,1.33,4,240
AHJ1_S,./data/processed/exercises/AHJ1_S_E14.txt,26,F,Germany,Economics,3,Beginner,"fui (un) [una] ""au pair"" / como (empleado) [empleada] industrial",Gender,Noun / Noun,"1C, 4A","Table completion, reflection",helpful,4,1,0,1,0,0,1,0,1,0,1,1,1,1,0,0,1,0,1,1,6.25,4,1,useful for revision,1,0,1,1,1,1.33,4,240
AHJ1_S,./data/processed/exercises/AHJ1_S_E03.txt,26,F,Germany,Economics,3,Beginner,desde julio [de] 2022 hasta agosto [de] 2023,Government,Preposition,"2G, 5E","Error correction, writing",helpful,4,0,0,0,0,0,0,1,1,0,1,1,1,1,1,0,0,1,0,1,6.67,3,1,useful,0,0,1,0,0,1.33,4,240
AHJ1_S,./data/processed/exercises/AHJ1_S_E02.txt,26,F,Germany,Economics,3,Beginner,(para) [por] un año / (para) [por] cuatro meses,Government,Preposition / Preposition,2K,"Reflection, writing",helpful,4,1,0,1,0,0,1,0,1,0,1,0,0,1,1,0,1,0,1,1,10,4,1,challenging and very useful,0,0,1,0,0,1.33,4,240
AHJ1_S,./data/processed/exercises/AHJ1_S_E04.txt,26,F,Germany,Economics,3,Beginner,empecé (una práctica) [unas prácticas],Number,Noun,5E,Binary choice,helpful,4,1,0,1,0,0,0,0,0,0,0,0,0,1,0,0,1,0,0,1,3.33,2,1,already acquired,0,0,1,0,0,1.33,4,240
AHJ1_S,./data/processed/exercises/AHJ1_S_E01.txt,26,F,Germany,Economics,3,Beginner,empecé a estudiar (Business Administration) [Administración de Empresas],Creation,Noun,2G,Rewriting,helpful,4,1,0,0,0,1,0,0,0,0,0,1,1,1,0,0,0,1,0,0,0,3,1,common mistake,0,0,1,0,0,1.33,4,240
GMO1_S,./data/processed/exercises/GMO1_S_E04.txt,19,M,Greece,International Relations,4,Beginner,(biografia) [biografía] / (electronicos) [electrónicos] / (futbol) [fútbol] / (fué) [fue] / (proximos) [próximos] / (tia) [tía] / (dificil) [difícil],Creation,Noun / Adjective / Noun / Verb / Adjective / Noun / Adjective,5A,Accent placement exercise,to learn from my mistakes,3,1,1,0,0,0,0,1,0,0,0,0,1,1,0,0,0,0,0,1,5,4,1,very useful,0,0,2.67,0,0,4,4,120
GMO1_S,./data/processed/exercises/GMO1_S_E03.txt,19,M,Greece,International Relations,4,Beginner,en (la central) [el centro] de la ciudad de Atenas,Substitution,Noun,"2L, 3B, 5E","Picture-based reflection, matching, writing",to learn from my mistakes,3,1,1,1,0,0,1,0,0,1,1,0,0,1,1,0,1,1,1,1,10,4,1,very useful,0,0,2.67,1,1,4,4,120
GMO1_S,./data/processed/exercises/GMO1_S_E15.txt,19,M,Greece,International Relations,4,Beginner,puedo recordar (muchas) [mucho] sobre mí mismo,Pronoun,Pronoun,3B,Multiple choice,to learn from my mistakes,3,1,1,1,0,0,0,0,0,0,1,0,0,1,1,0,1,0,0,1,6,4,1,very useful,1,0,2.67,1,1,4,4,120
GMO1_S,./data/processed/exercises/GMO1_S_E01.txt,19,M,Greece,International Relations,4,Beginner,sobre (mi) [mí] mismo / porque (el) (él) iba,Substitution,Pronoun / Pronoun,"2L, 2M, 5E","Matching, writing",to learn from my mistakes,3,0,1,1,1,0,0,0,0,0,0,0,0,1,1,1,1,1,0,0,4,4,1,very useful,0,0,2.67,0,0,4,4,120
GMO1_S,./data/processed/exercises/GMO1_S_E02.txt,19,M,Greece,International Relations,4,Beginner,por (exemplo) [ejemplo],Creation,Noun,"2M, 3D","Reflection, instantiation, writing",to learn from my mistakes,3,1,1,0,0,1,1,0,1,0,0,1,1,1,0,0,0,0,1,1,6.36,4,1,very useful,0,0,2.67,0,0,4,4,120
GMO1_S,./data/processed/exercises/GMO1_S_E05.txt,19,M,Greece,International Relations,4,Beginner,"dos gatos, una naranja y (un) [el otro] negro",Determination,Determiner,2F,"Fill-in-the-blanks, reflection",to learn from my mistakes,3,1,1,0,0,0,1,0,1,0,1,1,1,1,1,0,1,0,1,1,7.78,4,1,very useful,1,0,2.67,0,0,4,4,120
GMO1_S,./data/processed/exercises/GMO1_S_E11.txt,19,M,Greece,International Relations,4,Beginner,la escuela (primera) [primaria],Substitution,Adjective,2F,"Fill-in-the-blanks, reflection",to learn from my mistakes,3,1,1,1,0,0,1,0,0,0,1,1,1,1,1,1,1,0,1,1,6.67,4,1,very useful,1,0,2.67,1,1,4,4,120
GMO1_S,./data/processed/exercises/GMO1_S_E12.txt,19,M,Greece,International Relations,4,Beginner,y mi [mejor] amigo (mejor) / la [mejor] persona (mejor),Order,Adjective / Adjective,5E,Reorder,to learn from my mistakes,3,0,1,1,0,1,0,1,1,0,1,0,0,1,1,1,1,1,0,1,6,4,1,very useful,1,0,2.67,1,1,4,4,120
GMO1_S,./data/processed/exercises/GMO1_S_E06.txt,19,M,Greece,International Relations,4,Beginner,no puedo recordar (a) muchas cosas,Government,Preposition,3B,Fill-in-the-blanks,to learn from my mistakes,3,0,1,1,0,0,0,1,1,0,1,1,1,1,1,0,1,0,0,1,8.33,4,1,very useful,1,1,2.67,1,1,4,4,120
GMO1_S,./data/processed/exercises/GMO1_S_E14.txt,19,M,Greece,International Relations,4,Beginner,los años (próximos) [siguientes] fueron,Substitution,Adjective,2K,"Reflection, writing",to learn from my mistakes,3,0,1,1,0,0,1,0,1,0,1,0,0,1,1,0,1,0,1,1,8.75,4,1,very useful,1,0,2.67,0,0,4,4,120
GMO1_S,./data/processed/exercises/GMO1_S_E13.txt,19,M,Greece,International Relations,4,Beginner,él iba (en) [a] una escuela diferente / estoy en Pamplona en España (para) [por] 4 meses,Government,Preposition / Preposition,5E,Multiple choice,to learn from my mistakes,3,1,1,1,0,0,0,0,0,0,0,0,0,1,1,1,1,0,0,1,6.25,4,1,very useful,0,0,2.67,0,0,4,4,120
GMO1_S,./data/processed/exercises/GMO1_S_E08.txt,19,M,Greece,International Relations,4,Beginner,(tuve el mejor tiempo del mundo) [pasé el mejor momento de mi vida],Substitution,Verb,"2M, 5E","Translation, writing",to learn from my mistakes,3,1,1,1,0,1,1,0,1,0,0,1,1,1,0,0,1,1,0,1,8.33,4,1,very useful,0,0,2.67,0,0,4,4,120
GMO1_S,./data/processed/exercises/GMO1_S_E07.txt,19,M,Greece,International Relations,4,Beginner,"en (este) [ese] momento, era la mejor persona",Substitution,Adjective,2G,Rewriting,to learn from my mistakes,3,0,1,1,0,0,0,1,1,0,1,0,0,1,1,1,1,0,1,1,7.14,4,1,very useful,0,0,2.67,1,1,4,4,120
GMO1_S,./data/processed/exercises/GMO1_S_E09.txt,19,M,Greece,International Relations,4,Beginner,desde (a) los 18,Government,Preposition,3B,Fill-in-the-blanks,to learn from my mistakes,3,0,1,1,0,0,0,1,1,0,1,0,0,1,1,1,1,0,0,1,6.66,4,1,very useful,1,0,2.67,0,0,4,4,120
GMO1_S,./data/processed/exercises/GMO1_S_E10.txt,19,M,Greece,International Relations,4,Beginner,por un (program) [programa de] intercambio,Creation,Noun,"3A, 5D",Leave the odd one out,to learn from my mistakes,3,1,1,1,0,0,0,0,0,0,0,0,0,1,0,0,1,0,0,1,5,4,1,very useful,0,0,2.67,0,0,4,4,120
CGT1_S,./data/processed/exercises/CGT1_S_E14.txt,20,F,China,Economics,3,Beginner,no recuerdo muchas cosas de (edad 1-6) [mis primeros seis años de vida],Synthesis,Noun,2G,Rewriting,useful,4,1,1,0,0,0,0,1,1,0,1,1,1,1,1,1,1,0,0,1,8.75,3,1,not relevant,0,0,4,1,0,1.67,3,360
CGT1_S,./data/processed/exercises/CGT1_S_E02.txt,20,F,China,Economics,3,Beginner,recuerdo un (familia) viaje [familiar] a Taiwán,Order,Adjective,"3A, 5D",Leave the odd one out,useful,4,1,1,1,0,0,0,0,0,0,0,0,0,1,0,0,1,0,0,1,7.5,4,1,new vocabulary,1,1,4,1,1,1.67,3,360
CGT1_S,./data/processed/exercises/CGT1_S_E11.txt,20,F,China,Economics,3,Beginner,(Taiwan) [Taiwán],Creation,Noun,"3B, 2M","Fill-in-the-blanks, translation",useful,4,1,1,0,1,0,0,0,1,0,1,1,1,1,1,1,1,1,0,1,10,4,1,useful for revision,1,1,4,0,0,1.67,3,360
CGT1_S,./data/processed/exercises/CGT1_S_E09.txt,20,F,China,Economics,3,Beginner,conocí [a] la gente local / conocí [a] mi primera mejor amiga,Government,Preposition / Preposition,3B,Binary choice,useful,4,0,1,0,0,0,0,1,1,0,1,0,0,1,1,0,1,0,0,1,10,4,1,insightful,1,1,4,0,0,1.67,3,360
CGT1_S,./data/processed/exercises/CGT1_S_E12.txt,20,F,China,Economics,3,Beginner,"(después de) 3 años [después], hice otro viaje",Order,Adverb,3B,Fill-in-the-blanks,useful,4,1,1,1,0,0,0,0,0,0,1,0,1,1,1,0,1,0,0,1,10,4,1,useful for revision,0,0,4,0,0,1.67,3,360
CGT1_S,./data/processed/exercises/CGT1_S_E08.txt,20,F,China,Economics,3,Beginner,"3 años después, (tuve) [hice] otro viaje",Substitution,Verb,3B,Multiple choice,useful,4,0,1,1,0,0,0,1,1,0,1,0,0,1,1,0,1,0,0,1,8,4,1,insightful,0,0,4,0,0,1.67,3,360
CGT1_S,./data/processed/exercises/CGT1_S_E13.txt,20,F,China,Economics,3,Beginner,fui con compañeros (en) [de] la escuela / el primer año (en) [de] la escuela secundaria,Government,Preposition / Preposition,2I,Translation,useful,4,0,1,1,0,1,0,0,1,0,1,0,0,1,1,0,1,1,0,1,8.6,4,1,useful for revision,1,1,4,0,0,1.67,3,360
CGT1_S,./data/processed/exercises/CGT1_S_E05.txt,20,F,China,Economics,3,Beginner,"(en) el primer año de la escuela secundaria, fui / (en) el año pasado, enseñé un curso",Government,Preposition / Preposition,2I,Fill-in-the-blanks,useful,4,0,1,0,0,0,0,0,1,0,0,1,1,1,1,1,0,0,0,1,8.33,4,1,useful for revision,1,1,4,0,0,1.67,3,360
CGT1_S,./data/processed/exercises/CGT1_S_E15.txt,20,F,China,Economics,3,Beginner,fui (a un) [de] viaje de estudios a Reino Unido,Government,Preposition,"5A, 2I","Classification, sentence combining",useful,4,1,1,1,0,0,0,0,1,0,1,0,1,1,1,0,1,0,0,1,8.75,4,1,new vocabulary,1,1,4,0,0,1.67,3,360
CGT1_S,./data/processed/exercises/CGT1_S_E03.txt,20,F,China,Economics,3,Beginner,conocí a mi primera mejor amiga en (este) [ese] viaje,Substitution,Adjective,2G,Rewriting,useful,4,0,1,1,0,0,0,1,1,0,1,0,0,1,1,1,1,0,1,1,10,4,1,common mistake,0,0,4,0,0,1.67,3,360
CGT1_S,./data/processed/exercises/CGT1_S_E04.txt,20,F,China,Economics,3,Beginner,fueron (el mejor tiempo en) [los mejores momentos de] mi vida,Substitution,Noun,"2M, 5E","Translation, writing",useful,4,1,1,1,0,1,1,0,1,0,0,1,1,1,0,0,1,1,0,1,6.67,4,1,challenging and very useful,0,0,4,0,0,1.67,3,360
CGT1_S,./data/processed/exercises/CGT1_S_E06.txt,20,F,China,Economics,3,Beginner,conocí a la gente local (muy) [tan] amable,Substitution,Adverb,5E,Binary choice,useful,4,0,1,1,0,0,0,1,1,0,1,0,0,1,1,0,1,0,0,1,9,4,1,insightful,0,0,4,0,0,1.67,3,360
CGT1_S,./data/processed/exercises/CGT1_S_E01.txt,20,F,China,Economics,3,Beginner,soy (un) [una] estudiante de intercambio,Gender,Noun,"1C, 4A","Table completion, reflection",useful,4,1,1,1,0,0,1,0,1,0,1,1,1,1,0,0,1,0,1,1,8.9,4,1,relevant,0,0,4,1,1,1.67,3,360
CGT1_S,./data/processed/exercises/CGT1_S_E07.txt,20,F,China,Economics,3,Beginner,soy una estudiante de intercambio (a) [en] la Universidad de Navarra,Government,Preposition,5E,Multiple choice,useful,4,1,1,1,0,0,0,0,0,0,0,0,0,1,1,1,1,0,0,1,8.6,4,1,common mistake,0,0,4,0,0,1.67,3,360
CGT1_S,./data/processed/exercises/CGT1_S_E10.txt,20,F,China,Economics,3,Beginner,el primer viaje (sin un padre o maestro) [a solas] con mis amigos,Analysis,Adverb,"2L, 2M, 5E","Matching, writing",useful,4,0,1,0,0,0,0,0,0,0,0,0,0,1,1,1,0,1,0,1,10,4,1,new vocabulary,0,0,4,0,0,1.67,3,360
CGS1_S,./data/processed/exercises/CGS1_S_E09.txt,22,F,Canada,Economics,2,Beginner,"soy de Canada y (yo) nací en 2002 / no recuerdo mucho de mis primeros años de vida, pero (yo) sé",Pronoun,Pronoun / Pronoun,"2H, 2K, 5E","Error correction, rewriting, reflection",to increase my error awareness and improve my Spanish,3.5,0,1,0,0,0,1,1,1,0,1,1,1,1,1,1,1,1,1,0,5.36,4,1,insightful,0,0,4.33,0,0,5.67,4,90
CGS1_S,./data/processed/exercises/CGS1_S_E12.txt,22,F,Canada,Economics,2,Beginner,pero yo (se) [sé],Substitution,Verb,"2L, 2M, 5E","Matching, writing",to increase my error awareness and improve my Spanish,3.5,0,1,1,1,0,0,0,0,0,0,0,0,1,1,1,1,1,0,1,10,4,1,very useful,1,1,4.33,1,1,5.67,4,90
CGS1_S,./data/processed/exercises/CGS1_S_E11.txt,22,F,Canada,Economics,2,Beginner,(en) [el] 5 de (Enero) [enero],Government,Preposition,"2G, 5E","Error correction, writing",to increase my error awareness and improve my Spanish,3.5,0,1,0,0,0,0,1,1,0,1,1,1,1,1,0,0,1,0,1,7.78,3,1,useful explanation,1,0,4.33,1,1,5.67,4,90
CGS1_S,./data/processed/exercises/CGS1_S_E10.txt,22,F,Canada,Economics,2,Beginner,(uno) [un] año,Substitution,Adjective,5E,Reorder,to increase my error awareness and improve my Spanish,3.5,0,1,1,0,1,0,1,1,0,1,0,0,1,1,1,1,1,0,1,9,3,1,insightful,1,0,4.33,0,0,5.67,4,90
CGS1_S,./data/processed/exercises/CGS1_S_E14.txt,22,F,Canada,Economics,2,Beginner,conocí [a] mi amiga / adoptamos [a] mis gatos / perdí [a] mis abuelos,Government,Preposition / Preposition / Preposition,3B,Binary choice,to increase my error awareness and improve my Spanish,3.5,0,1,0,0,0,0,1,1,0,1,0,0,1,1,0,1,0,0,1,10,3,1,useful example,1,0,4.33,1,1,5.67,4,90
CGS1_S,./data/processed/exercises/CGS1_S_E04.txt,22,F,Canada,Economics,2,Beginner,(tambien) [también] / (proximos) [próximos],Creation,Adverb / Adjective,5A,Accent placement exercise,to increase my error awareness and improve my Spanish,3.5,1,1,0,0,0,0,1,0,0,0,0,1,1,0,0,0,0,0,1,10,3,1,useful explanation,1,0,4.33,1,1,5.67,4,90
CGS1_S,./data/processed/exercises/CGS1_S_E08.txt,22,F,Canada,Economics,2,Beginner,"(También, ) [Además, ]",Substitution,Adverb,2G,Sentence combining,to increase my error awareness and improve my Spanish,3.5,0,1,1,0,0,0,1,1,0,1,0,0,1,1,0,1,1,0,0,5,4,1,insightful,1,0,4.33,0,0,5.67,4,90
CGS1_S,./data/processed/exercises/CGS1_S_E13.txt,22,F,Canada,Economics,2,Beginner,"el año (próximo) [siguiente], conocí / los dos años (próximos) [siguientes] fueron difíciles",Substitution,Adjective / Adjective,2K,"Reflection, writing",to increase my error awareness and improve my Spanish,3.5,0,1,1,0,0,1,0,1,0,1,0,0,1,1,0,1,0,1,1,10,4,1,new vocabulary,1,0,4.33,0,0,5.67,4,90
CGS1_S,./data/processed/exercises/CGS1_S_E07.txt,22,F,Canada,Economics,2,Beginner,conocí a (una) otra amiga,Determination,Determiner,"2F, 2K","Fill-in-the-blanks, reflection",to increase my error awareness and improve my Spanish,3.5,1,1,0,1,0,1,0,0,0,1,1,1,1,1,0,0,1,0,1,0,1,1,confusing,1,0,4.33,0,0,5.67,4,90
CGS1_S,./data/processed/exercises/CGS1_S_E06.txt,22,F,Canada,Economics,2,Beginner,escuela (secundario) [secundaria] / (mucho) [mucha] felicidad,Gender,Noun / Noun,1A,Fill-in-the-blanks,to increase my error awareness and improve my Spanish,3.5,1,1,0,0,0,0,1,1,0,0,0,1,1,0,0,0,0,0,1,10,3,1,too difficult,1,0,4.33,1,1,5.67,4,90
CGS1_S,./data/processed/exercises/CGS1_S_E05.txt,22,F,Canada,Economics,2,Beginner,(escuala) [escuela] / (secondaria) [secundaria] / (felizidad) [felicidad] / (differentes) [diferentes] / mi (compleaños) [cumpleaños],Creation,Noun / Adjective / Noun / Adjective / Noun,2H,"Error correction, writing",to increase my error awareness and improve my Spanish,3.5,1,1,0,0,0,0,0,0,0,0,1,1,1,1,1,0,1,0,1,10,4,1,it raised my error awareness,1,0,4.33,1,1,5.67,4,90
CGS1_S,./data/processed/exercises/CGS1_S_E01.txt,22,F,Canada,Economics,2,Beginner,(me da mucha felicidad) [me hace muy feliz],Substitution,Verb,"2M, 5E","Translation, writing",to increase my error awareness and improve my Spanish,3.5,1,1,1,1,0,1,0,1,0,0,1,1,1,0,0,1,1,0,1,9.2,2,1,lack of guidance,0,0,4.33,0,0,5.67,4,90
CGS1_S,./data/processed/exercises/CGS1_S_E02.txt,22,F,Canada,Economics,2,Beginner,mis compañeros de (cuaderno) [clase],Substitution,Noun,"2A, 2M","Vocabulary extraction, translation",to increase my error awareness and improve my Spanish,3.5,1,1,0,1,0,0,0,0,0,0,0,0,1,0,0,0,0,0,1,10,3,1,interlinguistic comparisons are very useful,0,0,4.33,1,1,5.67,4,90
CGS1_S,./data/processed/exercises/CGS1_S_E03.txt,22,F,Canada,Economics,2,Beginner,mis compañeros de clase y yo [nos] conocimos,Pronoun,Verb,2K,"Reflection, writing",to increase my error awareness and improve my Spanish,3.5,0,1,1,0,0,1,0,1,0,1,0,0,1,1,0,1,0,1,1,10,4,1,new vocabulary,1,0,4.33,1,1,5.67,4,90
CGS1_S,./data/processed/exercises/CGS1_S_E15.txt,22,F,Canada,Economics,2,Beginner,estoy (en) [de] intercambio,Government,Preposition,"3A, 5D",Leave the odd one out,to increase my error awareness and improve my Spanish,3.5,1,1,1,0,0,0,0,0,0,0,0,0,1,0,0,1,0,0,1,10,1,1,lack of guidance,1,0,4.33,1,0,5.67,4,90
FDS1_S,./data/processed/exercises/FDS1_S_E10.txt,20,F,France,Political Science,3,Beginner,(empiecé) [empecé],Creation,Verb,2J,Reflection,it was easy,3,1,0,0,0,0,1,0,1,0,1,0,0,1,1,0,0,0,1,1,10,2,1,already acquired,1,1,5.33,1,1,4.67,3,90
FDS1_S,./data/processed/exercises/FDS1_S_E04.txt,20,F,France,Political Science,3,Beginner,(Paris) [París] / (Turquia) [Turquía] / (Africa) [África] / (politica) [política],Creation,Noun / Noun / Noun / Noun,5A,Accent placement exercise,it was easy,3,1,0,0,0,0,0,1,0,0,0,0,1,1,0,0,0,0,0,1,9.33,4,1,useful for revision,1,1,5.33,1,1,4.67,3,90
FDS1_S,./data/processed/exercises/FDS1_S_E06.txt,20,F,France,Political Science,3,Beginner,cuando (fui) [tenía] 8 años / cuando (fui) [tenía] 14 años,Substitution,Verb / Verb,"2M, 5E","Translation, writing",it was easy,3,1,0,1,0,1,1,0,1,0,0,1,1,1,0,0,1,1,0,1,8.33,4,1,challenging and very useful,1,1,5.33,1,1,4.67,3,90
FDS1_S,./data/processed/exercises/FDS1_S_E11.txt,20,F,France,Political Science,3,Beginner,me mudé (en) [a] una nueva casa,Government,Preposition,5E,Multiple choice,it was easy,3,1,0,1,0,0,0,0,0,0,0,0,0,1,1,1,1,0,0,1,3.75,4,1,relevant,0,0,5.33,0,0,4.67,3,90
FDS1_S,./data/processed/exercises/FDS1_S_E01.txt,20,F,France,Political Science,3,Beginner,empecé (el) [a hacer] teatro,Specification,Verb,"2K, 2M","Reflection, translation",it was easy,3,1,0,1,1,0,1,0,1,0,1,0,0,1,1,1,1,0,1,1,8.75,3,1,new vocabulary,0,0,5.33,0,0,4.67,3,90
FDS1_S,./data/processed/exercises/FDS1_S_E14.txt,20,F,France,Political Science,3,Beginner,representamos [a] Francia dos veces,Government,Preposition,3B,Fill-in-the-blanks,it was easy,3,0,0,0,0,0,0,0,0,0,1,0,0,1,1,0,1,0,0,1,7.14,4,1,relevant,0,0,5.33,1,1,4.67,3,90
FDS1_S,./data/processed/exercises/FDS1_S_E02.txt,20,F,France,Political Science,3,Beginner,mi (tercero) [tercer] viaje,Substitution,Adjective,5E,Reorder,it was easy,3,0,0,1,0,1,0,1,1,0,1,0,0,1,1,1,1,1,0,1,8,2,1,already acquired,0,0,5.33,1,1,4.67,3,90
FDS1_S,./data/processed/exercises/FDS1_S_E08.txt,20,F,France,Political Science,3,Beginner,(sud) [sur],Substitution,Noun,"2A, 2M","Vocabulary extraction, translation",it was easy,3,1,0,0,1,0,0,0,0,0,0,0,0,1,0,0,0,0,0,1,10,1,1,already acquired,1,1,5.33,1,0,4.67,3,90
FDS1_S,./data/processed/exercises/FDS1_S_E05.txt,20,F,France,Political Science,3,Beginner,(deviní) [me hice] voluntaria,Creation,Verb,5E,Binary choice,it was easy,3,1,0,1,1,0,0,1,0,0,0,0,0,1,0,0,1,0,0,1,8.57,4,1,relevant,1,1,5.33,0,0,4.67,3,90
FDS1_S,./data/processed/exercises/FDS1_S_E09.txt,20,F,France,Political Science,3,Beginner,voluntaria (por) [para] Greenpeace,Government,Preposition,2K,"Reflection, writing",it was easy,3,1,0,1,0,0,1,0,1,0,1,0,0,1,1,0,1,0,1,1,9,4,1,relevant,0,0,5.33,0,0,4.67,3,90
FDS1_S,./data/processed/exercises/FDS1_S_E07.txt,20,F,France,Political Science,3,Beginner,durante (todo) [toda] la escuela secundaria / durante (esta) [este] año / (un) [una] enfermedad muy (raro) [rara],Gender,Noun / Noun / Noun,1A,Fill-in-the-blanks,it was easy,3,1,0,0,0,0,0,1,1,0,0,0,1,1,0,0,0,0,0,1,6,2,1,already acquired,1,1,5.33,1,1,4.67,3,90
FDS1_S,./data/processed/exercises/FDS1_S_E12.txt,20,F,France,Political Science,3,Beginner,conocí a mi mejor amiga Sofia durante (esta) [esa] etapa de mi vida,Substitution,Adjective,2G,Rewriting,it was easy,3,0,0,1,0,0,0,1,1,0,1,0,0,1,1,1,1,0,1,1,10,4,1,relevant,1,1,5.33,0,0,4.67,3,90
FDS1_S,./data/processed/exercises/FDS1_S_E03.txt,20,F,France,Political Science,3,Beginner,para estudiar (a) [en] la universidad,Government,Preposition,"3B, 2M","Fill-in-the-blanks, translation",it was easy,3,1,0,1,1,0,0,0,1,0,1,0,0,1,1,0,1,0,0,1,8,2,1,already acquired,0,0,5.33,0,0,4.67,3,90
FDS1_S,./data/processed/exercises/FDS1_S_E15.txt,20,F,France,Political Science,3,Beginner,(ciensia) [ciencia] / (paralisada) [paralizada],Creation,Noun / Adjective,2H,"Error correction, writing",it was easy,3,1,0,0,0,0,0,0,0,0,0,1,1,1,1,1,0,1,0,1,10,3,1,relevant,1,1,5.33,0,0,4.67,3,90
FDS1_S,./data/processed/exercises/FDS1_S_E13.txt,20,F,France,Political Science,3,Beginner,y (fui) [quedé] paralizada,Substitution,Verb,3I,"Situation matching, writing",it was easy,3,0,0,1,0,0,0,1,1,0,1,1,1,1,1,0,1,1,0,1,6,4,1,relevant,0,0,5.33,1,0,4.67,3,90
CMJ1_S,./data/processed/exercises/CMJ1_S_E06.txt,20,F,China,Language and Literature,3,Beginner,conocí [a] mi mejor amiga,Government,Preposition,3B,Binary choice,to increase my error awareness and improve my Spanish,4,0,1,0,0,0,0,1,1,0,1,0,0,1,1,0,1,0,0,1,10,4,1,new vocabulary,1,1,5.33,0,0,6,4,45
CMJ1_S,./data/processed/exercises/CMJ1_S_E01.txt,20,F,China,Language and Literature,3,Beginner,no (hube) [tenía] muchos deberes,Substitution,Verb,"3A, 5D",Leave the odd one out,to increase my error awareness and improve my Spanish,4,1,1,1,0,0,0,0,0,0,0,0,0,1,0,0,1,0,0,1,7.5,3,1,useful,0,0,5.33,1,1,6,4,45
CMJ1_S,./data/processed/exercises/CMJ1_S_E07.txt,20,F,China,Language and Literature,3,Beginner,no tenía muchos deberes ni (hice muchas) [viví grandes] cosas,Substitution,Verb,"2L, 2I","Matching, writing",to increase my error awareness and improve my Spanish,4,0,1,0,0,0,0,0,0,0,0,0,0,1,1,1,1,1,0,1,10,4,1,new vocabulary,0,0,5.33,0,0,6,4,45
CMJ1_S,./data/processed/exercises/CMJ1_S_E09.txt,20,F,China,Language and Literature,3,Beginner,participé en (alguna) [algunas] competiciones,Number,Noun,2H,Error correction,to increase my error awareness and improve my Spanish,4,1,1,0,0,0,0,0,0,0,1,1,1,1,0,0,0,0,0,1,8.1,3,1,useful for revision,1,1,5.33,1,1,6,4,45
CMJ1_S,./data/processed/exercises/CMJ1_S_E02.txt,20,F,China,Language and Literature,3,Beginner,me (pensé) [sentí] muy feliz por cocinar con mi familia,Substitution,Verb,2G,Rewriting,to increase my error awareness and improve my Spanish,4,1,1,0,1,0,0,0,1,0,0,1,1,1,0,0,0,1,0,1,8.6,3,1,too difficult,1,1,5.33,1,1,6,4,45
CMJ1_S,./data/processed/exercises/CMJ1_S_E03.txt,20,F,China,Language and Literature,3,Beginner,me sentí muy feliz [por] cocinar con mi familia,Government,Preposition,2K,Reflection,to increase my error awareness and improve my Spanish,4,1,1,1,0,0,1,0,1,0,1,0,0,1,1,0,1,0,1,1,10,4,1,new vocabulary,1,1,5.33,1,1,6,4,45
CMJ1_S,./data/processed/exercises/CMJ1_S_E04.txt,20,F,China,Language and Literature,3,Beginner,"no pude salir, (también) [tampoco] pude ir a la escuela",Substitution,Adverb,"2F, 2K","Fill-in-the-blanks, reflection",to increase my error awareness and improve my Spanish,4,1,1,0,0,0,1,0,0,0,1,0,0,1,1,0,1,0,1,1,6.25,4,1,new vocabulary,1,1,5.33,1,1,6,4,45
CMJ1_S,./data/processed/exercises/CMJ1_S_E10.txt,20,F,China,Language and Literature,3,Beginner,me (encanta) [encantan] el clima y la comida,Number,Noun,5E,Multiple choice,to increase my error awareness and improve my Spanish,4,1,1,0,0,0,0,0,0,0,1,0,0,1,0,0,1,0,0,1,10,4,1,new vocabulary,0,0,5.33,1,1,6,4,45
CMJ1_S,./data/processed/exercises/CMJ1_S_E05.txt,20,F,China,Language and Literature,3,Beginner,no recuerdo (a personas ni eventos) [nada ni a nadie],Pronoun,Pronoun,2I,Rewriting,to increase my error awareness and improve my Spanish,4,1,1,0,0,0,0,0,0,0,1,1,1,1,1,1,1,1,0,1,10,4,1,new vocabulary,1,1,5.33,1,1,6,4,45
CMJ1_S,./data/processed/exercises/CMJ1_S_E13.txt,20,F,China,Language and Literature,3,Beginner,no recuerdo nada (y) [ni] a nadie,Substitution,Conjunctive phrase,3B,Fill-in-the-blanks,to increase my error awareness and improve my Spanish,4,0,1,1,0,0,0,1,1,0,1,0,0,1,1,1,1,0,0,1,10,4,1,useful for revision,1,1,5.33,1,1,6,4,45
CMJ1_S,./data/processed/exercises/CMJ1_S_E08.txt,20,F,China,Language and Literature,3,Beginner,no recuerdo nada ni a nadie [de] antes,Government,Preposition,2K,Reflection,to increase my error awareness and improve my Spanish,4,0,1,0,0,0,1,1,1,0,1,0,0,1,1,0,1,0,1,1,8,3,1,useful,0,0,5.33,0,0,6,4,45
CMJ1_S,./data/processed/exercises/CMJ1_S_E11.txt,20,F,China,Language and Literature,3,Beginner,"[Finalmente, ] [Por último, ] en 2024 llegué",Substitution,Adverb,3B,Fill-in-the-blanks,to increase my error awareness and improve my Spanish,4,1,1,0,0,0,0,0,0,0,0,0,0,1,0,0,1,0,0,1,5,3,1,useful for revision,0,0,5.33,0,0,6,4,45
CMJ1_S,./data/processed/exercises/CMJ1_S_E14.txt,20,F,China,Language and Literature,3,Beginner,allí (comí) [probé] comida deliciosa,Substitution,Verb,2G,"Rewriting, reflection",to increase my error awareness and improve my Spanish,4,1,1,0,0,0,1,0,1,0,0,1,1,1,0,0,1,1,1,0,5,4,1,interesting,0,0,5.33,0,0,6,4,45
CMJ1_S,./data/processed/exercises/CMJ1_S_E15.txt,20,F,China,Language and Literature,3,Beginner,[me] fui sola a Japón,Pronoun,Verb,2K,Reflection,to increase my error awareness and improve my Spanish,4,1,1,1,0,0,1,0,1,0,1,0,0,1,1,0,1,0,1,1,9,4,1,new vocabulary,0,0,5.33,0,0,6,4,45
CMJ1_S,./data/processed/exercises/CMJ1_S_E12.txt,20,F,China,Language and Literature,3,Beginner,conduzco (el coche) [los coches] de mis amigos,Number,Noun,2K,"Reflection, writing",to increase my error awareness and improve my Spanish,4,0,1,1,0,0,1,0,1,0,1,0,0,1,1,0,1,0,1,1,10,2,1,too long,1,1,5.33,1,1,6,4,45
CXY1_S,./data/processed/exercises/CXY1_S_E11.txt,19,F,China,Language and Literature,3,Beginner,viajé a muchas (cuidades) [ciudades],Creation,Noun,2H,"Error correction, writing",to learn from my mistakes,4,1,1,0,0,0,0,0,0,0,0,1,1,1,1,1,0,1,0,1,10,4,1,good drill,0,0,7.33,0,0,4,4,240
CXY1_S,./data/processed/exercises/CXY1_S_E05.txt,19,F,China,Language and Literature,3,Beginner,con (mis) [mi] familia,Number,Noun,2H,Error correction,to learn from my mistakes,4,1,1,0,0,0,0,0,0,0,1,1,1,1,0,0,0,0,0,1,9.37,4,1,useful for revision,1,1,7.33,1,0,4,4,240
CXY1_S,./data/processed/exercises/CXY1_S_E10.txt,19,F,China,Language and Literature,3,Beginner,(empecé a estudiar) [estudié] en la secundaria de 2008 a 2022,Substitution,Verb,"2K, 2M","Reflection, translation",to learn from my mistakes,4,1,1,1,1,0,1,0,1,0,1,0,0,1,1,1,1,0,1,1,10,4,1,new vocabulary,1,1,7.33,0,0,4,4,240
CXY1_S,./data/processed/exercises/CXY1_S_E03.txt,19,F,China,Language and Literature,3,Beginner,(desde) [de] 2008 a 2022 / (desde) [de] 2024 a 2025,Government,Preposition / Preposition,3B,Fill-in-the-blanks,to learn from my mistakes,4,0,1,1,0,0,0,1,1,0,1,0,0,1,1,1,1,0,0,1,10,4,1,useful for revision,1,1,7.33,1,1,4,4,240
CXY1_S,./data/processed/exercises/CXY1_S_E13.txt,19,F,China,Language and Literature,3,Beginner,"(durante) [a] los 14 años, mi vida era muy ajetreada",Government,Preposition,5E,Multiple choice,to learn from my mistakes,4,1,1,1,0,0,0,0,0,0,0,0,0,1,1,1,1,0,0,1,4.4,4,1,good drill,0,0,7.33,0,0,4,4,240
CXY1_S,./data/processed/exercises/CXY1_S_E04.txt,19,F,China,Language and Literature,3,Beginner,mi vida era muy (ocupada) [ajetreada],Substitution,Adjective,"2M, 5E","Translation, writing",to learn from my mistakes,4,1,1,1,0,1,1,0,1,0,0,1,1,1,0,0,1,1,0,1,0,4,1,new vocabulary,1,1,7.33,0,0,4,4,240
CXY1_S,./data/processed/exercises/CXY1_S_E09.txt,19,F,China,Language and Literature,3,Beginner,mi vida era muy (ajetreado) [ajetreada] / fuimos a (muchas) [muchos] lugares,Gender,Noun / Noun,1A,Fill-in-the-blanks,to learn from my mistakes,4,1,1,0,0,0,0,1,1,0,0,0,1,1,0,0,0,0,0,1,9,4,1,good drill,1,1,7.33,0,0,4,4,240
CXY1_S,./data/processed/exercises/CXY1_S_E06.txt,19,F,China,Language and Literature,3,Beginner,pero conocí [a] muchas buenas amigas,Government,Preposition,3B,Binary choice,to learn from my mistakes,4,0,1,0,0,0,0,1,1,0,1,0,0,1,1,0,1,0,0,1,10,4,1,useful for revision,0,0,7.33,0,0,4,4,240
CXY1_S,./data/processed/exercises/CXY1_S_E07.txt,19,F,China,Language and Literature,3,Beginner,muchas [buenas] amigas (buenas),Order,Adjective,5E,Reorder,to learn from my mistakes,4,0,1,1,0,1,0,1,1,0,1,0,0,1,1,1,1,1,0,1,6,4,1,good drill,1,1,7.33,1,1,4,4,240
CXY1_S,./data/processed/exercises/CXY1_S_E15.txt,19,F,China,Language and Literature,3,Beginner,(normalmente) [siempre] estaba feliz de jugar con ellas,Substitution,Adverb,2K,Reflection,to learn from my mistakes,4,0,1,1,0,0,1,0,1,0,1,0,0,1,1,0,1,0,1,1,10,4,1,useful for revision,1,1,7.33,1,1,4,4,240
CXY1_S,./data/processed/exercises/CXY1_S_E12.txt,19,F,China,Language and Literature,3,Beginner,tuve un examen importante (hasta) [en] 2022,Government,Preposition,"2I, 2K","Rewriting, reflection",to learn from my mistakes,4,0,1,1,0,0,1,0,0,0,1,0,0,1,1,0,1,0,1,1,10,4,1,new vocabulary,1,1,7.33,1,1,4,4,240
CXY1_S,./data/processed/exercises/CXY1_S_E01.txt,19,F,China,Language and Literature,3,Beginner,fue muy (monumental) [memorable],Substitution,Adjective,"1C, 2H","Classification, table completion, error correction",to learn from my mistakes,4,1,1,0,0,0,0,1,1,0,0,0,1,1,1,0,1,1,0,1,10,4,1,new vocabulary,1,1,7.33,0,0,4,4,240
CXY1_S,./data/processed/exercises/CXY1_S_E08.txt,19,F,China,Language and Literature,3,Beginner,(tuve) [hice] una pasantía,Substitution,Verb,2G,Rewriting,to learn from my mistakes,4,1,1,0,1,0,0,0,1,0,0,1,1,1,0,0,0,1,0,1,3.57,4,1,challenging and very useful,0,0,7.33,0,0,4,4,240
CXY1_S,./data/processed/exercises/CXY1_S_E14.txt,19,F,China,Language and Literature,3,Beginner,hice una (práctica) [pasantía],Substitution,Noun,1C,Classification,to learn from my mistakes,4,1,1,1,0,0,0,0,0,0,1,0,1,1,1,0,1,0,0,1,8.75,4,1,new vocabulary,1,1,7.33,1,0,4,4,240
CXY1_S,./data/processed/exercises/CXY1_S_E02.txt,19,F,China,Language and Literature,3,Beginner,durante (mi vacación) [mis vacaciones] de verano,Number,Noun,5E,Binary choice,to learn from my mistakes,4,1,1,1,0,0,0,0,0,0,0,0,0,1,0,0,1,0,0,1,3.75,4,1,useful for revision,1,1,7.33,1,1,4,4,240
CZY1_S,./data/processed/exercises/CZY1_S_E01.txt,20,M,China,Economics,3,Beginner,para (mi) [mí],Substitution,Pronoun,"2L, 2M, 5E","Matching, writing",helpful,4,0,1,1,1,0,0,0,0,0,0,0,0,1,1,1,1,1,0,1,10,4,1,very useful,1,1,6.67,1,1,3.67,4,180
CZY1_S,./data/processed/exercises/CZY1_S_E03.txt,20,M,China,Economics,3,Beginner,(Chino) [China] / (Sydney) [Sídney],Substitution,Noun / Noun,"3B, 2M","Fill-in-the-blanks, translation",helpful,4,1,1,0,1,0,0,0,1,0,1,1,1,1,1,1,1,1,0,1,10,3,1,useful,1,1,6.67,1,1,3.67,4,180
CZY1_S,./data/processed/exercises/CZY1_S_E02.txt,20,M,China,Economics,3,Beginner,"(También, ) [Además, ]",Substitution,Adverb,2G,Sentence combining,helpful,4,0,1,1,0,0,0,1,1,0,1,0,0,1,1,0,1,1,0,1,10,4,1,very useful,0,0,6.67,0,0,3.67,4,180
CZY1_S,./data/processed/exercises/CZY1_S_E04.txt,20,M,China,Economics,3,Beginner,antes de (nacir) [nacer] / (jugé) [jugué] / (vivé) [viví],Creation,Verb / Verb / Verb,2H,"Error correction, writing",helpful,4,1,1,0,0,0,0,0,0,0,0,1,1,1,1,1,0,1,0,1,9,4,1,very useful,1,1,6.67,0,0,3.67,4,180
CZY1_S,./data/processed/exercises/CZY1_S_E07.txt,20,M,China,Economics,3,Beginner,estudié chino (antes de nacer) [desde que nací],Government,Preposition,"2I, 2K","Rewriting, reflection",helpful,4,0,1,1,0,0,1,0,0,0,1,0,0,1,1,0,1,0,1,1,7,4,1,very useful,1,1,6.67,1,1,3.67,4,180
CZY1_S,./data/processed/exercises/CZY1_S_E06.txt,20,M,China,Economics,3,Beginner,hasta [el] año 2010,Determination,Determiner,3B,Fill-in-the-blanks,helpful,4,0,1,1,0,0,0,1,1,0,1,0,0,1,1,1,1,0,0,1,10,4,1,very useful,0,0,6.67,0,0,3.67,4,180
CZY1_S,./data/processed/exercises/CZY1_S_E11.txt,20,M,China,Economics,3,Beginner,gané (un medal) [una medalla] en 2019,Creation,Noun,"2A, 2M","Vocabulary extraction, translation",helpful,4,1,1,0,1,0,0,0,0,0,0,0,0,1,0,0,0,0,0,0,0,4,0,very useful,1,1,6.67,1,1,3.67,4,180
CZY1_S,./data/processed/exercises/CZY1_S_E14.txt,20,M,China,Economics,3,Beginner,(emprezé) [empecé],Creation,Verb,2D,"Fill-in-the-blanks, reflection",helpful,4,1,1,0,0,0,1,1,0,0,0,0,0,1,0,0,0,0,0,1,7.78,3,1,useful,1,1,6.67,0,0,3.67,4,180
CZY1_S,./data/processed/exercises/CZY1_S_E10.txt,20,M,China,Economics,3,Beginner,empecé [a] jugar,Government,Preposition,"2K, 2M","Reflection, translation",helpful,4,1,1,1,1,0,1,0,1,0,1,0,0,1,1,1,1,0,1,0,0,4,0,very useful,1,1,6.67,0,0,3.67,4,180
CZY1_S,./data/processed/exercises/CZY1_S_E15.txt,20,M,China,Economics,3,Beginner,jugar [al] fútbol,Government,Preposition,3D,Continue a sequence,helpful,4,1,1,0,0,0,0,0,1,0,0,1,1,1,1,0,0,0,0,1,10,3,1,useful,0,0,6.67,0,0,3.67,4,180
CZY1_S,./data/processed/exercises/CZY1_S_E09.txt,20,M,China,Economics,3,Beginner,(encontré) [conocí] a mis amigos,Substitution,Verb,"2M, 5E","Translation, writing",helpful,4,1,1,1,1,0,1,0,1,0,0,1,1,1,0,0,1,1,0,1,3.33,4,1,very useful,1,1,6.67,0,0,3.67,4,180
CZY1_S,./data/processed/exercises/CZY1_S_E08.txt,20,M,China,Economics,3,Beginner,conocí [a] mis amigos,Government,Preposition,3B,Binary choice,helpful,4,0,1,0,0,0,0,1,1,0,1,0,0,1,1,0,1,0,0,1,10,4,1,very useful,0,0,6.67,0,0,3.67,4,180
CZY1_S,./data/processed/exercises/CZY1_S_E05.txt,20,M,China,Economics,3,Beginner,(mi familia y yo gustamos) [a mi familia y a mí nos gustó] la ciudad,Government,Preposition,2H,Error correction,helpful,4,0,1,0,0,1,0,1,1,0,1,0,0,1,1,0,0,0,0,1,9,4,1,very useful,1,0,6.67,1,0,3.67,4,180
CZY1_S,./data/processed/exercises/CZY1_S_E13.txt,20,M,China,Economics,3,Beginner,(supe) [aprendí a] conducir en el verano de 2022,Substitution,Verb,2G,Rewriting,helpful,4,1,1,0,1,0,0,0,1,0,0,1,1,1,0,0,0,1,0,1,10,4,1,very useful,1,1,6.67,0,0,3.67,4,180
CZY1_S,./data/processed/exercises/CZY1_S_E12.txt,20,M,China,Economics,3,Beginner,trabajé en una empresa por dos (mesas) [meses] / he vivido en Pamplona durante (una mesa) [un mes],Substitution,Noun / Noun,"2I, 2L, 5E","Picture-based matching, writing",helpful,4,1,1,1,0,0,0,0,0,1,0,0,0,1,1,1,1,1,0,0,8.57,4,1,very useful,1,1,6.67,1,1,3.67,4,180
EPA1_C,./data/processed/exercises/EPA1_C_E03.txt,18,F,US,Language and Literature,2,Heritage,estoy (escribiendole) [escribiéndole] / (ibamos) [íbamos] a vivir / (proxima) [próxima] / (dias) [días] / (todavia) [todavía] /  y (dijó) [dijo],Creation,Verb / Verb / Adjective / Noun / Adverb / Verb,5A,Accent placement exercise,it was required,4,1,0,0,0,0,0,1,0,0,0,0,1,1,0,0,0,0,0,1,10,4,1,very useful,1,1,1.33,1,1,1.67,3.5,60
EPA1_C,./data/processed/exercises/EPA1_C_E12.txt,18,F,US,Language and Literature,2,Heritage,(al pasar dos semanas) [al cabo de dos semanas],Substitution,Adverb,3B,Fill-in-the-blanks,it was required,4,1,0,1,0,0,0,0,0,0,1,0,1,1,1,1,1,0,0,1,8.89,4,1,very useful,0,0,1.33,0,0,1.67,3.5,60
EPA1_C,./data/processed/exercises/EPA1_C_E06.txt,18,F,US,Language and Literature,2,Heritage,de una manera fácil y sin (argumentos) [discusiones],Substitution,Noun,5E,Binary choice,it was required,4,1,0,1,1,0,0,1,0,0,0,0,0,1,0,0,1,0,0,1,10,4,1,very useful,0,0,1.33,0,0,1.67,3.5,60
EPA1_C,./data/processed/exercises/EPA1_C_E05.txt,18,F,US,Language and Literature,2,Heritage,la comida que yo estaba metiendo en la nevera (se) desaparecía,Pronoun,Verb,2K,"Reflection, writing",it was required,4,0,0,1,0,0,1,0,1,0,1,0,0,1,1,0,1,0,1,1,10,4,1,very useful,0,0,1.33,0,0,1.67,3.5,60
EPA1_C,./data/processed/exercises/EPA1_C_E07.txt,18,F,US,Language and Literature,2,Heritage,le (pregunte) [pregunté] a mi compañera si había / a (mi) [mí] me pareció / explicarle (como) [cómo] lo resolví / no sabía (que) [qué] hacer,Substitution,Verb / Pronoun / Adverb / Pronoun,"2L, 2M, 5E","Matching, writing",it was required,4,0,0,1,1,0,0,0,0,0,0,0,0,1,1,1,1,1,0,0,5,4,1,very useful,0,0,1.33,1,1,1.67,3.5,60
EPA1_C,./data/processed/exercises/EPA1_C_E04.txt,18,F,US,Language and Literature,2,Heritage,alguna posibilidad [de] que / la idea [de] que yo debería / sorprendida [de] que yo la hubiese llamado / aliviada [de] que pudiéramos,Government,Preposition / Preposition / Preposition / Preposition,5E,Multiple choice,it was required,4,1,0,1,0,0,0,0,0,0,0,0,0,1,1,1,1,0,0,1,8,4,1,very useful,0,0,1.33,0,0,1.67,3.5,60
EPA1_C,./data/processed/exercises/EPA1_C_E02.txt,18,F,US,Language and Literature,2,Heritage,alguna posibilidad de que ella [se] estuviera comiendo mi comida / estaba ella (comiendo) [comiéndose] mi almuerzo,Pronoun,Verb / Verb,"3B, 5E","Binary choice, writing",it was required,4,0,0,1,0,0,0,1,1,0,1,0,0,1,1,1,1,1,0,0,4.44,4,1,very useful,0,0,1.33,0,0,1.67,3.5,60
EPA1_C,./data/processed/exercises/EPA1_C_E08.txt,18,F,US,Language and Literature,2,Heritage,[a] la mañana siguiente fui a recoger mi comida,Government,Preposition,2I,Fill-in-the-blanks,it was required,4,0,0,0,0,0,0,0,1,0,0,1,1,1,1,1,0,0,0,1,6.67,4,1,very useful,0,0,1.33,0,0,1.67,3.5,60
EPA1_C,./data/processed/exercises/EPA1_C_E09.txt,18,F,US,Language and Literature,2,Heritage,estaba (tan) [muy] frustrada y confundida porque la única,Substitution,Adverb,5E,Binary choice,it was required,4,0,0,1,0,0,0,1,1,0,1,0,0,1,1,0,1,0,0,1,8,4,1,very useful,0,0,1.33,0,0,1.67,3.5,60
EPA1_C,./data/processed/exercises/EPA1_C_E01.txt,18,F,US,Language and Literature,2,Heritage,entonces llamé a (nuestra House Manager) [la encargada de nuestro piso],Creation,Noun,2G,Rewriting,it was required,4,1,0,0,1,0,0,0,0,0,0,1,1,1,0,0,0,1,0,1,9.3,4,1,very useful,1,0,1.33,1,0,1.67,3.5,60
EPA1_C,./data/processed/exercises/EPA1_C_E13.txt,18,F,US,Language and Literature,2,Heritage,si seguía haciendo eso la iban a (cambiar de) [echar del] piso,Substitution,Verb,"2A, 2M","Vocabulary extraction, translation",it was required,4,1,0,0,1,0,0,0,0,0,0,0,0,1,0,0,0,0,0,1,3.64,4,1,very useful,0,0,1.33,0,0,1.67,3.5,60
EPA1_C,./data/processed/exercises/EPA1_C_E14.txt,18,F,US,Language and Literature,2,Heritage,y (paró de comer) [dejó de comerse] mi comida,Substitution,Verb,"3H, 5E","Table-based collocation combining, writing",it was required,4,1,0,1,0,0,0,0,0,0,0,0,0,1,1,1,1,1,0,0,3.25,3,1,useful,0,0,1.33,0,0,1.67,3.5,60
EPA1_C,./data/processed/exercises/EPA1_C_E15.txt,18,F,US,Language and Literature,2,Heritage,"íbamos a cenar juntas una vez a la semana, (donde nos turnamos) [turnándonos]",Analysis,Verb,"2G, 2I","Error correction, writing",it was required,4,0,0,1,0,0,0,1,1,0,1,1,1,1,0,0,1,1,0,0,1.1,3,1,useful,0,0,1.33,0,0,1.67,3.5,60
EPA1_C,./data/processed/exercises/EPA1_C_E11.txt,18,F,US,Language and Literature,2,Heritage,(tomando turnos cocinando) [turnándonos para cocinar],Substitution,Verb,"2M, 5E","Translation, writing",it was required,4,1,0,1,1,0,1,0,1,0,0,1,1,1,0,0,1,1,0,1,1.67,4,1,very useful,1,0,1.33,0,0,1.67,3.5,60
EPA1_C,./data/processed/exercises/EPA1_C_E10.txt,18,F,US,Language and Literature,2,Heritage,"entonces, la (próxima) [siguiente] vez que vino a limpiar / la (próxima) [siguiente] vez que cociné",Substitution,Adjective,2K,"Reflection, writing",it was required,4,0,0,1,0,0,1,0,1,0,1,0,0,1,1,0,1,0,1,1,8.75,4,1,very useful,0,0,1.33,0,0,1.67,3.5,60
ERA1_C,./data/processed/exercises/ERA1_C_E11.txt,21,F,US,Anthropology,2,Heritage,Ojalá este semestre [te] esté yendo bien (contigo),Pronoun,Verb,"2A, 2M","Vocabulary extraction, translation",I needed the practice,4,1,1,0,1,0,0,0,0,0,0,0,0,1,0,0,0,0,0,1,7.5,3,1,useful,0,0,5,0,0,4,4,90
ERA1_C,./data/processed/exercises/ERA1_C_E09.txt,21,F,US,Anthropology,2,Heritage,(ultimo) [último] año / (paso) [pasó] / (mas) [más],Substitution,Adjective / Verb / Adverb,"2L, 2M, 5E","Matching, writing",I needed the practice,4,0,1,1,1,0,0,0,0,0,0,0,0,1,1,1,1,1,0,0,4,4,1,very useful,1,1,5,1,1,4,4,90
ERA1_C,./data/processed/exercises/ERA1_C_E06.txt,21,F,US,Anthropology,2,Heritage,(este) [esta] carta / (nuestro) [nuestra] experiencia,Gender,Noun / Noun,1A,Fill-in-the-blanks,I needed the practice,4,1,1,0,0,0,0,1,1,0,0,0,1,1,0,0,0,0,0,1,9,3,1,useful,1,1,5,0,0,4,4,90
ERA1_C,./data/processed/exercises/ERA1_C_E05.txt,21,F,US,Anthropology,2,Heritage,(pasó) [surgió] un conflicto / (tengas) [mantengas] un tono conciliador,Substitution,Verb / Verb,"3A, 5D",Leave the odd one out,I needed the practice,4,1,1,1,0,0,0,0,0,0,0,0,0,1,0,0,1,0,0,1,0,4,1,very useful,0,0,5,0,0,4,4,90
ERA1_C,./data/processed/exercises/ERA1_C_E12.txt,21,F,US,Anthropology,2,Heritage,todas (de) nosotras,Excess word,Adjective,"2F, 2K","Fill-in-the-blanks, reflection",I needed the practice,4,1,1,0,1,0,1,0,0,0,1,1,1,1,1,0,0,1,0,1,7.5,4,1,very useful,1,1,5,0,0,4,4,90
ERA1_C,./data/processed/exercises/ERA1_C_E07.txt,21,F,US,Anthropology,2,Heritage,la misma Universidad (en) [de] los Estados Unidos,Government,Preposition,3B,Multiple choice,I needed the practice,4,0,1,1,0,0,0,1,1,0,1,0,0,1,1,0,1,0,0,1,6.67,4,1,very useful,0,0,5,0,0,4,4,90
ERA1_C,./data/processed/exercises/ERA1_C_E13.txt,21,F,US,Anthropology,2,Heritage,es esencial para el proceso de mediación que no [haya faltas de respeto hacia] (falta del respeto a) nadie,Creation,Verb,2H,Error correction,I needed the practice,4,1,1,1,0,0,0,0,0,0,1,1,1,1,1,0,0,0,0,1,6,4,1,useful for revision,1,0,5,0,0,4,4,90
ERA1_C,./data/processed/exercises/ERA1_C_E03.txt,21,F,US,Anthropology,2,Heritage,(estabamos) [estábamos] / (queriamos) [queríamos] / (tambien) [también] / (economico) [económico] / (hótel) [hotel] / (facil) [fácil],Creation,Verb / Verb / Adverb / Adjective / Noun / Adjective,5A,Accent placement exercise,I needed the practice,4,1,1,0,0,0,0,1,0,0,0,0,1,1,0,0,0,0,0,1,8.67,4,1,essential,1,1,5,1,1,4,4,90
ERA1_C,./data/processed/exercises/ERA1_C_E14.txt,21,F,US,Anthropology,2,Heritage,un tono (calmado) [conciliador],Substitution,Adjective,3D,Continue a sequence,I needed the practice,4,1,1,0,0,0,0,0,1,0,0,1,1,1,1,0,0,0,0,1,10,3,1,new vocabulary,1,0,5,0,0,4,4,90
ERA1_C,./data/processed/exercises/ERA1_C_E08.txt,21,F,US,Anthropology,2,Heritage,(quieremos) [queremos] / (barrato) [barato] / (necessaria) [necesaria] / (expectitivas) [expectativas] / (nosotoras) [nosotras] / (cádo) [caro],Creation,Verb / Adjective / Adjective / Noun / Pronoun / Adjective,2H,"Error correction, writing",I needed the practice,4,1,1,0,0,0,0,0,0,0,0,1,1,1,1,1,0,1,0,0,5,3,1,useful,1,1,5,1,1,4,4,90
ERA1_C,./data/processed/exercises/ERA1_C_E04.txt,21,F,US,Anthropology,2,Heritage,insistíamos [en] que eso no sería / elegir (a) un AirBnb,Government,Preposition / Preposition,5E,Multiple choice,I needed the practice,4,1,1,1,0,0,0,0,0,0,0,0,0,1,1,1,1,0,0,1,10,4,1,very useful,0,0,5,0,0,4,4,90
ERA1_C,./data/processed/exercises/ERA1_C_E10.txt,21,F,US,Anthropology,2,Heritage,durante los (fines de semanas) [fines de semana],Number,Noun,3B,Fill-in-the-blanks,I needed the practice,4,1,1,0,0,0,0,0,1,0,0,1,1,1,0,0,1,0,0,1,10,4,1,very useful,1,0,5,1,1,4,4,90
ERA1_C,./data/processed/exercises/ERA1_C_E15.txt,21,F,US,Anthropology,2,Heritage,fueron (algunos) momentos muy incómodos,Excess word,Adjective,2F,"Fill-in-the-blanks, reflection",I needed the practice,4,0,1,1,0,0,1,1,1,0,1,1,1,1,1,1,1,0,1,1,10,4,1,new vocabulary,0,0,5,0,0,4,4,90
ERA1_C,./data/processed/exercises/ERA1_C_E02.txt,21,F,US,Anthropology,2,Heritage,(scolares) [académicos] / (essential) [esencial],Creation,Noun / Adjective,"2M, 3D","Reflection, instantiation, writing",I needed the practice,4,1,1,0,1,0,1,0,1,0,0,1,1,1,0,0,0,0,1,1,10,3,1,useful for revision,1,1,5,1,1,4,4,90
ERA1_C,./data/processed/exercises/ERA1_C_E01.txt,21,F,US,Anthropology,2,Heritage,necesitábamos (encontrar algún lado común) [llegar a un punto medio],Substitution,Verb,"2M, 5E","Translation, writing",I needed the practice,4,1,1,1,1,0,1,0,1,0,0,1,1,1,0,0,1,1,0,1,5.83,4,1,very useful,0,0,5,1,0,4,4,90
BSC1_C,./data/processed/exercises/BSC1_C_E13.txt,18,F,Brazil,Language and Literature,4,Advanced,escribo para (informar) [informarle a] usted,Government,Preposition,"2N, 2G","Rewriting, reflection",interesting and specific to my problems,4,1,1,1,0,0,1,0,0,0,1,1,1,1,1,1,1,0,1,1,7.86,4,1,relevant,1,1,4,1,1,3,4,90
BSC1_C,./data/processed/exercises/BSC1_C_E02.txt,18,F,Brazil,Language and Literature,4,Advanced,la solución que (pensamos) [encontramos],Substitution,Verb,"3A, 5D",Leave the odd one out,interesting and specific to my problems,4,1,1,1,0,0,0,0,0,0,0,0,0,1,0,0,1,0,0,1,7.5,3,1,useful,0,0,4,0,0,3,4,90
BSC1_C,./data/processed/exercises/BSC1_C_E08.txt,18,F,Brazil,Language and Literature,4,Advanced,que (nosotras) encontramos,Pronoun,Pronoun,"2H, 2K, 5E","Error correction, rewriting, reflection",interesting and specific to my problems,4,0,1,0,0,0,1,1,1,0,1,1,1,1,1,1,1,1,1,1,9.29,1,1,too easy,0,0,4,0,0,3,4,90
BSC1_C,./data/processed/exercises/BSC1_C_E04.txt,18,F,Brazil,Language and Literature,4,Advanced,(maquinas) [máquinas] / (deberia) [debería] / (reuni) [reuní] / (proxima) [próxima] / (fué) [fue] / (aqui) [aquí],Creation,Noun / Verb / Verb / Adjective / Verb / Adverb,5A,Accent placement exercise,interesting and specific to my problems,4,1,1,0,0,0,0,1,0,0,0,0,1,1,0,0,0,0,0,1,8.12,4,1,very useful rules,1,1,4,1,1,3,4,90
BSC1_C,./data/processed/exercises/BSC1_C_E10.txt,18,F,Brazil,Language and Literature,4,Advanced,puede (imaginar) [imaginarse],Pronoun,Verb,2K,Reflection,interesting and specific to my problems,4,1,1,1,0,0,1,0,1,0,1,0,0,1,1,0,1,0,1,1,10,1,1,too easy,0,0,4,0,0,3,4,90
BSC1_C,./data/processed/exercises/BSC1_C_E12.txt,18,F,Brazil,Language and Literature,4,Advanced,puede imaginarse (el tamaño) [la magnitud] del desorden,Substitution,Noun,"2L, 3H","Matching, classification",interesting and specific to my problems,4,0,1,1,0,0,0,1,0,0,1,0,0,1,1,1,1,0,0,1,10,1,1,too easy,0,0,4,0,0,3,4,90
BSC1_C,./data/processed/exercises/BSC1_C_E01.txt,18,F,Brazil,Language and Literature,4,Advanced,la magnitud (de la confusión) [del desorden],Substitution,Noun,"2L, 5E","Picture-based matching, reflection",interesting and specific to my problems,4,1,1,1,0,0,1,0,0,1,1,0,0,1,1,0,1,0,1,1,10,1,1,too easy,0,0,4,0,0,3,4,90
BSC1_C,./data/processed/exercises/BSC1_C_E11.txt,18,F,Brazil,Language and Literature,4,Advanced,(pusieron la culpa en) [le echaron la culpa a] las recién llegadas,Substitution,Verb,"2M, 5E","Translation, writing",interesting and specific to my problems,4,1,1,1,1,0,1,0,1,0,0,1,1,1,0,0,1,1,0,1,6.67,3,1,too difficult,1,0,4,1,0,3,4,90
BSC1_C,./data/processed/exercises/BSC1_C_E03.txt,18,F,Brazil,Language and Literature,4,Advanced,después de esto (dejaron de se) [se dejaron de] hablar / cualquier cosa puede (se tornar) [tornarse] motivo de pelea,Order,Pronoun,5E,Reorder,interesting and specific to my problems,4,0,1,0,1,0,0,1,1,0,1,0,0,1,1,0,1,1,0,1,10,3,1,useful explanation,1,1,4,1,1,3,4,90
BSC1_C,./data/processed/exercises/BSC1_C_E07.txt,18,F,Brazil,Language and Literature,4,Advanced,reuní [a] un grupo de chicas,Government,Preposition,3B,Binary choice,interesting and specific to my problems,4,0,1,0,0,0,0,1,1,0,1,0,0,1,1,0,1,0,0,1,10,3,1,useful explanation,0,0,4,0,0,3,4,90
BSC1_C,./data/processed/exercises/BSC1_C_E06.txt,18,F,Brazil,Language and Literature,4,Advanced,la (próxima) [siguiente] chica que desee utilizarla,Substitution,Adjective,2K,"Reflection, writing",interesting and specific to my problems,4,0,1,1,0,0,1,0,1,0,1,0,0,1,1,0,1,0,1,1,8.75,1,1,too easy,0,0,4,0,0,3,4,90
BSC1_C,./data/processed/exercises/BSC1_C_E14.txt,18,F,Brazil,Language and Literature,4,Advanced,las etiquetas (para identificación) [identificativas],Analysis,Adjective,3F,Table completion,interesting and specific to my problems,4,1,1,1,0,0,0,0,1,0,0,1,1,1,0,0,1,0,0,1,10,1,1,too easy,1,0,4,0,0,3,4,90
BSC1_C,./data/processed/exercises/BSC1_C_E09.txt,18,F,Brazil,Language and Literature,4,Advanced,en la (gráfica) [imprenta] del barrio,Substitution,Noun,5E,Binary choice,interesting and specific to my problems,4,1,1,1,1,0,0,1,0,0,0,0,0,1,0,0,1,0,0,1,10,4,1,very useful,1,1,4,1,0,3,4,90
BSC1_C,./data/processed/exercises/BSC1_C_E05.txt,18,F,Brazil,Language and Literature,4,Advanced,se (quedaron) [sintieron] ofendidas,Substitution,Verb,"5A, 5E","Classification, writing",interesting and specific to my problems,4,1,1,1,0,0,0,1,0,0,1,0,1,1,1,0,1,1,0,0,3.5,2,1,too easy,0,0,4,0,0,3,4,90
BSC1_C,./data/processed/exercises/BSC1_C_E15.txt,18,F,Brazil,Language and Literature,4,Advanced,(sentisen) [sintiesen] / (dejaram) [dejaron] / (quedaram) [quedaron] / (exames) [exámenes],Creation,Verb / Verb / Verb / Noun,2H,"Error correction, writing",interesting and specific to my problems,4,1,1,0,0,0,0,0,0,0,0,1,1,1,1,1,0,1,0,1,7.86,4,1,relevant,1,1,4,1,1,3,4,90
IDE1_C,./data/processed/exercises/IDE1_C_E05.txt,19,F,Ireland,Economics,2,Advanced,espero que todo vaya bien (con usted),Excess word,Preposition,"2A, 2M","Vocabulary extraction, translation",forgot about them,1,1,0,0,1,0,0,0,0,0,0,0,0,1,0,0,0,0,0,0,0,1,1,forgot about doing it,0,0,0,0,0,0.67,2,0
IDE1_C,./data/processed/exercises/IDE1_C_E01.txt,19,F,Ireland,Economics,2,Advanced,(esta) [está] / (mas) [más] / (mi) [mí],Substitution,Verb / Adverb / Pronoun,"2L, 2M, 5E","Matching, writing",forgot about them,1,0,0,1,1,0,0,0,0,0,0,0,0,1,1,1,1,1,0,0,0,1,1,forgot about doing it,0,0,0,1,1,0.67,2,0
IDE1_C,./data/processed/exercises/IDE1_C_E02.txt,19,F,Ireland,Economics,2,Advanced,(contracto) [contrato],Substitution,Noun,"2D, 2M","Fill-in-the-blanks, reflection",forgot about them,1,1,0,0,1,0,1,0,0,0,1,1,1,1,0,0,0,0,1,0,0,1,1,forgot about doing it,0,0,0,0,0,0.67,2,0
IDE1_C,./data/processed/exercises/IDE1_C_E03.txt,19,F,Ireland,Economics,2,Advanced,con [otras] tres (otras) personas,Order,Adjective,"2F, 2K","Fill-in-the-blanks, reflection",forgot about them,1,1,0,0,1,0,1,0,0,0,1,1,1,1,1,0,0,1,0,0,0,1,1,forgot about doing it,0,0,0,0,0,0.67,2,0
IDE1_C,./data/processed/exercises/IDE1_C_E14.txt,19,F,Ireland,Economics,2,Advanced,con otras tres (niños) [personas],Substitution,Noun,3B,Fill-in-the-blanks,forgot about them,1,1,0,1,0,0,0,0,0,0,1,0,0,1,0,0,1,0,0,0,0,1,1,forgot about doing it,0,0,0,0,0,0.67,2,0
IDE1_C,./data/processed/exercises/IDE1_C_E09.txt,19,F,Ireland,Economics,2,Advanced,(simpaticos) [simpáticos] / (unico) [único] / (dia) [día] / (domesticas) [domésticas] / (aqui) [aquí],Creation,Adjective / Adjective / Noun / Adjective / Adverb,5A,Accent placement exercise,forgot about them,1,1,0,0,0,0,0,1,0,0,0,0,1,1,0,0,0,0,0,0,0,1,1,forgot about doing it,0,0,0,0,0,0.67,2,0
IDE1_C,./data/processed/exercises/IDE1_C_E12.txt,19,F,Ireland,Economics,2,Advanced,(frego) [friego],Creation,Verb,"2J, 2M",Reflection,forgot about them,1,1,0,0,1,0,1,0,1,0,1,0,0,1,1,0,0,0,1,0,0,1,1,forgot about doing it,0,0,0,0,0,0.67,2,0
IDE1_C,./data/processed/exercises/IDE1_C_E04.txt,19,F,Ireland,Economics,2,Advanced,las clases son muy (intensivas) [intensas] aquí en la Universidad de Navarra,Substitution,Adjective,5E,Binary choice,forgot about them,1,1,0,1,1,0,0,1,0,0,0,0,0,1,0,0,1,0,0,0,0,1,1,forgot about doing it,0,0,0,0,0,0.67,2,0
IDE1_C,./data/processed/exercises/IDE1_C_E15.txt,19,F,Ireland,Economics,2,Advanced,tengo muchos deberes y proyectos (para) [que] entregar,Government,Preposition,"2G, 5E","Error correction, reflection",forgot about them,1,1,0,1,0,0,1,0,0,0,1,0,1,1,1,0,1,1,1,0,0,1,1,forgot about doing it,0,0,0,0,0,0.67,2,0
IDE1_C,./data/processed/exercises/IDE1_C_E06.txt,19,F,Ireland,Economics,2,Advanced,la gente que vive allí (debe) [deben] mantener el piso en buenas condiciones,Number,Noun,"2H, 2G","Error correction, rewriting",forgot about them,1,0,0,0,0,0,0,1,1,0,0,1,1,1,1,1,0,1,0,0,0,1,1,forgot about doing it,0,0,0,0,0,0.67,2,0
IDE1_C,./data/processed/exercises/IDE1_C_E08.txt,19,F,Ireland,Economics,2,Advanced,limpiar (detrás de) [lo que ensucian] mis compañeros / mantener el piso en (una buena condición) [buenas condiciones],Substitution,Adverb / Adverb,"2M, 5E","Translation, writing",forgot about them,1,1,0,1,1,0,1,0,1,0,0,1,1,1,0,0,1,1,0,0,0,1,1,forgot about doing it,0,0,0,0,0,0.67,2,0
IDE1_C,./data/processed/exercises/IDE1_C_E11.txt,19,F,Ireland,Economics,2,Advanced,solo quiero ser responsable (para) [de] mí misma,Government,Preposition,5E,Multiple choice,forgot about them,1,1,0,1,0,0,0,0,0,0,0,0,0,1,1,1,1,0,0,0,0,1,1,forgot about doing it,0,0,0,0,0,0.67,2,0
IDE1_C,./data/processed/exercises/IDE1_C_E07.txt,19,F,Ireland,Economics,2,Advanced,(consequencias) [consecuencias],Creation,Noun,2D,Fill-in-the-blanks,forgot about them,1,0,0,0,0,0,0,1,0,0,1,1,1,1,0,0,1,0,0,0,0,1,1,forgot about doing it,0,0,0,0,0,0.67,2,0
IDE1_C,./data/processed/exercises/IDE1_C_E10.txt,19,F,Ireland,Economics,2,Advanced,si hay consecuencias (de no hacer nada de ayuda) [por no ser de utilidad] en el apartamento,Analysis,Verb,"2M, 3H",Reflection,forgot about them,1,1,0,1,1,0,1,0,1,0,0,0,0,1,0,0,1,0,1,0,0,1,1,forgot about doing it,0,0,0,0,0,0.67,2,0
IDE1_C,./data/processed/exercises/IDE1_C_E13.txt,19,F,Ireland,Economics,2,Advanced,la que (hace cada cosa) [se encarga de todo] en este apartamento,Substitution,Verb,2M,Table based-translation,forgot about them,1,1,0,1,1,0,0,0,1,0,1,1,1,1,0,0,1,1,0,0,0,1,1,forgot about doing it,0,0,0,0,0,0.67,2,0
CAJ1_C,./data/processed/exercises/CAJ1_C_E09.txt,21,F,Canada,Law,2,Heritage,un conflicto que (yo) solucioné,Pronoun,Pronoun,"2H, 2K, 5E","Error correction, rewriting, reflection",I needed the practice,3,0,1,0,0,0,1,1,1,0,1,1,1,1,1,1,1,1,1,1,8.57,4,1,challenging and very useful,1,1,4,1,1,4.43,3,300
CAJ1_C,./data/processed/exercises/CAJ1_C_E02.txt,21,F,Canada,Law,2,Heritage,(habia) [había] / (jabon) [jabón] / (facil) [fácil],Creation,Verb / Noun / Adjective,5A,Accent placement exercise,I needed the practice,3,1,1,0,0,0,0,1,0,0,0,0,1,1,0,0,0,0,0,0,5.6,3,1,useful for revision,1,1,4,1,1,4.43,3,300
CAJ1_C,./data/processed/exercises/CAJ1_C_E11.txt,21,F,Canada,Law,2,Heritage,que todo [el] mundo usaba / (todos entre) [todo el mundo en] el apartamento / todos [los] que viven en el apartamento,Pronoun,Adjective,2M,Table based-translation,I needed the practice,3,1,1,1,1,0,0,0,1,0,1,1,1,1,0,0,1,1,0,1,9,4,1,very useful,1,1,4,1,1,4.43,3,300
CAJ1_C,./data/processed/exercises/CAJ1_C_E14.txt,21,F,Canada,Law,2,Heritage,se (pusieron enfadados) [enfadaron] / les pedí que (tomaran un voto) [votaran],Analysis,Verb / Verb,2G,Rewriting,I needed the practice,3,1,1,0,0,0,0,0,0,0,0,1,1,1,0,0,0,1,0,1,10,2,1,too difficult,1,1,4,1,1,4.43,3,300
CAJ1_C,./data/processed/exercises/CAJ1_C_E13.txt,21,F,Canada,Law,2,Heritage,(escuchamos la) [dimos] voz a todos,Substitution,Verb,"3A, 5D",Leave the odd one out,I needed the practice,3,1,1,1,0,0,0,0,0,0,0,0,0,1,0,0,1,0,0,1,7.5,3,1,relevant,0,0,4,1,0,4.43,3,300
CAJ1_C,./data/processed/exercises/CAJ1_C_E10.txt,21,F,Canada,Law,2,Heritage,las personas (enfadados) [enfadadas],Gender,Noun,1A,Fill-in-the-blanks,I needed the practice,3,1,1,0,0,0,0,1,1,0,0,0,1,1,0,0,0,0,0,1,9,2,1,already acquired,0,0,4,1,0,4.43,3,300
CAJ1_C,./data/processed/exercises/CAJ1_C_E12.txt,21,F,Canada,Law,2,Heritage,(mas) [más] / (como) [cómo] / (tenia) [tenía] / (cuanto) [cuánto],Substitution,Adverb / Adverb / Verb / Pronoun,"2L, 2M, 5E","Matching, writing",I needed the practice,3,0,1,1,1,0,0,0,0,0,0,0,0,1,1,1,1,1,0,1,9.5,4,1,very useful,1,1,4,1,1,4.43,3,300
CAJ1_C,./data/processed/exercises/CAJ1_C_E15.txt,21,F,Canada,Law,2,Heritage,"cuando (nos pusimos de acuerdo del tiempo) [acordamos una hora], nos encontramos en la cocina",Substitution,Noun,"2A, 2M","Vocabulary extraction, translation",I needed the practice,3,1,1,0,1,0,0,0,0,0,0,0,0,1,0,0,0,0,0,1,10,3,1,new vocabulary,0,0,4,1,0,4.43,3,300
CAJ1_C,./data/processed/exercises/CAJ1_C_E07.txt,21,F,Canada,Law,2,Heritage,compraban (cosas para limpiar) [productos de limpieza] / (cosas de comer) [comida],Analysis,Noun / Noun,3F,Table completion,I needed the practice,3,1,1,1,0,0,0,0,1,0,0,1,1,1,0,0,1,0,0,1,10,4,1,very useful,0,0,4,0,0,4.43,3,300
CAJ1_C,./data/processed/exercises/CAJ1_C_E08.txt,21,F,Canada,Law,2,Heritage,(en una) [de] manera,Government,Preposition,"2M, 5E","Translation, writing",I needed the practice,3,1,1,1,1,0,1,0,1,0,0,1,1,1,0,0,1,1,0,1,6.67,3,1,too difficult,0,0,4,0,0,4.43,3,300
CAJ1_C,./data/processed/exercises/CAJ1_C_E06.txt,21,F,Canada,Law,2,Heritage,se dieron cuenta [de] que / se va [a] comprar / sus opiniones (en) [sobre] cómo resolver el conflicto,Government,Preposition / Preposition / Preposition,5E,Multiple choice,I needed the practice,3,1,1,1,0,0,0,0,0,0,0,0,0,1,1,1,1,0,0,1,10,4,1,useful for revision,0,0,4,0,0,4.43,3,300
CAJ1_C,./data/processed/exercises/CAJ1_C_E05.txt,21,F,Canada,Law,2,Heritage,(unas) [algunas] cosas,Substitution,Adjective,2F,"Fill-in-the-blanks, reflection",I needed the practice,3,0,1,1,0,0,1,1,1,0,1,1,1,1,1,1,1,0,1,1,8.33,3,1,a little unclear,0,0,4,0,0,4.43,3,300
CAJ1_C,./data/processed/exercises/CAJ1_C_E03.txt,21,F,Canada,Law,2,Heritage,se tienen que comprar (más frecuente) [con mayor frecuencia],Substitution,Adverb,5E,Multiple choice,I needed the practice,3,1,1,1,0,0,1,0,0,0,0,0,0,1,0,0,1,0,0,1,7.78,4,1,very useful,0,0,4,1,1,4.43,3,300
CAJ1_C,./data/processed/exercises/CAJ1_C_E01.txt,21,F,Canada,Law,2,Heritage,escoger un (tiempo) [momento] para hablar,Substitution,Noun,"2L, 5E","Matching, multiple choice",I needed the practice,3,0,1,1,0,0,0,1,0,0,1,0,0,1,1,1,1,0,0,1,10,4,1,very useful,0,0,4,1,0,4.43,3,300
CAJ1_C,./data/processed/exercises/CAJ1_C_E04.txt,21,F,Canada,Law,2,Heritage,(occurió) [ocurrió] / (escojer) [escoger] / jabón de (loca) [loza] / (felic) [feliz] / (frequentemente) [frecuentemente] / (dicución) [discusión],Creation,Verb / Verb / Noun / Adjective / Adverb / Noun,2H,"Error correction, writing",I needed the practice,3,1,1,0,0,0,0,0,0,0,0,1,1,1,1,1,0,1,0,1,10,4,1,it raised my error awareness,1,1,4,0,0,4.43,3,300
IMM1_C,./data/processed/exercises/IMM1_C_E02.txt,20,F,Italy,Language and Literature,4,Advanced,estoy aquí desde [hace] dos meses,Ellipsis,Adverb,3B,Multiple choice,to learn from my mistakes,4,0,1,1,0,0,0,1,1,0,1,0,0,1,1,1,1,0,0,1,8.57,1,1,already acquired,1,1,2.67,1,1,4,4,40
IMM1_C,./data/processed/exercises/IMM1_C_E08.txt,20,F,Italy,Language and Literature,4,Advanced,y afortunadamente (yo) he conseguido / por qué (ellas) estaban tan enfadadas,Pronoun,Pronoun / Pronoun,"2H, 2K, 5E","Error correction, rewriting, reflection",to learn from my mistakes,4,0,1,0,0,0,1,1,1,0,1,1,1,1,1,1,1,1,1,1,7.86,4,1,challenging and very useful,0,0,2.67,1,1,4,4,40
IMM1_C,./data/processed/exercises/IMM1_C_E05.txt,20,F,Italy,Language and Literature,4,Advanced,(queriamos) [queríamos] / (dia) [día] / (seguia) [seguía] / (proposito) [propósito],Creation,Verb / Noun / Verb / Noun,5A,Accent placement exercise,to learn from my mistakes,4,1,1,0,0,0,0,1,0,0,0,0,1,1,0,0,0,0,0,1,10,4,1,challenging and very useful,1,1,2.67,1,1,4,4,40
IMM1_C,./data/processed/exercises/IMM1_C_E07.txt,20,F,Italy,Language and Literature,4,Advanced,(encontré delante de la clase a Amaia y Ana que se estaban peleando) [vi que Amaia y Ana se estaban peleando delante de la clase],Substitution,Verb,"2M, 5E","Translation, writing",to learn from my mistakes,4,1,1,1,1,0,1,0,1,0,0,1,1,1,0,0,1,1,0,1,6.67,4,1,challenging and very useful,0,0,2.67,0,0,4,4,40
IMM1_C,./data/processed/exercises/IMM1_C_E04.txt,20,F,Italy,Language and Literature,4,Advanced,les pregunté lo que estaba pasando y (porque) [por qué] estaban tan enfadadas,Substitution,Adverb,"2K, 2M","Reflection, writing, translation",to learn from my mistakes,4,1,1,1,1,0,1,0,1,0,1,0,0,1,1,1,1,0,1,1,8.46,4,1,challenging and very useful,0,0,2.67,0,0,4,4,40
IMM1_C,./data/processed/exercises/IMM1_C_E10.txt,20,F,Italy,Language and Literature,4,Advanced,por qué estaban tan enfadadas (la una con la otra),Excess word,Adjective,2G,"Rewriting, reflection",to learn from my mistakes,4,1,1,0,0,0,1,0,1,0,0,1,1,1,0,0,1,1,1,0,6.25,4,1,challenging and very useful,1,1,2.67,1,1,4,4,40
IMM1_C,./data/processed/exercises/IMM1_C_E03.txt,20,F,Italy,Language and Literature,4,Advanced,no quería (recibir una) [sacar] mala nota,Substitution,Verb,"3A, 5D",Leave the odd one out,to learn from my mistakes,4,1,1,1,0,0,0,0,0,0,0,0,0,1,0,0,1,0,0,1,5,4,1,challenging and very useful,0,0,2.67,0,0,4,4,40
IMM1_C,./data/processed/exercises/IMM1_C_E11.txt,20,F,Italy,Language and Literature,4,Advanced,entender [a] ambas partes de la situación,Government,Preposition,3B,Binary choice,to learn from my mistakes,4,0,1,0,0,0,0,1,1,0,1,0,0,1,1,0,1,0,0,1,8.33,4,1,challenging and very useful,0,0,2.67,1,1,4,4,40
IMM1_C,./data/processed/exercises/IMM1_C_E12.txt,20,F,Italy,Language and Literature,4,Advanced,y les pusiera (una nota) [un cero] a las dos,Substitution,Noun,"2A, 2M","Vocabulary extraction, translation",to learn from my mistakes,4,1,1,0,1,0,0,0,0,0,0,0,0,1,0,0,0,0,0,1,8.33,4,1,challenging and very useful,0,0,2.67,0,0,4,4,40
IMM1_C,./data/processed/exercises/IMM1_C_E06.txt,20,F,Italy,Language and Literature,4,Advanced,hablé antes con las dos juntas y después (sola) [solo] con Amaia,Substitution,Adverb,2K,"Reflection, writing",to learn from my mistakes,4,1,1,1,0,0,1,0,1,0,1,0,0,1,1,0,1,0,1,1,9,4,1,challenging and very useful,0,0,2.67,0,0,4,4,40
IMM1_C,./data/processed/exercises/IMM1_C_E15.txt,20,F,Italy,Language and Literature,4,Advanced,discutimos (sobre) algunos detalles,Government,Preposition,2K,"Binary choice, reflection",to learn from my mistakes,4,0,1,1,0,0,1,0,1,0,1,0,0,1,1,0,1,0,1,0,6.67,4,1,challenging and very useful,0,0,2.67,0,0,4,4,40
IMM1_C,./data/processed/exercises/IMM1_C_E09.txt,20,F,Italy,Language and Literature,4,Advanced,"y que, (para mí) [en mi opinión], usted tenía que saber",Substitution,Preposition,"2H, 5E","Reflection, error correction, writing",to learn from my mistakes,4,1,1,1,0,0,1,0,1,0,0,1,1,1,0,0,1,1,1,1,5.55,4,0,challenging and very useful,1,0,2.67,0,0,4,4,40
IMM1_C,./data/processed/exercises/IMM1_C_E13.txt,20,F,Italy,Language and Literature,4,Advanced,"he conseguido conocer a muchas personas (y) [, entre ellas] estudiantes[,] de Pamplona",Specification,Preposition,"2H, 2G","Error correction, rewriting",to learn from my mistakes,4,0,1,0,0,0,0,1,1,0,0,1,1,1,1,1,0,1,0,1,10,4,1,challenging and very useful,0,0,2.67,0,0,4,4,40
IMM1_C,./data/processed/exercises/IMM1_C_E14.txt,20,F,Italy,Language and Literature,4,Advanced,"(mientras estaba yendo a clase) [al llegar a la universidad, ] vi que Amaia y Ana se estaban peleando delante de la clase",Substitution,Adverb,2I,"Reorder, writing",to learn from my mistakes,4,0,1,0,0,0,0,1,1,0,1,1,1,1,1,0,1,1,0,1,10,4,1,challenging and very useful,0,0,2.67,0,0,4,4,40
IMM1_C,./data/processed/exercises/IMM1_C_E01.txt,20,F,Italy,Language and Literature,4,Advanced,para (mi) [mí],Substitution,Pronoun,"2L, 2M, 5E","Matching, writing",to learn from my mistakes,4,0,1,1,1,0,0,0,0,0,0,0,0,1,1,1,1,1,0,0,4.5,1,1,already acquired,1,1,2.67,1,1,4,4,40
RMD1_C,./data/processed/exercises/RMD1_C_E04.txt,30,M,Kenya,Theology,4,Advanced,(se crean) [surgen] conflictos,Substitution,Verb,"3A, 5D",Leave the odd one out,to increase my error awareness and improve my Spanish,4,1,0,1,0,0,0,0,0,0,0,0,0,1,0,0,1,0,0,1,0,4,1,it raised my error awareness,0,0,4.3,0,0,1.33,4,90
RMD1_C,./data/processed/exercises/RMD1_C_E07.txt,30,M,Kenya,Theology,4,Advanced,(aveces) [a veces] / (estube) [estuve] / (seguiente) [siguiente] / (ocurió) [ocurrió],Creation,Adverb / Verb / Adjective / Verb,2H,"Error correction, writing",to increase my error awareness and improve my Spanish,4,1,0,0,0,0,0,0,0,0,0,1,1,1,1,1,0,1,0,0,5,4,1,it raised my error awareness,1,1,4.3,1,1,1.33,4,90
RMD1_C,./data/processed/exercises/RMD1_C_E11.txt,30,M,Kenya,Theology,4,Advanced,a veces hay (pocas copias) [pocos ejemplares],Substitution,Noun,2F,"Multiple choice, reflection",to increase my error awareness and improve my Spanish,4,1,0,1,0,0,1,0,0,0,1,0,0,1,1,0,1,0,1,0,5,4,1,it raised my error awareness,1,1,4.3,0,0,1.33,4,90
RMD1_C,./data/processed/exercises/RMD1_C_E13.txt,30,M,Kenya,Theology,4,Advanced,a causa de esta falta de libros en línea (surgir un conflicto) [surgen conflictos] entre los estudiantes,Substitution,Determiner,3B,Fill-in-the-blanks,to increase my error awareness and improve my Spanish,4,1,0,0,0,0,0,0,0,0,0,0,0,1,0,0,1,0,0,1,1.67,4,1,it raised my error awareness,1,0,4.3,1,0,1.33,4,90
RMD1_C,./data/processed/exercises/RMD1_C_E09.txt,30,M,Kenya,Theology,4,Advanced,(el siguiente) [lo que sigue] es,Substitution,Determiner,"2M, 5E","Translation, writing",to increase my error awareness and improve my Spanish,4,1,0,1,1,0,1,0,1,0,0,1,1,1,0,0,1,1,0,1,2.5,4,1,it raised my error awareness,0,0,4.3,0,0,1.33,4,90
RMD1_C,./data/processed/exercises/RMD1_C_E10.txt,30,M,Kenya,Theology,4,Advanced,por (respecto) [respeto] a su dignidad,Substitution,Noun,"2D, 2M","Fill-in-the-blanks, reflection",to increase my error awareness and improve my Spanish,4,1,0,0,1,0,1,0,0,0,1,1,1,1,0,0,0,0,1,0,7.27,4,1,it raised my error awareness,0,0,4.3,0,0,1.33,4,90
RMD1_C,./data/processed/exercises/RMD1_C_E01.txt,30,M,Kenya,Theology,4,Advanced,los bibliotecarios decían que habia (sola) [solo] un ejemplar,Substitution,Adverb,2K,"Reflection, writing",to increase my error awareness and improve my Spanish,4,0,0,1,0,0,1,0,1,0,1,0,0,1,1,0,1,0,1,1,6.25,4,1,it raised my error awareness,0,0,4.3,0,0,1.33,4,90
RMD1_C,./data/processed/exercises/RMD1_C_E05.txt,30,M,Kenya,Theology,4,Advanced,que en (el) [ese] momento estaba fuera de la biblioteca,Substitution,Adjective,2G,Rewriting,to increase my error awareness and improve my Spanish,4,0,0,1,0,0,0,1,1,0,1,0,0,1,1,1,1,0,1,1,7.14,4,1,it raised my error awareness,0,0,4.3,0,0,1.33,4,90
RMD1_C,./data/processed/exercises/RMD1_C_E08.txt,30,M,Kenya,Theology,4,Advanced,(unos) [algunos] de nosotros,Substitution,Adjective,2F,"Fill-in-the-blanks, reflection",to increase my error awareness and improve my Spanish,4,0,0,1,0,0,1,1,1,0,1,1,1,1,1,1,1,0,1,1,5,4,1,it raised my error awareness,0,0,4.3,0,0,1.33,4,90
RMD1_C,./data/processed/exercises/RMD1_C_E02.txt,30,M,Kenya,Theology,4,Advanced,(en) [para] mi sorpresa / limita el acceso en línea (de) [a] su libro / un día el profesor había dicho [de] utilizar su libro / la atención que usted ha puesto (para) [en] leer esta carta,Government,Preposition / Preposition / Preposition / Preposition,5E,Multiple choice,to increase my error awareness and improve my Spanish,4,1,0,1,0,0,0,0,0,0,0,0,0,1,1,1,1,0,0,1,1.25,4,1,it raised my error awareness,1,0,4.3,0,0,1.33,4,90
RMD1_C,./data/processed/exercises/RMD1_C_E12.txt,30,M,Kenya,Theology,4,Advanced,(el) [él] no tenía,Substitution,Pronoun,"2L, 2M, 5E","Matching, writing",to increase my error awareness and improve my Spanish,4,0,0,1,1,0,0,0,0,0,0,0,0,1,1,1,1,1,0,1,10,4,1,it raised my error awareness,0,0,4.3,0,0,1.33,4,90
RMD1_C,./data/processed/exercises/RMD1_C_E14.txt,30,M,Kenya,Theology,4,Advanced,(esiendo) [siendo] que yo soy uno de los delegados,Creation,Verb,"2M, 3D","Reflection, instantiation, writing",to increase my error awareness and improve my Spanish,4,1,0,0,0,1,1,0,1,0,0,1,1,1,0,0,0,0,1,1,8,4,1,it raised my error awareness,1,1,4.3,0,0,1.33,4,90
RMD1_C,./data/processed/exercises/RMD1_C_E15.txt,30,M,Kenya,Theology,4,Advanced,para ir a (hablar con) [pedirle a] el profesor si podría,Substitution,Verb,2I,Sentence combining,to increase my error awareness and improve my Spanish,4,1,0,0,0,0,0,0,1,0,0,1,1,1,0,0,1,1,0,1,7.5,4,1,it raised my error awareness,0,0,4.3,0,0,1.33,4,90
RMD1_C,./data/processed/exercises/RMD1_C_E06.txt,30,M,Kenya,Theology,4,Advanced,una (carta de verificación) [autorización],Analysis,Noun,3F,Table completion,to increase my error awareness and improve my Spanish,4,1,0,1,0,0,0,0,1,0,0,1,1,1,0,0,1,0,0,1,5.71,4,1,it raised my error awareness,0,0,4.3,0,0,1.33,4,90
RMD1_C,./data/processed/exercises/RMD1_C_E03.txt,30,M,Kenya,Theology,4,Advanced,(eclesiastica) [eclesiástica] / (linea) [línea] / (dia) [día] / (habia) [había] / (despues) [después] / (pregunte) [pregunté],Creation,Adjective / Noun / Noun / Verb / Adverb / Verb,5A,Accent placement exercise,to increase my error awareness and improve my Spanish,4,1,0,0,0,0,0,1,0,0,0,0,1,1,0,0,0,0,0,1,7.9,4,1,it raised my error awareness,1,1,4.3,1,1,1.33,4,90
ABA1_C,./data/processed/exercises/ABA1_C_E11.txt,23,F,Algeria,Economics,4,Advanced,pero ella (digo) [dijo],Substitution,Verb,"3F, 5C","Example selection, definition creation, reading out loud",it was required,4,1,1,0,0,0,1,0,1,0,0,1,1,1,1,1,0,0,1,1,8.33,1,1,not relevant,1,1,6.67,0,0,3.33,3,60
ABA1_C,./data/processed/exercises/ABA1_C_E08.txt,23,F,Algeria,Economics,4,Advanced,hemos podido solucionar (al) [el] problema,Government,Preposition,3B,Binary choice,it was required,4,0,1,0,0,0,0,1,1,0,1,0,0,1,1,0,1,0,0,1,8.33,4,1,very useful,1,1,6.67,0,0,3.33,3,60
ABA1_C,./data/processed/exercises/ABA1_C_E06.txt,23,F,Algeria,Economics,4,Advanced,iba a (darnos) [ponernos] un cero,Substitution,Verb,"3A, 5D",Leave the odd one out,it was required,4,1,1,1,0,0,0,0,0,0,0,0,0,1,0,0,1,0,0,1,7.5,3,1,relevant,0,0,6.67,0,0,3.33,3,60
ABA1_C,./data/processed/exercises/ABA1_C_E03.txt,23,F,Algeria,Economics,4,Advanced,el (próximo) [siguiente] día de clase,Substitution,Adjective,2K,"Reflection, writing",it was required,4,0,1,1,0,0,1,0,1,0,1,0,0,1,1,0,1,0,1,1,8.75,3,1,lack of depth,0,0,6.67,0,0,3.33,3,60
ABA1_C,./data/processed/exercises/ABA1_C_E04.txt,23,F,Algeria,Economics,4,Advanced,(proximo) [próximo] / (dia) [día] / (despues) [después] / (ocurrio) [ocurrió],Creation,Adjective / Noun / Adverb / Verb,5A,Accent placement exercise,it was required,4,1,1,0,0,0,0,1,0,0,0,0,1,1,0,0,0,0,0,1,10,2,1,difficult rules,1,1,6.67,1,0,3.33,3,60
ABA1_C,./data/processed/exercises/ABA1_C_E09.txt,23,F,Algeria,Economics,4,Advanced,su (telefona) [teléfono] estaba roto,Creation,Noun,"2A, 2M","Vocabulary extraction, translation",it was required,4,1,1,0,1,0,0,0,0,0,0,0,0,1,0,0,0,0,0,1,10,4,1,new vocabulary,1,1,6.67,1,1,3.33,3,60
ABA1_C,./data/processed/exercises/ABA1_C_E12.txt,23,F,Algeria,Economics,4,Advanced,dos (horais) [horas] antes del vencimiento del proyecto,Creation,Noun,"2J, 2M",Reflection,it was required,4,1,1,0,1,0,1,0,1,0,1,0,0,1,1,0,0,0,1,1,10,2,1,not relevant,1,1,6.67,1,1,3.33,3,60
ABA1_C,./data/processed/exercises/ABA1_C_E01.txt,23,F,Algeria,Economics,4,Advanced,(submitir) [entregar] el proyecto,Creation,Verb,5E,Binary choice,it was required,4,1,1,1,1,0,0,1,0,0,0,0,0,1,0,0,1,0,0,1,10,4,1,very useful,0,0,6.67,0,0,3.33,3,60
ABA1_C,./data/processed/exercises/ABA1_C_E07.txt,23,F,Algeria,Economics,4,Advanced,(tenia) [tenía] / (el) [él] debía / (esta) [está],Substitution,Verb / Pronoun / Verb,"2L, 2M, 5E","Matching, writing",it was required,4,0,1,1,1,0,0,0,0,0,0,0,0,1,1,1,1,1,0,1,9,2,1,a little unclear,1,1,6.67,1,1,3.33,3,60
ABA1_C,./data/processed/exercises/ABA1_C_E10.txt,23,F,Algeria,Economics,4,Advanced,cada persona (en) [de] mi grupo / estaba (en) [a] cargo de algo,Government,Preposition / Preposition,5E,Multiple choice,it was required,4,1,1,1,0,0,0,0,0,0,0,0,0,1,1,1,1,0,0,1,9.4,3,1,lack of depth,1,1,6.67,0,0,3.33,3,60
ABA1_C,./data/processed/exercises/ABA1_C_E13.txt,23,F,Algeria,Economics,4,Advanced,un proyecto en grupo que valía [el] 55% de la nota final,Determination,Determiner,3B,Fill-in-the-blanks,it was required,4,1,1,0,0,0,0,0,0,0,1,1,1,1,1,0,1,0,0,1,9,4,1,very useful,1,1,6.67,0,0,3.33,3,60
ABA1_C,./data/processed/exercises/ABA1_C_E14.txt,23,F,Algeria,Economics,4,Advanced,un proyecto en grupo que (era) [valía] el 55% de la nota final,Substitution,Verb,2F,"Multiple choice, reflection",it was required,4,1,1,1,0,0,1,0,0,0,0,1,1,1,0,0,1,0,1,1,10,4,1,it raised my error awareness,0,0,6.67,0,0,3.33,3,60
ABA1_C,./data/processed/exercises/ABA1_C_E15.txt,23,F,Algeria,Economics,4,Advanced,la profesora nos había (dado) [asignado] un proyecto en grupo,Substitution,Verb,3D,Continue a sequence,it was required,4,1,1,0,0,0,0,0,1,0,0,1,1,1,1,0,0,0,0,1,10,3,1,lack of depth,0,0,6.67,0,0,3.33,3,60
ABA1_C,./data/processed/exercises/ABA1_C_E05.txt,23,F,Algeria,Economics,4,Advanced,(occurió) [ocurrió] / (fonciona) [funciona] / (residence) [residencia],Creation,Verb / Verb / Noun,2H,"Error correction, writing",it was required,4,1,1,0,0,0,0,0,0,0,0,1,1,1,1,1,0,1,0,1,10,4,1,it raised my error awareness,1,1,6.67,1,1,3.33,3,60
ABA1_C,./data/processed/exercises/ABA1_C_E02.txt,23,F,Algeria,Economics,4,Advanced,y (soy) [estoy] en la clase de español,Substitution,Verb,2F,"Binary choice, reflection",it was required,4,1,1,1,0,0,1,0,0,0,1,0,1,1,1,0,1,0,1,1,7,4,1,very useful,1,1,6.67,1,1,3.33,3,60
LSR1_C,./data/processed/exercises/LSR1_C_E04.txt,22,M,Luxembourg,Economics,5,Advanced,es una falta de respeto (de) [a] los estudiantes,Government,Preposition,5E,Multiple choice,forgot about them,1,1,0,1,0,0,0,0,0,0,0,0,0,1,1,1,1,0,0,0,0,1,1,forgot about doing it,0,0,0,0,0,0,2,0
LSR1_C,./data/processed/exercises/LSR1_C_E05.txt,22,M,Luxembourg,Economics,5,Advanced,(lo que no es el caso para) [a diferencia de] la residencia,Substitution,Preposition,3B,Fill-in-the-blanks,forgot about them,1,1,0,0,0,0,0,0,0,0,0,0,0,1,0,0,1,0,0,0,0,1,1,forgot about doing it,0,0,0,0,0,0,2,0
LSR1_C,./data/processed/exercises/LSR1_C_E09.txt,22,M,Luxembourg,Economics,5,Advanced,mi dinero [de] el primer mes,Government,Preposition,2I,Sentence combining,forgot about them,1,1,0,0,0,0,0,0,1,0,0,1,1,1,0,0,1,1,0,0,0,1,1,forgot about doing it,0,0,0,0,0,0,2,0
LSR1_C,./data/processed/exercises/LSR1_C_E01.txt,22,M,Luxembourg,Economics,5,Advanced,(cama) [habitación],Substitution,Noun,"2I, 5E","Picture-based writing, reflection",forgot about them,1,1,0,1,0,0,0,0,0,1,1,0,0,1,1,0,1,1,1,0,0,1,1,forgot about doing it,0,0,0,0,0,0,2,0
LSR1_C,./data/processed/exercises/LSR1_C_E11.txt,22,M,Luxembourg,Economics,5,Advanced,por los (daños) [inconvenientes],Substitution,Noun,"2L, 5E","Matching, multiple choice, reflection",forgot about them,1,0,0,1,0,0,1,1,1,0,1,0,0,1,1,1,1,0,1,0,0,1,1,forgot about doing it,0,0,0,0,0,0,2,0
LSR1_C,./data/processed/exercises/LSR1_C_E14.txt,22,M,Luxembourg,Economics,5,Advanced,un precio (bajo del) [inferior al] precio original,Substitution,Adjective,3B,Multiple choice,forgot about them,1,1,0,1,0,0,0,0,0,0,0,0,0,1,1,1,1,0,0,0,0,1,1,forgot about doing it,0,0,0,0,0,0,2,0
LSR1_C,./data/processed/exercises/LSR1_C_E15.txt,22,M,Luxembourg,Economics,5,Advanced,podía (pedir pagar un precio inferior a) [solicitar un descuento sobre] el precio original,Substitution,Verb,"2G, 2I",Rewriting,forgot about them,1,1,0,0,0,0,0,0,0,0,0,1,1,1,0,0,1,1,0,0,0,1,1,forgot about doing it,0,0,0,0,0,0,2,0
LSR1_C,./data/processed/exercises/LSR1_C_E12.txt,22,M,Luxembourg,Economics,5,Advanced,tenía miedo [de] que,Government,Preposition,3B,"Fill-in-the-blanks, reflection",forgot about them,1,1,0,0,0,0,1,0,0,0,1,1,1,1,1,0,1,0,0,0,0,1,1,forgot about doing it,0,0,0,0,0,0,2,0
LSR1_C,./data/processed/exercises/LSR1_C_E10.txt,22,M,Luxembourg,Economics,5,Advanced,en (el sitio de internet) [la página web],Substitution,Noun,"2A, 2M","Vocabulary extraction, translation",forgot about them,1,1,0,0,1,0,0,0,0,0,0,0,0,1,0,0,0,0,0,0,0,1,1,forgot about doing it,0,0,0,0,0,0,2,0
LSR1_C,./data/processed/exercises/LSR1_C_E02.txt,22,M,Luxembourg,Economics,5,Advanced,[en mi habitación no había] ninguna de esas cosas (estaba presente en la habitación),Substitution,Verb,"2G, 2I",Rewriting,forgot about them,1,1,0,0,0,0,0,0,0,0,0,1,1,1,0,0,1,1,0,0,0,1,1,forgot about doing it,0,0,0,0,0,0,2,0
LSR1_C,./data/processed/exercises/LSR1_C_E06.txt,22,M,Luxembourg,Economics,5,Advanced,ninguna de esas cosas (estaban) [estaba] presente,Number,Pronoun,2G,Rewriting,forgot about them,1,1,0,0,1,0,0,0,1,0,0,1,1,1,0,0,0,1,0,0,0,1,1,forgot about doing it,0,0,0,0,0,0,2,0
LSR1_C,./data/processed/exercises/LSR1_C_E08.txt,22,M,Luxembourg,Economics,5,Advanced,(acquí) [aquí],Creation,Adverb,2D,Fill-in-the-blanks,forgot about them,1,0,0,0,0,0,0,1,0,0,1,1,1,1,0,0,1,0,0,0,0,1,1,forgot about doing it,0,0,0,0,0,0,2,0
LSR1_C,./data/processed/exercises/LSR1_C_E07.txt,22,M,Luxembourg,Economics,5,Advanced,(tuvé) [tuve] / (residencía) [residencia] / (principió) [principio] / (habia) [había] / (sitió) [sitio] / (télevisión) [televisión] / (llegue) [llegué],Creation,Verb / Noun / Noun / Verb / Noun / Noun / Verb,5A,Accent placement exercise,forgot about them,1,1,0,0,0,0,0,1,0,0,0,0,1,1,0,0,0,0,0,0,0,1,1,forgot about doing it,0,0,0,0,0,0,2,0
LSR1_C,./data/processed/exercises/LSR1_C_E03.txt,22,M,Luxembourg,Economics,5,Advanced,me (paso) [pasó] / (explico) [explicó] / (acepto) [aceptó],Substitution,Verb / Verb / Verb,"2L, 2M, 5E","Matching, writing",forgot about them,1,0,0,1,1,0,0,0,0,0,0,0,0,1,1,1,1,1,0,0,0,1,1,forgot about doing it,0,0,0,0,0,0,2,0
LSR1_C,./data/processed/exercises/LSR1_C_E13.txt,22,M,Luxembourg,Economics,5,Advanced,(estudionte) [estudiante],Creation,Noun,2H,"Error correction, writing",forgot about them,1,1,0,0,0,0,0,0,0,0,0,1,1,1,1,1,0,1,0,0,0,1,1,forgot about doing it,0,0,0,0,0,0,2,0
BNS1_C,./data/processed/exercises/BNS1_C_E15.txt,18,F,Belgium,Language and Literature,4,Advanced,emparejan a compañeras de piso (entre personas parecidas) [con perfiles similares],Substitution,Adverb,"2A, 2M","Vocabulary extraction, translation",helpful,3,1,0,0,1,0,0,0,0,0,0,0,0,1,0,0,0,0,0,1,2.9,3,1,useful for revision,0,0,6.67,0,0,3.33,4,120
BNS1_C,./data/processed/exercises/BNS1_C_E06.txt,18,F,Belgium,Language and Literature,4,Advanced,(estáva) [estaba] bien,Creation,Verb,"2M, 3D","Reflection, instantiation, writing",helpful,3,1,0,0,1,0,1,0,1,0,0,1,1,1,0,0,0,0,1,1,7.78,2,1,it raised my error awareness,1,1,6.67,1,1,3.33,4,120
BNS1_C,./data/processed/exercises/BNS1_C_E05.txt,18,F,Belgium,Language and Literature,4,Advanced,(páis) [país] / (calido) [cálido] / (despues) [después] / (reclamaciónes) [reclamaciones],Creation,Noun / Adjective / Adverb / Noun,5A,Accent placement exercise,helpful,3,1,0,0,0,0,0,1,0,0,0,0,1,1,0,0,0,0,0,1,8.2,4,1,useful rules,1,1,6.67,0,0,3.33,4,120
BNS1_C,./data/processed/exercises/BNS1_C_E10.txt,18,F,Belgium,Language and Literature,4,Advanced,(ya que) [como] viene de un país cálido,Substitution,Conjunctive phrase,5E,Sentence combining,helpful,3,0,0,1,0,0,0,1,1,0,1,0,0,1,1,1,1,1,0,1,9,4,1,relevant,0,0,6.67,0,0,3.33,4,120
BNS1_C,./data/processed/exercises/BNS1_C_E03.txt,18,F,Belgium,Language and Literature,4,Advanced,(ella) viene de un país cálido / (ella) tiene la costumbre de ducharse / (ella) tuvo una discusión,Pronoun,Pronoun / Pronoun / Pronoun,"2H, 2K, 5E","Error correction, rewriting, reflection",helpful,3,0,0,0,0,0,1,1,1,0,1,1,1,1,1,1,1,1,1,0,7.86,3,1,useful for revision,1,1,6.67,0,0,3.33,4,120
BNS1_C,./data/processed/exercises/BNS1_C_E12.txt,18,F,Belgium,Language and Literature,4,Advanced,una por la mañana y (una) [otra] por la noche,Pronoun,Adjective,2F,"Fill-in-the-blanks, reflection",helpful,3,1,0,0,0,0,1,0,1,0,1,1,1,1,1,0,1,0,1,1,7.78,4,1,insightful,1,1,6.67,1,1,3.33,4,120
BNS1_C,./data/processed/exercises/BNS1_C_E09.txt,18,F,Belgium,Language and Literature,4,Advanced,en (esta manera) [este sentido] no somos iguales,Substitution,Noun,3B,Fill-in-the-blanks,helpful,3,1,0,0,0,0,0,0,0,0,0,0,0,1,0,0,1,0,0,1,10,3,1,a little unclear,1,1,6.67,0,0,3.33,4,120
BNS1_C,./data/processed/exercises/BNS1_C_E13.txt,18,F,Belgium,Language and Literature,4,Advanced,ninguna consideración (de) [por] su parte / tengan más cuidado (sobre) [con] las normas culturales,Government,Preposition / Preposition,5E,Multiple choice,helpful,3,1,0,1,0,0,0,0,0,0,0,0,0,1,1,1,1,0,0,1,6.67,4,1,useful for revision,1,1,6.67,0,0,3.33,4,120
BNS1_C,./data/processed/exercises/BNS1_C_E04.txt,18,F,Belgium,Language and Literature,4,Advanced,mi recomendación es que tengan (mas) [más] cuidado,Substitution,Adverb,"2L, 2M, 5E","Matching, writing",helpful,3,0,0,1,1,0,0,0,0,0,0,0,0,1,1,1,1,1,0,1,9.3,4,1,relevant and useful definitions,1,1,6.67,1,1,3.33,4,120
BNS1_C,./data/processed/exercises/BNS1_C_E01.txt,18,F,Belgium,Language and Literature,4,Advanced,"en (este) [ese] momento, yo pensaba que",Substitution,Adjective,2G,Rewriting,helpful,3,0,0,1,0,0,0,1,1,0,1,0,0,1,1,1,1,0,1,1,8.6,4,1,new vocabulary,1,1,6.67,1,1,3.33,4,120
BNS1_C,./data/processed/exercises/BNS1_C_E11.txt,18,F,Belgium,Language and Literature,4,Advanced,"Carla, (como un modo de) [para] vengarse de mis quejas",Analysis,Preposition,"2M, 5E","Translation, writing",helpful,3,1,0,1,1,0,1,0,1,0,0,1,1,1,0,0,1,1,0,1,5,3,1,relevant,0,0,6.67,0,0,3.33,4,120
BNS1_C,./data/processed/exercises/BNS1_C_E08.txt,18,F,Belgium,Language and Literature,4,Advanced,vengarse de mis (reclamaciones) [quejas],Substitution,Noun,"2L, 5E","Matching, multiple choice, reflection",helpful,3,0,0,1,0,0,1,1,1,0,1,0,0,1,1,1,1,0,1,1,10,4,1,new vocabulary,1,1,6.67,0,0,3.33,4,120
BNS1_C,./data/processed/exercises/BNS1_C_E14.txt,18,F,Belgium,Language and Literature,4,Advanced,(voy a tener mi dinero de vuelta) [me van a devolver mi dinero],Substitution,Verb,"2G, 2I",Rewriting,helpful,3,1,0,0,0,0,0,0,0,0,0,1,1,1,0,0,1,1,0,1,9.3,2,1,lack of explanation,1,0,6.67,1,0,3.33,4,120
BNS1_C,./data/processed/exercises/BNS1_C_E07.txt,18,F,Belgium,Language and Literature,4,Advanced,"en (lo) [el] peor caso, ¿puedo cambiar de compañera?",Determination,Determiner,3B,Binary choice,helpful,3,0,0,1,0,0,0,1,0,0,1,0,0,1,1,0,1,0,0,1,10,3,1,a little unclear,1,1,6.67,1,1,3.33,4,120
BNS1_C,./data/processed/exercises/BNS1_C_E02.txt,18,F,Belgium,Language and Literature,4,Advanced,de que (hacen parejas de) [emparejan a] compañeras de piso,Analysis,Verb,"5A, 3F",Table completion,helpful,3,1,0,0,0,0,0,0,1,0,1,1,1,1,1,1,1,1,0,1,7.5,2,1,not relevant,0,0,6.67,0,0,3.33,4,120
RRT1_C,./data/processed/exercises/RRT1_C_E11.txt,20,M,UK,Economics,2,Advanced,entre una familia (nativa) [local] y algunos estudiantes de intercambio,Substitution,Adjective,2F,Fill-in-the-blanks,personalized learning is a great opportunity,4,1,1,1,0,0,0,1,0,0,1,0,0,1,0,0,1,0,0,1,10,3,1,new vocabulary,0,0,5.33,0,0,2.33,4,120
RRT1_C,./data/processed/exercises/RRT1_C_E08.txt,20,M,UK,Economics,2,Advanced,a sus universidades no les importan sus notas (mientras que) [mientras] estudien aquí,Substitution,Adverb,"3B, 5E","Fill-in-the-blanks, reflection, writing",personalized learning is a great opportunity,4,1,1,1,0,0,0,0,0,0,0,0,0,1,1,1,1,1,1,1,9,4,1,it raised my error awareness,0,0,5.33,0,0,2.33,4,120
RRT1_C,./data/processed/exercises/RRT1_C_E05.txt,20,M,UK,Economics,2,Advanced,"por eso, han (realizado) [montado] muchas fiestas",Substitution,Verb,"3A, 5D",Leave the odd one out,personalized learning is a great opportunity,4,1,1,1,0,0,0,0,0,0,0,0,0,1,0,0,1,0,0,1,10,4,1,new vocabulary,1,1,5.33,0,0,2.33,4,120
RRT1_C,./data/processed/exercises/RRT1_C_E02.txt,20,M,UK,Economics,2,Advanced,(casí) [casi] cada noche / (múcho) [mucho] ruido / (instantaneamente) [instantáneamente],Creation,Adverb / Adjective / Adverb,5A,Accent placement exercise,personalized learning is a great opportunity,4,1,1,0,0,0,0,1,0,0,0,0,1,1,0,0,0,0,0,1,10,3,1,useful for revision,1,1,5.33,0,0,2.33,4,120
RRT1_C,./data/processed/exercises/RRT1_C_E03.txt,20,M,UK,Economics,2,Advanced,pero el (jefe de los pisos) [administrador del edificio] no ha ofrecido,Substitution,Noun,"2A, 2M","Vocabulary extraction, translation",personalized learning is a great opportunity,4,1,1,0,1,0,0,0,0,0,0,0,0,1,0,0,0,0,0,1,9.5,2,1,new vocabulary,1,1,5.33,1,0,2.33,4,120
RRT1_C,./data/processed/exercises/RRT1_C_E01.txt,20,M,UK,Economics,2,Advanced,no (estoy tan cercano) [vivo tan cerca] de los estudiantes,Substitution,Verb,"2L, 5E","Matching, multiple choice, writing",personalized learning is a great opportunity,4,0,1,1,0,0,1,1,0,0,1,1,1,1,1,1,1,0,1,1,10,3,1,new vocabulary,1,1,5.33,1,1,2.33,4,120
RRT1_C,./data/processed/exercises/RRT1_C_E04.txt,20,M,UK,Economics,2,Advanced,no me (dieron) [di] cuenta hasta la semana pasada,Substitution,Noun,"2K, 3B","Reflection, fill-in-the-blanks",personalized learning is a great opportunity,4,1,1,1,0,0,1,0,0,0,1,1,1,1,1,0,0,0,1,1,10,3,1,new vocabulary,1,1,5.33,1,1,2.33,4,120
RRT1_C,./data/processed/exercises/RRT1_C_E12.txt,20,M,UK,Economics,2,Advanced,no les (importa) [molesta] una fiesta de vez en cuando,Substitution,Verb,"3I, 2K","Situation matching, reflection",it was required,4,1,1,1,0,0,1,0,0,0,1,0,0,1,0,0,1,0,1,1,10,4,1,interesting,1,1,5.33,0,0,2.33,4,120
RRT1_C,./data/processed/exercises/RRT1_C_E07.txt,20,M,UK,Economics,2,Advanced,no saben que los (vecino) [vecinos] se han quejado,Number,Noun,2H,Error correction,personalized learning is a great opportunity,4,1,1,0,0,0,0,0,0,0,1,1,1,1,0,0,0,0,0,1,10,4,1,relevant,1,1,5.33,1,1,2.33,4,120
RRT1_C,./data/processed/exercises/RRT1_C_E06.txt,20,M,UK,Economics,2,Advanced,[me] dirijo a usted porque,Pronoun,Verb,2K,"Reflection, writing",personalized learning is a great opportunity,4,0,1,1,0,0,1,0,1,0,1,0,0,1,1,0,1,0,1,1,6.67,3,1,too difficult,0,0,5.33,1,0,2.33,4,120
RRT1_C,./data/processed/exercises/RRT1_C_E14.txt,20,M,UK,Economics,2,Advanced,"(a corto plazo) [en un primer momento], llamé a la policía, pero eso solo funcionó a corto plazo",Substitution,Adverb,"3I, 3B","Reorder, fill-in-the-blanks",personalized learning is a great opportunity,4,1,1,0,0,0,0,0,0,0,0,0,0,1,0,0,1,0,0,0,0,3,1,new vocabulary,0,0,5.33,0,0,2.33,4,120
RRT1_C,./data/processed/exercises/RRT1_C_E10.txt,20,M,UK,Economics,2,Advanced,ofreciera más clubes y oportunidades (de) [para] integrarse,Government,Preposition,5E,Multiple choice,personalized learning is a great opportunity,4,1,1,1,0,0,0,0,0,0,0,0,0,1,1,1,1,0,0,1,10,3,1,too difficult,0,0,5.33,0,0,2.33,4,120
RRT1_C,./data/processed/exercises/RRT1_C_E13.txt,20,M,UK,Economics,2,Advanced,no podían integrarse (con) [en] la cultura,Government,Preposition,"3H, 5E","Table-based collocation combining, writing",personalized learning is a great opportunity,4,1,1,1,0,0,0,0,0,0,0,0,0,1,1,1,1,1,0,1,10,3,1,too long,1,1,5.33,0,0,2.33,4,120
RRT1_C,./data/processed/exercises/RRT1_C_E09.txt,20,M,UK,Economics,2,Advanced,y casi instantáneamente (había cada vez menos) [se redujeron las] fiestas,Analysis,Verb,"2M, 5E","Translation, writing",personalized learning is a great opportunity,4,1,1,1,1,0,1,0,1,0,0,1,1,1,0,0,1,1,0,1,10,4,1,very useful,0,0,5.33,0,0,2.33,4,120
RRT1_C,./data/processed/exercises/RRT1_C_E15.txt,20,M,UK,Economics,2,Advanced,ofrecerle consejo (con) [sobre] un conflicto,Government,Preposition,2M,Translation,personalized learning is a great opportunity,4,1,1,1,1,0,0,0,0,0,0,1,1,1,1,0,0,1,0,0,0,3,1,useful,0,0,5.33,0,0,2.33,4,120
CTV1_C,./data/processed/exercises/CTV1_C_E06.txt,21,F,Canada,Economics,3,Heritage,(dias) [días] / (caféteria) [cafetería] / (despues) [después] / (preferian) [preferían] / (resolucion) [resolución],Creation,Noun / Noun / Adverb / Verb / Noun,5A,Accent placement exercise,it was required,3,1,0,0,0,0,0,1,0,0,0,0,1,1,0,0,0,0,0,1,10,3,1,useful for revision,0,0,0,0,0,1.33,3,90
CTV1_C,./data/processed/exercises/CTV1_C_E03.txt,21,F,Canada,Economics,3,Heritage,estudiante de Erasmus (en) [de] tercer año,Government,Preposition,3B,Multiple choice,it was required,3,0,0,1,0,0,0,1,1,0,1,0,0,1,1,0,1,0,0,1,10,3,1,useful for revision,0,0,0,0,0,1.33,3,90
CTV1_C,./data/processed/exercises/CTV1_C_E07.txt,21,F,Canada,Economics,3,Heritage,forma parte (de el) [del] grupo,Analysis,Preposition,5E,Multiple choice,it was required,3,1,0,1,0,0,0,0,0,0,0,0,0,1,1,1,1,0,0,1,10,3,1,useful for revision,0,0,0,0,0,1.33,3,90
CTV1_C,./data/processed/exercises/CTV1_C_E13.txt,21,F,Canada,Economics,3,Heritage,"(tristemente) [lamentablemente], en menos de una semana",Substitution,Adverb,3B,Fill-in-the-blanks,it was required,3,1,0,0,0,0,0,0,0,0,0,0,0,1,0,0,1,0,0,1,6,2,1,already acquired,0,0,0,0,0,1.33,3,90
CTV1_C,./data/processed/exercises/CTV1_C_E02.txt,21,F,Canada,Economics,3,Heritage,el problema (se trata de) [consiste en],Substitution,Verb,5E,Binary choice,it was required,3,0,0,1,0,0,0,1,1,0,1,0,0,1,1,0,1,0,0,1,10,4,1,new vocabulary,0,0,0,0,0,1.33,3,90
CTV1_C,./data/processed/exercises/CTV1_C_E04.txt,21,F,Canada,Economics,3,Heritage,(empéso) [empezó] / (empíoro) [empeoró] / (associacion) [asociación] / (dijieron) [dijeron] / (demonstró) [demostró],Creation,Verb / Verb / Noun / Verb / Verb,2H,"Error correction, writing",it was required,3,1,0,0,0,0,0,0,0,0,0,1,1,1,1,1,0,1,0,1,10,3,1,it raised my error awareness,0,0,0,1,1,1.33,3,90
CTV1_C,./data/processed/exercises/CTV1_C_E11.txt,21,F,Canada,Economics,3,Heritage,la cantidad de horas que estaban trabajando (se) había aumentado / el problema ya (se) había mejorado,Pronoun,Verb / Verb,2K,"Reflection, writing",it was required,3,0,0,1,0,0,1,0,1,0,1,0,0,1,1,0,1,0,1,1,10,3,1,useful for revision,0,0,0,0,0,1.33,3,90
CTV1_C,./data/processed/exercises/CTV1_C_E05.txt,21,F,Canada,Economics,3,Heritage,no tenían ganas de ir a la cafetería (o) [ni] a las áreas comunes,Substitution,Conjunctive phrase,3B,Fill-in-the-blanks,it was required,3,0,0,1,0,0,0,1,1,0,1,0,0,1,1,1,1,0,0,1,10,2,1,already acquired,0,0,0,1,1,1.33,3,90
CTV1_C,./data/processed/exercises/CTV1_C_E01.txt,21,F,Canada,Economics,3,Heritage,a la cafetería ni a (los espacios libres) [las áreas comunes],Substitution,Noun,"2L, 3B, 5E","Picture-based reflection, matching, writing",it was fun and required,3,1,0,1,0,0,0,0,0,1,1,0,0,1,1,1,1,1,1,1,6.67,2,1,already acquired,0,0,0,0,0,1.33,3,90
CTV1_C,./data/processed/exercises/CTV1_C_E14.txt,21,F,Canada,Economics,3,Heritage,preferían (no comer) [saltarse la comida],Synthesis,Verb,3F,Table completion,it was fun and required,3,1,0,1,0,0,0,0,1,0,0,1,1,1,0,0,1,1,0,1,10,3,1,new vocabulary,0,0,0,0,0,1.33,3,90
CTV1_C,./data/processed/exercises/CTV1_C_E12.txt,21,F,Canada,Economics,3,Heritage,o (perder) [faltar a] clase,Substitution,Verb,2L,Matching,it was required,3,0,0,0,0,0,0,0,0,0,0,0,0,1,0,0,1,0,0,1,10,3,1,new vocabulary,0,0,0,0,0,1.33,3,90
CTV1_C,./data/processed/exercises/CTV1_C_E08.txt,21,F,Canada,Economics,3,Heritage,para encontrar una (resolución) [solución],Substitution,Noun,"3A, 5D",Leave the odd one out,it was required,3,1,0,1,0,0,0,0,0,0,0,0,0,1,0,0,1,0,0,1,5,3,1,new vocabulary,0,0,0,0,0,1.33,3,90
CTV1_C,./data/processed/exercises/CTV1_C_E10.txt,21,F,Canada,Economics,3,Heritage,(en todas partes de) [por toda] la cafetería,Analysis,Preposition,2M,Table based-translation,it was required,3,1,0,1,1,0,0,0,1,0,1,1,1,1,0,0,1,1,0,1,7.5,4,1,very useful,0,0,0,0,0,1.33,3,90
CTV1_C,./data/processed/exercises/CTV1_C_E09.txt,21,F,Canada,Economics,3,Heritage,estos letreros (leían) [decían],Substitution,Verb,"2M, 5E","Translation, writing",it was required,3,1,0,1,1,0,1,0,1,0,0,1,1,1,0,0,1,1,0,1,8,4,1,very useful,0,0,0,0,0,1.33,3,90
CTV1_C,./data/processed/exercises/CTV1_C_E15.txt,21,F,Canada,Economics,3,Heritage,"(a la misma vez) [al mismo tiempo], una persona del equipo",Substitution,Noun,5A,Leave the odd one out,it was required,3,1,0,1,0,0,0,0,0,0,1,0,0,1,1,0,1,0,0,1,7.5,3,1,useful for revision,0,0,0,0,0,1.33,3,90
RWA1_D,./data/processed/exercises/RWA1_D_E15.txt,20,F,UK,Economics,2,Heritage,(sino) [si no] recibo nada voy a tomar acciones legales,Substitution,Conjunctive phrase,3B,Binary choice,it was required,3,0,0,1,0,0,0,1,1,0,1,0,0,1,1,0,1,0,0,1,10,4,1,very useful,0,0,4,1,1,3.33,2,120
RWA1_D,./data/processed/exercises/RWA1_D_E08.txt,20,F,UK,Economics,2,Heritage,fui a recoger mi maleta solo para (realizar) [descubrir] que alguien me la había robado,Substitution,Verb,5E,Binary choice,it was required,3,1,0,1,1,0,0,1,0,0,0,0,0,1,0,0,1,0,0,1,9.16,2,1,too easy,1,1,4,0,0,3.33,2,120
RWA1_D,./data/processed/exercises/RWA1_D_E13.txt,20,F,UK,Economics,2,Heritage,estaba listo el vuelo y (nos) podíamos abordar el avión / la situación (se) empeoró,Pronoun,Verb / Verb,2K,"Reflection, writing",it was required,3,0,0,1,0,0,1,0,1,0,1,0,0,1,1,0,1,0,1,1,6.25,2,1,too difficult,1,1,4,1,1,3.33,2,120
RWA1_D,./data/processed/exercises/RWA1_D_E05.txt,20,F,UK,Economics,2,Heritage,cuando la gente está pagando una fortuna (para) [por] este servicio,Government,Preposition,2K,"Reflection, writing",it was required,3,1,0,1,0,0,1,0,1,0,1,0,0,1,1,0,1,0,1,1,10,4,1,very useful,0,0,4,0,0,3.33,2,120
RWA1_D,./data/processed/exercises/RWA1_D_E11.txt,20,F,UK,Economics,2,Heritage,la gente se estaba poniendo muy (molestos) [molesta] con la recepción,Number,Noun,"2H, 2G","Error correction, rewriting",it was required,3,0,0,0,0,0,0,1,1,0,0,1,1,1,1,1,0,1,0,1,10,2,1,already acquired,0,0,4,0,0,3.33,2,120
RWA1_D,./data/processed/exercises/RWA1_D_E12.txt,20,F,UK,Economics,2,Heritage,después de haber esperado 3 horas y (medio) [media] / fui a recoger mi maleta solo para descubrir que alguien me (lo) [la] había robado,Gender,Noun / Noun,1A,Fill-in-the-blanks,it was required,3,1,0,0,0,0,0,1,1,0,0,0,1,1,0,0,0,0,0,1,9,2,1,already acquired,0,0,4,0,0,3.33,2,120
RWA1_D,./data/processed/exercises/RWA1_D_E07.txt,20,F,UK,Economics,2,Heritage,"normalmente, no me (cejaría) [quejaría] de esto",Substitution,Verb,2D,"Fill-in-the-blanks, reflection",it was required,3,1,0,0,0,0,1,1,0,0,0,0,0,1,0,0,0,0,0,1,9.4,2,1,already acquired,1,1,4,0,0,3.33,2,120
RWA1_D,./data/processed/exercises/RWA1_D_E10.txt,20,F,UK,Economics,2,Heritage,ni siquiera tuvo la decencia de explicarme (porque) [por qué] había sucedido,Substitution,Adverb,"2K, 2M","Reflection, writing, translation",it was required,3,1,0,1,1,0,1,0,1,0,1,0,0,1,1,1,1,0,1,0,5,4,1,very useful,0,0,4,0,0,3.33,2,120
RWA1_D,./data/processed/exercises/RWA1_D_E14.txt,20,F,UK,Economics,2,Heritage,no estaba (en ninguna forma para) [en condiciones de] ser muy paciente con él,Analysis,Adverb,"2M, 5E","Translation, writing",it was required,3,1,0,1,1,0,1,0,1,0,0,1,1,1,0,0,1,1,0,1,6.25,4,1,very useful,1,1,4,0,0,3.33,2,120
RWA1_D,./data/processed/exercises/RWA1_D_E06.txt,20,F,UK,Economics,2,Heritage,intenté (a) averiguar,Government,Preposition,5E,Multiple choice,it was required,3,1,0,1,0,0,0,0,0,0,0,0,0,1,1,1,1,0,0,1,8.75,4,1,very useful,0,0,4,1,1,3.33,2,120
RWA1_D,./data/processed/exercises/RWA1_D_E03.txt,20,F,UK,Economics,2,Heritage,cuando (intente) [intenté] / me (trato) [trató] / (empeoro) [empeoró] / me (toco) [tocó] / (si) [sí] / (remplazaran) [remplazarán],Substitution,Verb / Verb / Verb / Verb / Adverb / Verb,"2L, 2M, 5E","Matching, writing",it was required,3,0,0,1,1,0,0,0,0,0,0,0,0,1,1,1,1,1,0,0,5,3,1,useful,1,1,4,0,0,3.33,2,120
RWA1_D,./data/processed/exercises/RWA1_D_E01.txt,20,F,UK,Economics,2,Heritage,"(primero que todo) [antes que nada] / (tal cual) [así pues], si ustedes tienen / (a) [para] mi sorpresa",Substitution,Adverb / Adverb / Adverb,3B,Fill-in-the-blanks,it was required,3,1,0,0,0,0,0,0,0,0,0,0,0,1,0,0,1,0,0,1,6.67,2,1,too easy,0,0,4,0,0,3.33,2,120
RWA1_D,./data/processed/exercises/RWA1_D_E02.txt,20,F,UK,Economics,2,Heritage,(aureolina) [aerolínea],Creation,Noun,"2J, 1D","Table-based word combining, writing",it was required,3,1,0,0,0,0,1,0,1,0,0,1,1,1,1,1,0,1,0,0,4,3,1,useful,1,1,4,0,0,3.33,2,120
RWA1_D,./data/processed/exercises/RWA1_D_E09.txt,20,F,UK,Economics,2,Heritage,"me dirijo a usted para expresar mi insatisfacción con (tu) [su] aerolínea / si ustedes tienen algún tipo de oferta para resolver esta situación, por favor, (contáctame) [contáctenme]",Substitution,Adjective / Verb,"2N, 2G","Rewriting, reflection",it was required,3,1,0,1,0,0,1,0,0,0,1,1,1,1,1,1,1,0,1,1,8.57,2,1,already acquired,0,0,4,1,1,3.33,2,120
RWA1_D,./data/processed/exercises/RWA1_D_E04.txt,20,F,UK,Economics,2,Heritage,me (dirigió) [dirijo] a usted,Substitution,Verb,"2K, 2M, 2G","Reflection, translation, rewriting",it was required,3,1,0,1,1,0,1,0,1,0,1,0,0,1,1,0,1,1,1,0,6.67,3,1,useful,0,0,4,1,1,3.33,2,120
RSA1_D,./data/processed/exercises/RSA1_D_E08.txt,20,F,UK,Political Science,2,Superior,"(También, ) [Además, ]",Substitution,Adverb,2G,Sentence combining,useful,4,0,0,1,0,0,0,1,1,0,1,0,0,1,1,0,1,1,0,1,5,4,1,new vocabulary,1,1,9.33,1,1,8.66,4,180
RSA1_D,./data/processed/exercises/RSA1_D_E14.txt,20,F,UK,Political Science,2,Superior,en mis (ensayos) [redacciones],Substitution,Noun,5E,Binary choice,useful,4,1,0,1,0,1,0,1,0,0,0,0,0,1,0,0,1,0,0,1,8.33,4,1,it raised my error awareness,0,0,9.33,1,1,8.66,4,180
RSA1_D,./data/processed/exercises/RSA1_D_E13.txt,20,F,UK,Political Science,2,Superior,cerca (a) [de] Escocia,Government,Preposition,"2L, 2F","Matching, reflection, binary choice",useful,4,0,0,1,0,0,1,1,0,0,1,1,1,1,1,0,1,0,1,1,6.67,4,1,new vocabulary,1,1,9.33,1,1,8.66,4,180
RSA1_D,./data/processed/exercises/RSA1_D_E06.txt,20,F,UK,Political Science,2,Superior,prioriza las buenas notas (a pesar de) [a costa de] la salud mental de los estudiantes,Government,Preposition,"2M, 5E","Translation, writing",useful,4,1,0,1,1,0,1,0,1,0,0,1,1,1,0,0,1,1,0,1,8.33,2,1,too difficult,1,1,9.33,1,1,8.66,4,180
RSA1_D,./data/processed/exercises/RSA1_D_E11.txt,20,F,UK,Political Science,2,Superior,aunque (yo) sé que es parte del proceso de aprendizaje,Pronoun,Pronoun,"2H, 2K, 5E","Error correction, rewriting, reflection",useful,4,0,0,0,0,0,1,1,1,0,1,1,1,1,1,1,1,1,1,1,9.28,3,1,a little unclear,1,1,9.33,1,1,8.66,4,180
RSA1_D,./data/processed/exercises/RSA1_D_E15.txt,20,F,UK,Political Science,2,Superior,pienso que (personas deberían) [la gente debería] tener acceso a más información,Substitution,Noun,"3B, 2K","Fill-in-the-blanks, writing",useful,4,1,0,1,0,0,1,0,0,0,1,0,0,1,1,1,1,0,1,1,10,4,1,new vocabulary,1,1,9.33,0,0,8.66,4,180
RSA1_D,./data/processed/exercises/RSA1_D_E10.txt,20,F,UK,Political Science,2,Superior,denunciar (al) [el] número del estafador / y encontrar [a] la persona responsable,Government,Preposition / Preposition,3B,Binary choice,useful,4,0,0,0,0,0,0,1,1,0,1,0,0,1,1,0,1,0,0,1,10,4,1,useful for revision,0,0,9.33,1,1,8.66,4,180
RSA1_D,./data/processed/exercises/RSA1_D_E07.txt,20,F,UK,Political Science,2,Superior,incompetentes (y) [e] inútiles,Substitution,Conjunctive phrase,3B,Fill-in-the-blanks,useful,4,0,0,1,0,0,0,1,1,0,1,0,0,1,1,1,1,0,0,1,10,4,1,useful for revision,1,1,9.33,1,0,8.66,4,180
RSA1_D,./data/processed/exercises/RSA1_D_E09.txt,20,F,UK,Political Science,2,Superior,(el índole) [la índole] / (todo) [toda] la evaluación / el fin de semana (pasada) [pasado] / videos (falsas) [falsos],Gender,Noun / Noun / Noun / Noun,1A,Fill-in-the-blanks,useful,4,1,0,0,0,0,0,1,1,0,0,0,1,1,0,0,0,0,0,1,10,3,1,already acquired,0,0,9.33,1,1,8.66,4,180
RSA1_D,./data/processed/exercises/RSA1_D_E05.txt,20,F,UK,Political Science,2,Superior,(numero) [número],Substitution,Noun,"2L, 2M, 5E","Matching, writing",useful,4,0,0,1,1,0,0,0,0,0,0,0,0,1,1,1,1,1,0,0,4,4,1,insightful,1,1,9.33,1,1,8.66,4,180
RSA1_D,./data/processed/exercises/RSA1_D_E03.txt,20,F,UK,Political Science,2,Superior,mi abuela (recibío) [recibió] / (pidiendole) [pidiéndole] / (indole) [índole] / (utíl) [útil] / (titulos) [títulos] / (utiles) [útiles] / (sólo) [solo],Creation,Verb / Verb / Noun / Adjective / Noun / Adjective / Adverb,5A,Accent placement exercise,useful,4,1,0,0,0,0,0,1,0,0,0,0,1,1,0,0,0,0,0,1,9.47,4,1,relevant,1,1,9.33,1,1,8.66,4,180
RSA1_D,./data/processed/exercises/RSA1_D_E12.txt,20,F,UK,Political Science,2,Superior,(comuncarle) [comunicarle] / (abula) [abuela] / (insuaron) [insinuaron],Creation,Verb / Noun / Verb,2H,"Error correction, writing",useful,4,1,0,0,0,0,0,0,0,0,0,1,1,1,1,1,0,1,0,0,5,3,1,too easy,1,1,9.33,1,1,8.66,4,180
RSA1_D,./data/processed/exercises/RSA1_D_E02.txt,20,F,UK,Political Science,2,Superior,con respecto [a] su respuesta,Government,Preposition,3B,Fill-in-the-blanks,useful,4,1,0,0,0,0,0,0,0,0,0,0,0,1,0,0,1,0,0,1,10,4,1,very useful,1,1,9.33,1,1,8.66,4,180
RSA1_D,./data/processed/exercises/RSA1_D_E04.txt,20,F,UK,Political Science,2,Superior,con (respeto) [respecto] a su respuesta,Substitution,Noun,"2F, 2M","Multiple choice, translation, reflection",useful,4,1,0,1,1,0,1,0,0,0,1,1,1,1,1,1,1,0,1,1,5,4,1,new vocabulary,1,1,9.33,1,1,8.66,4,180
RSA1_D,./data/processed/exercises/RSA1_D_E01.txt,20,F,UK,Political Science,2,Superior,me (dirigo) [dirijo] a usted,Creation,Verb,"3F, 5C","Example selection, definition creation, reading out loud",useful,4,1,0,0,0,0,1,0,1,0,0,1,1,1,1,1,0,0,1,1,10,3,1,new vocabulary,0,0,9.33,1,1,8.66,4,180
RBC1_D,./data/processed/exercises/RBC1_D_E03.txt,20,F,UK,Language and Literature,3,Superior,(cuando tenía entre 5 y 12 años) [de los 5 a los 12 años],Substitution,Preposition,"4B, 1C, 3B","Reflection, context creation, fill-in-the-blanks",it was required,3,1,0,1,0,0,1,0,1,0,1,0,0,1,1,0,1,0,1,1,7.5,3,1,new vocabulary,0,0,3.33,0,0,2.33,2.5,150
RBC1_D,./data/processed/exercises/RBC1_D_E12.txt,20,F,UK,Language and Literature,3,Superior,(ajustar) [fijar] metas,Substitution,Verb,"3A, 5D",Leave the odd one out,it was required,3,1,0,1,0,0,0,0,0,0,0,0,0,1,0,0,1,0,0,1,7.5,4,1,relevant and reflective,0,0,3.33,0,0,2.33,2.5,150
RBC1_D,./data/processed/exercises/RBC1_D_E14.txt,20,F,UK,Language and Literature,3,Superior,diría que en este momento (normalmente) [en general] puedo entender,Substitution,Adverb,"2K, 2G","Reflection, error correction",it was required,3,0,0,1,0,0,1,0,1,0,1,0,0,1,1,0,1,1,1,1,10,3,1,a little unclear,0,0,3.33,0,0,2.33,2.5,150
RBC1_D,./data/processed/exercises/RBC1_D_E11.txt,20,F,UK,Language and Literature,3,Superior,(un) [una] gran desventaja,Gender,Noun,1A,Fill-in-the-blanks,it was required,3,1,0,0,0,0,0,1,1,0,0,0,1,1,0,0,0,0,0,1,10,1,1,already acquired,1,1,3.33,1,1,2.33,2.5,150
RBC1_D,./data/processed/exercises/RBC1_D_E08.txt,20,F,UK,Language and Literature,3,Superior,aprender sobre cualquier cosa que (cualquiera) [uno] quiera,Pronoun,Pronoun,2M,Table based-translation,it was required,3,1,0,1,1,0,0,0,1,0,1,1,1,1,0,0,1,1,0,1,9.16,4,1,relevant,1,0,3.33,1,0,2.33,2.5,150
RBC1_D,./data/processed/exercises/RBC1_D_E13.txt,20,F,UK,Language and Literature,3,Superior,para (descubrir) [averiguar] el significado de las palabras,Substitution,Verb,"2L, 3B","Matching, fill-in-the-blanks",it was required,3,0,0,1,0,0,0,0,0,0,1,1,1,1,1,1,1,0,0,1,10,4,1,new vocabulary,0,0,3.33,0,0,2.33,2.5,150
RBC1_D,./data/processed/exercises/RBC1_D_E06.txt,20,F,UK,Language and Literature,3,Superior,cuando se trata de hablar (me congelo) [me quedo en blanco],Synthesis,Verb,"2M, 5E","Translation, writing",it was required,3,1,0,1,1,0,1,0,1,0,0,1,1,1,0,0,1,1,0,1,8.33,3,1,relevant,0,0,3.33,0,0,2.33,2.5,150
RBC1_D,./data/processed/exercises/RBC1_D_E09.txt,20,F,UK,Language and Literature,3,Superior,soy una jugadora de hockey de alto rendimiento (en casa) [en mi país],Substitution,Noun,"3I, 5E","Situation matching, reflection, writing",it was required,3,0,0,1,0,0,1,0,1,0,1,0,0,1,1,0,1,0,1,1,10,1,1,already acquired,0,0,3.33,0,0,2.33,2.5,150
RBC1_D,./data/processed/exercises/RBC1_D_E07.txt,20,F,UK,Language and Literature,3,Superior,"sin embargo, siempre [me] ha gustado",Pronoun,Verb,"4B, 1C","Reflection, context creation",it was required,3,1,0,1,0,0,1,0,1,0,1,0,0,1,1,0,1,0,1,1,10,4,1,relevant,1,1,3.33,0,0,2.33,2.5,150
RBC1_D,./data/processed/exercises/RBC1_D_E02.txt,20,F,UK,Language and Literature,3,Superior,la autenticación (en dos factores) [de doble factor],Substitution,Adjective,"2L, 2M","Picture-based matching, reflection, translation",it was required,3,1,0,1,1,0,1,0,0,1,1,1,1,1,1,0,1,0,1,1,6.67,2,1,it focused more on critical thinking than linguistic skills,0,0,3.33,1,1,2.33,2.5,150
RBC1_D,./data/processed/exercises/RBC1_D_E10.txt,20,F,UK,Language and Literature,3,Superior,"el logotipo del banco, el diseño y hasta la dirección del remitente (parecía) [parecían] auténticos",Number,Noun,5E,Multiple choice,it was required,3,1,0,0,0,0,0,0,0,0,1,0,0,1,0,0,1,0,0,1,10,2,1,confusing,1,1,3.33,0,0,2.33,2.5,150
RBC1_D,./data/processed/exercises/RBC1_D_E04.txt,20,F,UK,Language and Literature,3,Superior,era lo (suficiente) [suficientemente] urgente,Substitution,Adverb,5E,Multiple choice,it was required,3,1,0,1,0,0,1,0,0,0,0,0,0,1,1,1,1,0,0,1,10,3,1,it raised my error awareness,1,1,3.33,0,0,2.33,2.5,150
RBC1_D,./data/processed/exercises/RBC1_D_E05.txt,20,F,UK,Language and Literature,3,Superior,"ya que he cumplido con todas las condiciones de la compra [, pero] ustedes no han entregado el producto conforme a lo acordado",Ellipsis,Conjunctive phrase,2G,Rewriting,it was required,3,1,0,0,0,0,0,0,1,0,0,1,1,1,0,0,0,1,0,1,10,4,1,helpful even for my L1,1,0,3.33,1,0,2.33,2.5,150
RBC1_D,./data/processed/exercises/RBC1_D_E01.txt,20,F,UK,Language and Literature,3,Superior,el (monto total) [importe íntegro] pagado,Substitution,Noun,"2A, 2M","Vocabulary extraction, translation",it was required,3,1,0,0,1,0,0,0,0,0,0,0,0,1,0,0,0,0,0,1,9.5,2,1,too long,0,0,3.33,0,0,2.33,2.5,150
RBC1_D,./data/processed/exercises/RBC1_D_E15.txt,20,F,UK,Language and Literature,3,Superior,me he visto (afectado) [afectada] / me veré (obligado) [obligada] a proceder / estoy muy (emocionado) [emocionada] / soy (un jugador) [una jugadora],Gender,Noun / Noun / Noun / Noun,2N,"Error correction, rewriting, reflection",to learn and work on recurrent mistakes,3,1,0,0,0,0,1,0,0,0,1,1,1,1,1,1,1,0,1,1,9,4,1,useful,1,1,3.33,1,1,2.33,2.5,150
RBD1_D,./data/processed/exercises/RBD1_D_E07.txt,20,F,UK,Economics,2,Superior,después de (intercambiando) [intercambiarnos] mensajes,Substitution,Verb,"2G, 2I","Error correction, writing",it was required,3,0,0,1,0,0,0,1,1,0,1,1,1,1,0,0,1,1,0,0,6.5,4,1,very useful,1,1,5,1,1,6,3,180
RBD1_D,./data/processed/exercises/RBD1_D_E08.txt,20,F,UK,Economics,2,Superior,hay elementos (extras) [extra] como un narrador,Number,Adjective,3B,Fill-in-the-blanks,it was required,3,1,0,0,0,0,0,0,1,0,1,1,1,1,0,0,1,0,0,1,0,2,1,already acquired,0,0,5,1,1,6,3,180
RBD1_D,./data/processed/exercises/RBD1_D_E09.txt,20,F,UK,Economics,2,Superior,la IA (reduce cuánto se está aprendiendo) [dificulta el aprendizaje],Substitution,Verb,"2M, 5E","Translation, writing",it was required,3,1,0,1,1,0,1,0,1,0,0,1,1,1,0,0,1,1,0,1,4.16,4,1,very useful,0,0,5,0,0,6,3,180
RBD1_D,./data/processed/exercises/RBD1_D_E02.txt,20,F,UK,Economics,2,Superior,ser (un) [una] trampa,Gender,Noun,1A,Fill-in-the-blanks,it was required,3,1,0,0,0,0,0,1,1,0,0,0,1,1,0,0,0,0,0,1,9,3,1,useful for revision,1,1,5,1,1,6,3,180
RBD1_D,./data/processed/exercises/RBD1_D_E15.txt,20,F,UK,Economics,2,Superior,tomaos un poco más [de] tiempo para,Government,Preposition,2K,"Reflection, writing",it was required,3,1,0,1,0,0,1,0,1,0,1,0,0,1,1,1,1,0,1,1,10,4,1,challenging and very useful,0,0,5,1,1,6,3,180
RBD1_D,./data/processed/exercises/RBD1_D_E04.txt,20,F,UK,Economics,2,Superior,(edicion) [edición] / (tomense) [tómense],Creation,Noun / Verb,5A,Accent placement exercise,it was required,3,1,0,0,0,0,0,1,0,0,0,0,1,1,0,0,0,0,0,1,7.5,3,1,useful for revision,1,1,5,1,1,6,3,180
RBD1_D,./data/processed/exercises/RBD1_D_E01.txt,20,F,UK,Economics,2,Superior,aseguraos vosotros mismos de que es una página real y (tómense) [tomaos] un poco más de tiempo,Substitution,Verb,"2N, 2G","Rewriting, reflection",it was required,3,1,0,1,0,0,1,0,0,0,1,1,1,1,1,1,1,0,1,1,6.67,2,1,already acquired,0,0,5,0,0,6,3,180
RBD1_D,./data/processed/exercises/RBD1_D_E10.txt,20,F,UK,Economics,2,Superior,requiero que se me reembolse la cantidad pagada o (por otro lado) [en su defecto] recibir las zapatillas que ya he pagado,Substitution,Adverb,3B,Fill-in-the-blanks,it was required,3,1,0,0,0,0,0,0,0,0,0,0,0,1,0,0,1,0,0,1,8.33,3,1,useful for revision,0,0,5,0,0,6,3,180
RBD1_D,./data/processed/exercises/RBD1_D_E13.txt,20,F,UK,Economics,2,Superior,tipos de (engaños) [engaño],Number,Noun,"1D, 5E","Sentence combining, reflection",it was required,3,1,0,1,0,0,1,0,1,0,1,0,0,1,0,0,1,1,1,0,5,4,1,very useful,1,1,5,1,1,6,3,180
RBD1_D,./data/processed/exercises/RBD1_D_E12.txt,20,F,UK,Economics,2,Superior,(estes) [estos] tipos de engaño,Creation,Adjective,3B,Fill-in-the-blanks,it was required,3,0,0,1,0,0,0,1,0,0,1,0,0,1,1,1,1,0,0,1,7.27,4,1,very useful,1,1,5,1,1,6,3,180
RBD1_D,./data/processed/exercises/RBD1_D_E06.txt,20,F,UK,Economics,2,Superior,lo que confirma que (yo) he sido una víctima,Pronoun,Pronoun,"2H, 2K, 5E","Error correction, rewriting, reflection",it was required,3,0,0,0,0,0,1,1,1,0,1,1,1,1,1,1,1,1,1,0,5.71,2,1,already acquired,0,0,5,1,1,6,3,180
RBD1_D,./data/processed/exercises/RBD1_D_E05.txt,20,F,UK,Economics,2,Superior,(el) [él] me aseguró que las zapatillas eran nuevas / (pagina) [página] / (esta) [está],Substitution,Pronoun / Verb / Verb,"2L, 2M, 5E","Matching, writing",it was required,3,0,0,1,1,0,0,0,0,0,0,0,0,1,1,1,1,1,0,1,9,3,1,useful for revision,1,1,5,1,1,6,3,180
RBD1_D,./data/processed/exercises/RBD1_D_E11.txt,20,F,UK,Economics,2,Superior,decidí contactar (el) [al] vendedor,Government,Preposition,3B,Binary choice,it was required,3,0,0,0,0,0,0,1,1,0,1,0,0,1,1,0,1,0,0,1,10,3,1,useful for revision,1,1,5,0,0,6,3,180
RBD1_D,./data/processed/exercises/RBD1_D_E14.txt,20,F,UK,Economics,2,Superior,por un precio inferior [al] que se suele ofrecer,Government,Preposition,3B,Multiple choice,it was required,3,1,0,1,0,0,0,0,0,0,0,0,0,1,1,1,1,0,0,1,5,2,1,already acquired,1,0,5,0,0,6,3,180
RBD1_D,./data/processed/exercises/RBD1_D_E03.txt,20,F,UK,Economics,2,Superior,la ayuda (de) [en] esta situación,Government,Preposition,5E,Multiple choice,it was required,3,1,0,1,0,0,0,0,0,0,0,0,0,1,1,1,1,0,0,1,6.67,2,1,too difficult,0,0,5,0,0,6,3,180
RKD1_D,./data/processed/exercises/RKD1_D_E10.txt,21,F,Russia,Education,3,Superior,curso (los estudios en) [el grado en lingüística de] la Universidad Estatal de Moscú (obteniendo el grado en lingüística),Analysis,Noun,"2A, 2M","Vocabulary extraction, translation",to increase my error awareness and improve my Spanish,4,1,0,0,1,0,0,0,0,0,0,0,0,1,0,0,0,0,0,1,3.75,1,1,too easy,0,0,5.33,1,1,6.66,3,300
RKD1_D,./data/processed/exercises/RKD1_D_E09.txt,21,F,Russia,Education,3,Superior,datos falsos que uno no va a (chaquear) [chequear],Creation,Verb,2H,"Error correction, writing",to increase my error awareness and improve my Spanish,4,1,0,0,0,0,0,0,0,0,0,1,1,1,1,1,0,1,0,1,8.33,4,1,very useful,1,1,5.33,1,1,6.66,3,300
RKD1_D,./data/processed/exercises/RKD1_D_E07.txt,21,F,Russia,Education,3,Superior,estoy escribiendo mi tesis (relacionado) [relacionada] con el tema,Gender,Noun,1A,Fill-in-the-blanks,to increase my error awareness and improve my Spanish,4,1,0,0,0,0,0,1,1,0,0,0,1,1,0,0,0,0,0,1,10,1,1,not useful,1,1,5.33,0,0,6.66,3,300
RKD1_D,./data/processed/exercises/RKD1_D_E08.txt,21,F,Russia,Education,3,Superior,obtener una nueva visión (al) [del] proceso de aprendizaje,Government,Preposition,5E,Multiple choice,to increase my error awareness and improve my Spanish,4,1,0,1,0,0,0,0,0,0,0,0,0,1,1,1,1,0,0,1,8.12,2,1,confusing,0,0,5.33,0,0,6.66,3,300
RKD1_D,./data/processed/exercises/RKD1_D_E05.txt,21,F,Russia,Education,3,Superior,es importante (como) [tanto] para los estudiantes como para los profesores,Substitution,Conjunctive phrase,5E,"Binary choice, reorder",to increase my error awareness and improve my Spanish,4,0,0,0,0,0,0,1,1,0,1,0,0,1,1,0,1,1,0,1,5,3,1,useful for revision,1,1,5.33,1,1,6.66,3,300
RKD1_D,./data/processed/exercises/RKD1_D_E04.txt,21,F,Russia,Education,3,Superior,(partes) [puntos] débiles,Substitution,Noun,"2H, 2G","Error correction, rewriting",to increase my error awareness and improve my Spanish,4,1,0,1,0,0,0,0,0,0,1,1,1,1,1,0,1,1,0,1,9,3,1,it made me think,1,1,5.33,1,0,6.66,3,300
RKD1_D,./data/processed/exercises/RKD1_D_E11.txt,21,F,Russia,Education,3,Superior,(asignar) [señalar] puntos débiles,Substitution,Verb,"3A, 5D",Leave the odd one out,to increase my error awareness and improve my Spanish,4,1,0,1,0,0,0,0,0,0,0,0,0,1,0,0,1,0,0,1,7.5,2,1,confusing,0,0,5.33,0,0,6.66,3,300
RKD1_D,./data/processed/exercises/RKD1_D_E15.txt,21,F,Russia,Education,3,Superior,entender (que) [qué] hay que mejorar,Substitution,Pronoun,"4B, 1C","Reflection, context creation",to increase my error awareness and improve my Spanish,4,1,0,1,0,0,1,0,1,0,1,0,0,1,1,0,1,0,1,0,3.75,1,1,confusing,0,0,5.33,0,0,6.66,3,300
RKD1_D,./data/processed/exercises/RKD1_D_E12.txt,21,F,Russia,Education,3,Superior,fingiendo ser (mí) [yo],Pronoun,Pronoun,"2M, 5E","Translation, writing",to increase my error awareness and improve my Spanish,4,1,0,1,1,0,1,0,1,0,0,1,1,1,0,0,1,1,0,1,8.33,1,0,confusing,1,1,5.33,1,1,6.66,3,300
RKD1_D,./data/processed/exercises/RKD1_D_E14.txt,21,F,Russia,Education,3,Superior,tuve que reestablecer la contraseña para (devolverlo) [recuperarlo],Substitution,Verb,"2L, 3B","Matching, fill-in-the-blanks",to increase my error awareness and improve my Spanish,4,0,0,1,0,0,0,0,0,0,1,1,1,1,1,1,1,0,0,1,7,3,1,new vocabulary,0,0,5.33,1,1,6.66,3,300
RKD1_D,./data/processed/exercises/RKD1_D_E01.txt,21,F,Russia,Education,3,Superior,(mi) [mí],Substitution,Pronoun,"2L, 2M, 5E","Matching, writing",to increase my error awareness and improve my Spanish,4,0,0,1,1,0,0,0,0,0,0,0,0,1,1,1,1,1,0,1,10,2,1,not relevant,0,0,5.33,0,0,6.66,3,300
RKD1_D,./data/processed/exercises/RKD1_D_E02.txt,21,F,Russia,Education,3,Superior,y (pretendieron) [fingieron] ser yo,Substitution,Verb,5E,Binary choice,to increase my error awareness and improve my Spanish,4,1,0,1,0,1,0,1,0,0,0,0,0,1,0,0,1,0,0,1,10,3,1,interesting,1,1,5.33,0,0,6.66,3,300
RKD1_D,./data/processed/exercises/RKD1_D_E13.txt,21,F,Russia,Education,3,Superior,sacar provecho de las (maldades) [bondades] de la gente,Substitution,Noun,5D,Error correction,to increase my error awareness and improve my Spanish,4,1,0,1,0,0,0,0,1,0,1,1,1,1,0,0,1,0,0,1,9.37,2,1,weird sentences,1,1,5.33,1,1,6.66,3,300
RKD1_D,./data/processed/exercises/RKD1_D_E03.txt,21,F,Russia,Education,3,Superior,han aparecido (nuevo tipo de estafas) [nuevos tipos de estafa],Number,Noun,"1D, 5E","Sentence combining, reflection",to increase my error awareness and improve my Spanish,4,1,0,1,0,0,1,0,1,0,1,0,0,1,0,0,1,1,1,1,6.67,2,1,already acquired,0,0,5.33,1,1,6.66,3,300
RKD1_D,./data/processed/exercises/RKD1_D_E06.txt,21,F,Russia,Education,3,Superior,(y) [e] imagínense,Substitution,Conjunctive phrase,3B,Fill-in-the-blanks,to increase my error awareness and improve my Spanish,4,0,0,1,0,0,0,1,1,0,1,0,0,1,1,1,1,0,0,1,8.88,1,1,too easy,0,0,5.33,1,1,6.66,3,300
RBE1_D,./data/processed/exercises/RBE1_D_E10.txt,20,F,Russia,Language and Literature,3,Superior,(usando) [poniendo] el material en práctica,Substitution,Verb,"5A, 2M","Classification, translation",to learn from my mistakes,4,1,0,1,1,0,0,0,0,0,1,0,1,1,1,1,1,0,0,1,9.33,2,1,too easy,1,1,3.66,1,1,6.33,3,180
RBE1_D,./data/processed/exercises/RBE1_D_E09.txt,20,F,Russia,Language and Literature,3,Superior,ambas personas (son en el) [están al] mismo nivel,Substitution,Verb,2F,"Binary choice, reflection",to learn from my mistakes,4,1,0,1,0,0,1,0,0,0,1,0,1,1,1,0,1,0,1,1,10,4,1,interesting,1,1,3.66,1,1,6.33,3,180
RBE1_D,./data/processed/exercises/RBE1_D_E08.txt,20,F,Russia,Language and Literature,3,Superior,para (hacer) [sacar] una conclusión sobre su calidad,Substitution,Verb,"3A, 5D",Leave the odd one out,to learn from my mistakes,4,1,0,1,0,0,0,0,0,0,0,0,0,1,0,0,1,0,0,1,7.5,3,1,interesting,0,0,3.66,0,0,6.33,3,180
RBE1_D,./data/processed/exercises/RBE1_D_E11.txt,20,F,Russia,Language and Literature,3,Superior,para (obtener el seguro) [ir sobre seguro],Substitution,Verb,"2L, 3B","Matching, fill-in-the-blanks",to learn from my mistakes,4,0,0,1,0,0,0,0,0,0,1,1,1,1,1,1,1,0,0,1,9.5,2,1,too easy,1,1,3.66,1,1,6.33,3,180
RBE1_D,./data/processed/exercises/RBE1_D_E14.txt,20,F,Russia,Language and Literature,3,Superior,para (estar de moda) [ir a la moda],Substitution,Verb,2M,Translation,to learn from my mistakes,4,1,0,1,1,0,0,0,0,0,0,0,0,1,0,0,0,0,0,1,8.57,1,1,too easy,0,0,3.66,0,0,6.33,3,180
RBE1_D,./data/processed/exercises/RBE1_D_E15.txt,20,F,Russia,Language and Literature,3,Superior,una estafa que (ocurrió conmigo) [me ocurrió],Pronoun,Verb,"4B, 1C","Reflection, context creation",to learn from my mistakes,4,1,0,1,0,0,1,0,1,0,1,0,0,1,1,0,1,0,1,1,4,1,1,a little unclear,0,0,3.66,0,0,6.33,3,180
RBE1_D,./data/processed/exercises/RBE1_D_E12.txt,20,F,Russia,Language and Literature,3,Superior,la aparición de unas (copias) [réplicas] de páginas web,Substitution,Noun,2F,"Multiple choice, reflection",to learn from my mistakes,4,1,0,1,0,0,1,0,0,0,1,0,0,1,1,0,1,0,1,1,8.33,3,1,new vocabulary,0,0,3.66,0,0,6.33,3,180
RBE1_D,./data/processed/exercises/RBE1_D_E13.txt,20,F,Russia,Language and Literature,3,Superior,la autenticidad (del recurso) [de la página web],Substitution,Noun,"2A, 2M","Vocabulary extraction, translation",to learn from my mistakes,4,1,0,0,1,0,0,0,0,0,0,0,0,1,0,0,0,0,0,1,10,1,1,did not understand the purpose,0,0,3.66,1,1,6.33,3,180
RBE1_D,./data/processed/exercises/RBE1_D_E01.txt,20,F,Russia,Language and Literature,3,Superior,verifiqué la (originalidad) [autenticidad] de la página web,Substitution,Noun,"2L, 5E","Picture-based matching, reflection",to learn from my mistakes,4,1,0,1,0,0,1,0,0,1,1,0,0,1,1,0,1,0,1,1,8.75,2,1,did not understand the purpose,0,0,3.66,1,1,6.33,3,180
RBE1_D,./data/processed/exercises/RBE1_D_E06.txt,20,F,Russia,Language and Literature,3,Superior,(verifié) [verifiqué],Creation,Verb,"2M, 3D","Reflection, instantiation, writing",to learn from my mistakes,4,1,0,0,0,1,1,0,1,0,0,1,1,1,0,0,0,0,1,1,9.5,1,1,did not understand the purpose,0,0,3.66,1,1,6.33,3,180
RBE1_D,./data/processed/exercises/RBE1_D_E07.txt,20,F,Russia,Language and Literature,3,Superior,para que se (de) [dé] cuenta de que / para (mi) [mí],Substitution,Verb / Pronoun,"2L, 2M, 5E","Matching, writing",to learn from my mistakes,4,0,0,1,1,0,0,0,0,0,0,0,0,1,1,1,1,1,0,1,10,3,1,interesting,0,0,3.66,1,1,6.33,3,180
RBE1_D,./data/processed/exercises/RBE1_D_E02.txt,20,F,Russia,Language and Literature,3,Superior,olvidarse de tomar precauciones ante estafas y (su sesgo) [los factores que influyen en su percepción],Synthesis,Noun,"2M, 5E","Translation, writing",to learn from my mistakes,4,1,0,1,1,0,1,0,1,0,0,1,1,1,0,0,1,1,0,1,8.33,2,1,too easy,0,0,3.66,1,0,6.33,3,180
RBE1_D,./data/processed/exercises/RBE1_D_E04.txt,20,F,Russia,Language and Literature,3,Superior,precauciones (sobre) [ante] estafas,Government,Preposition,5E,Multiple choice,to learn from my mistakes,4,1,0,1,0,0,0,0,0,0,0,0,0,1,1,1,1,0,0,1,10,3,1,useful,0,0,3.66,0,0,6.33,3,180
RBE1_D,./data/processed/exercises/RBE1_D_E05.txt,20,F,Russia,Language and Literature,3,Superior,les hace (olvidar) [olvidarse] de tomar precauciones,Pronoun,Verb,2K,Reflection,to learn from my mistakes,4,1,0,1,0,0,1,0,1,0,1,0,0,1,1,0,1,0,1,1,9,4,1,new vocabulary,0,0,3.66,0,0,6.33,3,180
RBE1_D,./data/processed/exercises/RBE1_D_E03.txt,20,F,Russia,Language and Literature,3,Superior,con (respeto) [respecto] a,Substitution,Noun,"2F, 2M","Multiple choice, translation, reflection",to learn from my mistakes,4,1,0,1,1,0,1,0,0,0,1,1,1,1,1,1,1,0,1,1,10,3,1,useful,1,1,3.66,1,1,6.33,3,180
FTE1_D,./data/processed/exercises/FTE1_D_E01.txt,21,F,France,Language and Literature,3,Superior,me permite (tener) [encontrar] más información,Substitution,Verb,3B,Binary choice,because I am aware I need to practice a lot,4,0,1,1,0,0,0,1,0,0,1,0,0,1,1,0,1,0,0,1,10,4,1,new vocabulary,0,0,0,0,0,5.33,4,150
FTE1_D,./data/processed/exercises/FTE1_D_E13.txt,21,F,France,Language and Literature,3,Superior,practicar (hablar) [la interacción oral] con nativos,Synthesis,Noun,3D,Continue a sequence,because I am aware I need to practice a lot,4,1,1,0,0,0,0,0,1,0,0,1,1,1,1,0,0,0,0,0,0,4,1,new vocabulary,0,0,0,1,1,5.33,4,150
FTE1_D,./data/processed/exercises/FTE1_D_E10.txt,21,F,France,Language and Literature,3,Superior,"sin embargo, (abriendo) [al abrir] el paquete",Substitution,Adverb,"2G, 2I","Error correction, writing",because I am aware I need to practice a lot,4,0,1,1,0,0,0,1,1,0,1,1,1,1,0,0,1,1,0,0,0,4,1,very useful,0,0,0,0,0,5.33,4,150
FTE1_D,./data/processed/exercises/FTE1_D_E14.txt,21,F,France,Language and Literature,3,Superior,1299€ [se] fueron al bolsillo de otra persona,Pronoun,Verb,2K,Reflection,because I am aware I need to practice a lot,4,1,1,1,0,0,1,0,1,0,1,0,0,1,1,0,1,0,1,0,0,4,1,very useful,0,0,0,0,0,5.33,4,150
FTE1_D,./data/processed/exercises/FTE1_D_E11.txt,21,F,France,Language and Literature,3,Superior,(presenté) [interpuse] una denuncia,Substitution,Verb,5F,"Scale of intensity, reflection",because I am aware I need to practice a lot,4,1,1,1,0,0,1,0,0,0,0,0,0,1,1,0,1,0,1,0,0,4,1,very useful,0,0,0,0,0,5.33,4,150
FTE1_D,./data/processed/exercises/FTE1_D_E12.txt,21,F,France,Language and Literature,3,Superior,me permite tener (más informaciones) [más información],Number,Noun,5E,Binary choice,because I am aware I need to practice a lot,4,1,1,1,0,0,0,0,0,0,0,0,0,1,0,0,1,0,0,1,8.88,3,1,useful for revision,0,0,0,1,1,5.33,4,150
FTE1_D,./data/processed/exercises/FTE1_D_E07.txt,21,F,France,Language and Literature,3,Superior,acalarar [lo] que no he comprendido,Pronoun,Pronoun,2G,Sentence combining,because I am aware I need to practice a lot,4,1,1,1,0,0,0,0,1,0,1,0,0,1,1,0,1,1,0,1,8,4,1,relevant,0,0,0,1,1,5.33,4,150
FTE1_D,./data/processed/exercises/FTE1_D_E08.txt,21,F,France,Language and Literature,3,Superior,(linguisticas) [lingüísticas],Creation,Adjective,2D,"Fill-in-the-blanks, reflection",because I am aware I need to practice a lot,4,1,1,0,0,0,1,1,0,0,0,0,0,1,0,0,0,0,0,0,0,3,1,useful,0,0,0,1,1,5.33,4,150
FTE1_D,./data/processed/exercises/FTE1_D_E03.txt,21,F,France,Language and Literature,3,Superior,"su servicio al cliente, (quien ayudó a nadie) [que no ayudó a nadie]",Ellipsis,Adverb,2G,Rewriting,because I am aware I need to practice a lot,4,1,1,0,1,0,0,0,1,0,0,1,1,1,0,0,0,1,0,0,0,4,1,promotes idiomaticity,0,0,0,0,0,5.33,4,150
FTE1_D,./data/processed/exercises/FTE1_D_E15.txt,21,F,France,Language and Literature,3,Superior,servicio [al] cliente,Government,Preposition,5E,Multiple choice,because I am aware I need to practice a lot,4,1,1,1,0,0,0,0,0,0,0,0,0,1,1,1,1,0,0,1,10,4,1,useful for revision,0,0,0,1,0,5.33,4,150
FTE1_D,./data/processed/exercises/FTE1_D_E06.txt,21,F,France,Language and Literature,3,Superior,contacté tantas veces [a] su servicio / contacté [a] una asociación de consumidores,Government,Preposition / Preposition,3B,Binary choice,because I am aware I need to practice a lot,4,0,1,0,0,0,0,1,1,0,1,0,0,1,1,0,1,0,0,1,8.75,4,1,very useful,0,0,0,1,1,5.33,4,150
FTE1_D,./data/processed/exercises/FTE1_D_E05.txt,21,F,France,Language and Literature,3,Superior,(ademas) [además] / (inglès) [inglés],Creation,Adverb / Adjective,5A,Accent placement exercise,because I am aware I need to practice a lot,4,1,1,0,0,0,0,1,0,0,0,0,1,1,0,0,0,0,0,0,0,4,1,very useful,0,0,0,1,1,5.33,4,150
FTE1_D,./data/processed/exercises/FTE1_D_E02.txt,21,F,France,Language and Literature,3,Superior,(que) [qué] buena broma,Substitution,Pronoun,"4B, 1C","Reflection, context creation",because I am aware I need to practice a lot,4,1,1,1,0,0,1,0,1,0,1,0,0,1,1,0,1,0,1,0,0,4,1,very useful,0,0,0,0,0,5.33,4,150
FTE1_D,./data/processed/exercises/FTE1_D_E09.txt,21,F,France,Language and Literature,3,Superior,"descubrí, (al) [en] lugar del producto, tres manzanas",Government,Preposition,3B,Fill-in-the-blanks,because I am aware I need to practice a lot,4,1,1,0,0,0,0,0,0,0,0,0,0,1,0,0,1,0,0,1,7.14,3,1,useful for revision,0,0,0,1,1,5.33,4,150
FTE1_D,./data/processed/exercises/FTE1_D_E04.txt,21,F,France,Language and Literature,3,Superior,un pedido realizado en su sitio [web],Ellipsis,Adjective,"2A, 2M","Vocabulary extraction, translation",because I am aware I need to practice a lot,4,1,1,0,1,0,0,0,0,0,0,0,0,1,0,0,0,0,0,0,4.33,4,1,new vocabulary,0,0,0,1,1,5.33,4,150
BGE1_D,./data/processed/exercises/BGE1_D_E06.txt,21,F,Belgium,Language and Literature,3,Superior,escuchando e imitando [a] hablantes nativos,Government,Preposition,3B,Binary choice,to increase my error awareness and improve my Spanish,3,0,1,0,0,0,0,1,1,0,1,0,0,1,1,0,1,0,0,1,10,2,1,already acquired,0,0,8,0,0,6.33,2,120
BGE1_D,./data/processed/exercises/BGE1_D_E08.txt,21,F,Belgium,Language and Literature,3,Superior,cometer errores (sólo) [solo] es beneficioso,Creation,Adverb,5A,Accent placement exercise,to increase my error awareness and improve my Spanish,3,1,1,0,0,0,0,1,0,0,0,0,1,1,0,0,0,0,0,1,9.74,4,1,useful explanation,0,0,8,0,0,6.33,2,120
BGE1_D,./data/processed/exercises/BGE1_D_E11.txt,21,F,Belgium,Language and Literature,3,Superior,beneficioso (por) [para] el proceso de aprendizaje,Government,Preposition,2K,"Reflection, writing",to increase my error awareness and improve my Spanish,3,1,1,1,0,0,1,0,1,0,1,0,0,1,1,0,1,0,1,1,10,4,1,new vocabulary,1,1,8,1,1,6.33,2,120
BGE1_D,./data/processed/exercises/BGE1_D_E09.txt,21,F,Belgium,Language and Literature,3,Superior,cometer errores solo es (beneficial) [beneficioso],Substitution,Adjective,5E,Binary choice,to increase my error awareness and improve my Spanish,3,1,1,1,0,1,0,1,0,0,0,0,0,1,0,0,1,0,0,1,10,3,1,too easy,1,1,8,1,1,6.33,2,120
BGE1_D,./data/processed/exercises/BGE1_D_E15.txt,21,F,Belgium,Language and Literature,3,Superior,presión (de rendimiento) [para rendir],Substitution,Preposition,"2A, 2M","Vocabulary extraction, translation",to increase my error awareness and improve my Spanish,3,1,1,0,1,0,0,0,0,0,0,0,0,1,0,0,0,0,0,1,10,2,1,too easy,1,1,8,1,1,6.33,2,120
BGE1_D,./data/processed/exercises/BGE1_D_E03.txt,21,F,Belgium,Language and Literature,3,Superior,entonces (se) ponen mucho énfasis en lo escrito,Pronoun,Verb,2K,"Reflection, writing",to increase my error awareness and improve my Spanish,3,0,1,1,0,0,1,0,1,0,1,0,0,1,1,0,1,0,1,1,10,2,1,not useful,1,1,8,0,0,6.33,2,120
BGE1_D,./data/processed/exercises/BGE1_D_E10.txt,21,F,Belgium,Language and Literature,3,Superior,las formas más idiomáticas (para) [de] expresarse / tengo miedo (para) [de] cometer errores,Government,Preposition / Preposition,5E,Multiple choice,to increase my error awareness and improve my Spanish,3,1,1,1,0,0,0,0,0,0,0,0,0,1,1,1,1,0,0,1,9,4,1,challenging and very useful,1,1,8,1,1,6.33,2,120
BGE1_D,./data/processed/exercises/BGE1_D_E07.txt,21,F,Belgium,Language and Literature,3,Superior,que yo (mismo) [misma] no habría advertido,Gender,Noun,2N,"Error correction, rewriting, reflection",to increase my error awareness and improve my Spanish,3,1,1,1,0,0,1,0,0,0,1,1,1,1,1,1,1,0,1,1,10,2,1,too easy,1,1,8,0,0,6.33,2,120
BGE1_D,./data/processed/exercises/BGE1_D_E13.txt,21,F,Belgium,Language and Literature,3,Superior,"hay (""peer"" evaluación) [revisión por pares]",Creation,Noun,2G,Rewriting,to increase my error awareness and improve my Spanish,3,1,1,0,1,0,0,0,0,0,0,1,1,1,0,0,0,1,0,1,10,4,1,it raised my error awareness,1,1,8,1,1,6.33,2,120
BGE1_D,./data/processed/exercises/BGE1_D_E12.txt,21,F,Belgium,Language and Literature,3,Superior,"esa persona vuelve a (dar) [generar] un ""output""",Substitution,Verb,"3A, 5D",Leave the odd one out,to increase my error awareness and improve my Spanish,3,1,1,1,0,0,0,0,0,0,0,0,0,1,0,0,1,0,0,1,7.5,4,1,it raised my error awareness,1,1,8,1,1,6.33,2,120
BGE1_D,./data/processed/exercises/BGE1_D_E04.txt,21,F,Belgium,Language and Literature,3,Superior,"las diferentes producciones (u) [o] ""outputs""",Substitution,Conjunctive phrase,3B,Fill-in-the-blanks,to increase my error awareness and improve my Spanish,3,0,1,1,0,0,0,1,1,0,1,0,0,1,1,1,1,0,0,1,10,3,1,useful for revision,0,0,8,0,0,6.33,2,120
BGE1_D,./data/processed/exercises/BGE1_D_E02.txt,21,F,Belgium,Language and Literature,3,Superior,"no se trataba de un mensaje de CardStop, sino de un (bulo) [intento de estafa]",Substitution,Noun,"2L, 3B","Matching, fill-in-the-blanks",to increase my error awareness and improve my Spanish,3,0,1,1,0,0,0,0,0,0,1,1,1,1,1,1,1,0,0,1,6,4,1,new vocabulary,1,1,8,1,1,6.33,2,120
BGE1_D,./data/processed/exercises/BGE1_D_E14.txt,21,F,Belgium,Language and Literature,3,Superior,dudaron (para decidirse a) [sobre si] llamar,Government,Preposition,"3H, 5E","Table-based collocation combining, writing",to increase my error awareness and improve my Spanish,3,1,1,1,0,0,0,0,0,0,0,0,0,1,1,1,1,1,0,1,8.28,4,1,challenging and very useful,1,1,8,1,1,6.33,2,120
BGE1_D,./data/processed/exercises/BGE1_D_E05.txt,21,F,Belgium,Language and Literature,3,Superior,(las máquinas de traducción) [la traducción automática] también (pueden) [puede] ser muy útil a veces,Substitution,Noun,"2M, 5E","Translation, writing",to increase my error awareness and improve my Spanish,3,1,1,1,1,0,1,0,1,0,0,1,1,1,0,0,1,1,0,1,10,4,1,relevant,1,1,8,1,0,6.33,2,120
BGE1_D,./data/processed/exercises/BGE1_D_E01.txt,21,F,Belgium,Language and Literature,3,Superior,solo uso la IA como punto de (partido) [partida],Gender,Noun,2F,"Binary choice, reflection, writing",to increase my error awareness and improve my Spanish,3,1,1,1,0,0,1,0,0,0,0,0,1,1,0,0,1,1,1,1,9.5,3,1,useful for revision,1,1,8,1,1,6.33,2,120
RME1_D,./data/processed/exercises/RME1_D_E07.txt,21,F,UK,Language and Literature,2,Superior,"no iban a hacer nada para resolver el asunto, (o) [ni] por mí, (o) [ni] por la otra gente",Substitution,Conjunctive phrase,3B,Fill-in-the-blanks,personalized learning is a great opportunity,3,0,1,1,0,0,0,1,1,0,1,0,0,1,1,1,1,0,0,1,9,4,1,relevant,1,1,6,1,1,9,3,180
RME1_D,./data/processed/exercises/RME1_D_E06.txt,21,F,UK,Language and Literature,2,Superior,"no iban a hacer nada para resolver el asunto, ni (para) [por] mí, ni (para) [por] la otra gente",Government,Preposition,2K,"Reflection, writing",personalized learning is a great opportunity,3,1,1,1,0,0,1,0,1,0,1,0,0,1,1,0,1,0,1,1,10,3,1,lack of explanation,0,0,6,1,1,9,3,180
RME1_D,./data/processed/exercises/RME1_D_E02.txt,21,F,UK,Language and Literature,2,Superior,que (al fin) [al final] me ha costado 200 euros,Substitution,Noun,"2G, 2I","Error correction, writing",personalized learning is a great opportunity,3,1,1,1,0,0,0,0,0,0,0,1,1,1,1,1,1,1,0,1,8.33,2,1,lack of explanation,1,1,6,1,1,9,3,180
RME1_D,./data/processed/exercises/RME1_D_E05.txt,21,F,UK,Language and Literature,2,Superior,después de contactar [a] mi banco,Government,Preposition,3B,Binary choice,personalized learning is a great opportunity,3,0,1,0,0,0,0,1,1,0,1,0,0,1,1,0,1,0,0,1,8.75,4,1,new vocabulary,1,1,6,1,1,9,3,180
RME1_D,./data/processed/exercises/RME1_D_E04.txt,21,F,UK,Language and Literature,2,Superior,vi (unas cargas extrañas) [unos cargos extraños] en mi cuenta bancaria,Gender,Noun,2F,"Binary choice, reflection, writing",personalized learning is a great opportunity,3,1,1,1,0,0,1,0,0,0,0,0,1,1,0,0,1,1,1,1,9.72,4,1,new vocabulary,0,0,6,1,1,9,3,180
RME1_D,./data/processed/exercises/RME1_D_E08.txt,21,F,UK,Language and Literature,2,Superior,para introducir (mis detalles) [mi información personal],Substitution,Noun,5E,Binary choice,personalized learning is a great opportunity,3,1,1,1,1,0,0,1,0,0,0,0,0,1,0,0,1,0,0,1,8.33,4,1,relevant,1,1,6,1,1,9,3,180
RME1_D,./data/processed/exercises/RME1_D_E09.txt,21,F,UK,Language and Literature,2,Superior,para (entrar) [introducir] mi información personal,Substitution,Verb,"3A, 5D",Leave the odd one out,personalized learning is a great opportunity,3,1,1,1,0,0,0,0,0,0,0,0,0,1,0,0,1,0,0,1,7.5,3,1,useful,0,0,6,1,1,9,3,180
RME1_D,./data/processed/exercises/RME1_D_E13.txt,21,F,UK,Language and Literature,2,Superior,para que sus clientes puedan continuar (a apoyar) [apoyando] su marca,Analysis,Preposition,2F,"Fill-in-the-blanks, reflection",personalized learning is a great opportunity,3,1,1,0,0,0,1,0,0,0,1,1,1,1,1,1,0,0,0,0,7.5,3,1,a little unclear,1,1,6,1,1,9,3,180
RME1_D,./data/processed/exercises/RME1_D_E01.txt,21,F,UK,Language and Literature,2,Superior,hacer clic en el enlace que me (trajera) [llevara] a otra plataforma,Substitution,Verb,"2I, 5E","Picture-based writing, reflection",personalized learning is a great opportunity,3,1,1,1,0,0,1,1,0,1,0,1,1,1,1,0,1,1,1,1,10,4,1,raised my error awareness,1,1,6,1,1,9,3,180
RME1_D,./data/processed/exercises/RME1_D_E10.txt,21,F,UK,Language and Literature,2,Superior,mi ropa me fue entregada rápidamente y (en buena condición) [en buenas condiciones],Number,Adverb,5E,Binary choice,personalized learning is a great opportunity,3,1,1,1,0,0,0,0,0,0,0,0,0,1,0,0,1,0,0,1,10,3,1,useful for revision,1,1,6,1,1,9,3,180
RME1_D,./data/processed/exercises/RME1_D_E14.txt,21,F,UK,Language and Literature,2,Superior,mi ropa (apareció) [me fue entregada] rápidamente,Substitution,Verb,"2A, 2M","Vocabulary extraction, translation",personalized learning is a great opportunity,3,1,1,0,1,0,0,0,0,0,0,0,0,1,0,0,0,0,0,1,10,3,1,useful,0,0,6,0,0,9,3,180
RME1_D,./data/processed/exercises/RME1_D_E15.txt,21,F,UK,Language and Literature,2,Superior,de un timo (online) [en línea],Creation,Adverb,2G,Rewriting,personalized learning is a great opportunity,3,1,1,0,1,0,0,0,0,0,0,1,1,1,0,0,0,1,0,1,8.57,4,1,very useful,0,0,6,1,1,9,3,180
RME1_D,./data/processed/exercises/RME1_D_E03.txt,21,F,UK,Language and Literature,2,Superior,he (estado) [sido] una cliente leal,Substitution,Verb,"1D, 2I",Sentence combining,personalized learning is a great opportunity,3,1,1,1,0,0,0,0,1,0,1,0,0,1,1,0,1,1,0,1,10,2,1,too difficult,1,1,6,1,1,9,3,180
RME1_D,./data/processed/exercises/RME1_D_E12.txt,21,F,UK,Language and Literature,2,Superior,le escribo (porqué) [porque],Substitution,Conjunctive phrase,"2K, 2M","Reflection, writing, translation",personalized learning is a great opportunity,3,1,1,1,1,0,1,0,1,0,1,0,0,1,1,1,1,0,1,1,10,4,1,relevant,0,0,6,1,1,9,3,180
RME1_D,./data/processed/exercises/RME1_D_E11.txt,21,F,UK,Language and Literature,2,Superior,los (daños ya hechos) [desperfectos causados],Substitution,Noun,"2M, 5E","Translation, writing",personalized learning is a great opportunity,3,1,1,1,1,0,1,0,1,0,0,1,1,1,0,0,1,1,0,1,8.33,3,1,useful,1,1,6,1,0,9,3,180
RWF1_D,./data/processed/exercises/RWF1_D_E05.txt,21,M,UK,Geography,2,Superior,cientos de (libros) [libras],Substitution,Noun,2F,"Binary choice, reflection, writing",useful,3,1,0,1,0,0,1,0,0,0,0,0,1,1,0,0,1,1,1,1,9.52,4,1,new vocabulary,0,0,3.66,0,0,2,3,120
RWF1_D,./data/processed/exercises/RWF1_D_E06.txt,21,M,UK,Geography,2,Superior,mi abuelo [se] percató de los cargos,Pronoun,Verb,2K,"Reflection, writing",useful,3,0,0,1,0,0,1,0,1,0,1,0,0,1,1,0,1,0,1,1,10,3,1,challenging and very useful,0,0,3.66,0,0,2,3,120
RWF1_D,./data/processed/exercises/RWF1_D_E08.txt,21,M,UK,Geography,2,Superior,"a menudo, los ancianos (están) [son] más vulnerables",Substitution,Verb,"1D, 2I",Sentence combining,useful,3,1,0,1,0,0,0,0,1,0,1,0,0,1,1,0,1,1,0,1,7.5,1,1,confusing,0,0,3.66,0,0,2,3,120
RWF1_D,./data/processed/exercises/RWF1_D_E07.txt,21,M,UK,Geography,2,Superior,sus (detalles) [datos] bancarios,Substitution,Noun,5E,Binary choice,useful,3,1,0,1,1,0,0,1,0,0,0,0,0,1,0,0,1,0,0,1,8.33,3,1,useful,1,1,3.66,1,1,2,3,120
RWF1_D,./data/processed/exercises/RWF1_D_E13.txt,21,M,UK,Geography,2,Superior,mis abuelos han sido (los) [las] víctimas / (uno) [una] de las más severas estafas / preguntó por sus datos (bancarias) [bancarios],Gender,Noun / Noun / Noun,1A,Fill-in-the-blanks,useful,3,1,0,0,0,0,0,1,1,0,0,0,1,1,0,0,0,0,0,1,9,3,1,useful,0,0,3.66,1,1,2,3,120
RWF1_D,./data/processed/exercises/RWF1_D_E15.txt,21,M,UK,Geography,2,Superior,por (lo) [el] contrario,Determination,Determiner,3B,Fill-in-the-blanks,useful,3,1,0,0,0,0,0,0,0,0,0,0,0,1,0,0,1,0,0,1,10,4,1,challenging and very useful,0,0,3.66,0,0,2,3,120
RWF1_D,./data/processed/exercises/RWF1_D_E11.txt,21,M,UK,Geography,2,Superior,me creé (una página nueva) [un perfil nuevo],Substitution,Noun,2F,"Binary choice, reflection",useful,3,1,0,1,0,0,1,0,0,0,1,0,1,1,1,0,1,0,1,1,8.57,2,1,too difficult,1,1,3.66,0,0,2,3,120
RWF1_D,./data/processed/exercises/RWF1_D_E14.txt,21,M,UK,Geography,2,Superior,cargos en su extracto bancario (para) [de] cientos de libras,Government,Preposition,5E,Multiple choice,useful,3,1,0,1,0,0,0,0,0,0,0,0,0,1,1,1,1,0,0,1,5.55,3,1,useful,0,0,3.66,0,0,2,3,120
RWF1_D,./data/processed/exercises/RWF1_D_E10.txt,21,M,UK,Geography,2,Superior,me creé una (pagina) [página] nueva / (victimas) [víctimas] / (mas) [más],Substitution,Noun / Noun / Adverb,"2L, 2M, 5E","Matching, writing",useful,3,0,0,1,1,0,0,0,0,0,0,0,0,1,1,1,1,1,0,1,9.5,4,1,very useful,0,0,3.66,0,0,2,3,120
RWF1_D,./data/processed/exercises/RWF1_D_E03.txt,21,M,UK,Geography,2,Superior,el reembolso del (saldo total) [importe íntegro],Substitution,Noun,"2A, 2M","Vocabulary extraction, translation",useful,3,1,0,0,1,0,0,0,0,0,0,0,0,1,0,0,0,0,0,1,5,2,1,not useful,0,0,3.66,0,0,2,3,120
RWF1_D,./data/processed/exercises/RWF1_D_E04.txt,21,M,UK,Geography,2,Superior,tiene la obligación de protegerlos contra (bulos como este) [estafas como esta],Substitution,Noun,"2L, 3B","Matching, fill-in-the-blanks",useful,3,0,0,1,0,0,0,0,0,0,1,1,1,1,1,1,1,0,0,1,8,3,1,useful,1,1,3.66,0,0,2,3,120
RWF1_D,./data/processed/exercises/RWF1_D_E12.txt,21,M,UK,Geography,2,Superior,le (ordenaron) [pidieron] que transfiriera el dinero,Substitution,Verb,5F,"Scale of intensity, reflection",useful,3,1,0,1,0,0,1,0,0,0,0,0,0,1,1,0,1,0,1,0,4,3,1,useful,1,0,3.66,0,0,2,3,120
RWF1_D,./data/processed/exercises/RWF1_D_E09.txt,21,M,UK,Geography,2,Superior,"me veo en la obligación de comunicarle este problema grave, y busco (tu) [su] ayuda para resolverlo sin demora",Pronoun,Adjective,"2N, 2G","Rewriting, reflection",useful,3,1,0,1,0,0,1,0,0,0,1,1,1,1,1,1,1,0,1,1,8.75,3,1,relevant,0,0,3.66,0,0,2,3,120
RWF1_D,./data/processed/exercises/RWF1_D_E02.txt,21,M,UK,Geography,2,Superior,me veo en la obligación de comunicarle (esto) [este] problema grave,Substitution,Adjective,3B,Fill-in-the-blanks,useful,3,0,0,1,0,0,0,1,0,0,1,0,0,1,1,1,1,0,0,1,8.18,4,1,relevant,0,0,3.66,0,0,2,3,120
RWF1_D,./data/processed/exercises/RWF1_D_E01.txt,21,M,UK,Geography,2,Superior,con (respeto) [respecto] a,Substitution,Noun,"2F, 2M","Multiple choice, translation, reflection",useful,3,1,0,1,1,0,1,0,0,0,1,1,1,1,1,1,1,0,1,0,4.21,4,1,new vocabulary,1,1,3.66,1,1,2,3,120
CDG1_D,./data/processed/exercises/CDG1_D_E08.txt,21,F,Croatia,Education,5,Superior,(incorperarlo) [incorporarlo] demasiado / (perda) [pierda],Creation,Verb / Verb,2H,"Error correction, writing",to learn from my mistakes,2.5,1,0,0,0,0,0,0,0,0,0,1,1,1,1,1,0,1,0,1,10,4,1,challenging and very useful,1,1,7.66,0,0,5,3,180
CDG1_D,./data/processed/exercises/CDG1_D_E02.txt,21,F,Croatia,Education,5,Superior,la uso (solo) [sólo] para encontrar / (comprénsion) [comprensión],Creation,Adverb / Noun,5A,Accent placement exercise,to learn from my mistakes,2.5,1,0,0,0,0,0,1,0,0,0,0,1,1,0,0,0,0,0,1,8.95,3,1,too easy,1,1,7.66,1,1,5,3,180
CDG1_D,./data/processed/exercises/CDG1_D_E07.txt,21,F,Croatia,Education,5,Superior,me ayuda mucho a buscar (informaciones) [información],Number,Noun,5E,Binary choice,to learn from my mistakes,2.5,1,0,1,0,0,0,0,0,0,0,0,0,1,0,0,1,0,0,1,10,4,1,relevant,1,1,7.66,1,1,5,3,180
CDG1_D,./data/processed/exercises/CDG1_D_E01.txt,21,F,Croatia,Education,5,Superior,"en la biblioteca, donde debo (ser) [estar] tranquila",Substitution,Verb,"1D, 2I",Sentence combining,to learn from my mistakes,2.5,1,0,1,0,0,0,0,1,0,1,0,0,1,1,0,1,1,0,1,7.5,2,1,too difficult,1,1,7.66,1,1,5,3,180
CDG1_D,./data/processed/exercises/CDG1_D_E04.txt,21,F,Croatia,Education,5,Superior,para mi (primero) [primer] Erasmus,Substitution,Adjective,5E,Reorder,to learn from my mistakes,2.5,0,0,1,0,1,0,1,1,0,1,0,0,1,1,1,1,1,0,1,9.5,4,1,relevant,1,1,7.66,1,1,5,3,180
CDG1_D,./data/processed/exercises/CDG1_D_E10.txt,21,F,Croatia,Education,5,Superior,la satisfacción puede (venir) [alcanzarse] cuando,Substitution,Verb,"3A, 5D",Leave the odd one out,to learn from my mistakes,2.5,1,0,1,0,0,0,0,0,0,0,0,0,1,0,0,1,0,0,1,10,3,1,challenging and very useful,1,1,7.66,0,0,5,3,180
CDG1_D,./data/processed/exercises/CDG1_D_E09.txt,21,F,Croatia,Education,5,Superior,"depende mucho de la situación en la que soy (evaluado) [evaluada] / mudarse con (nosotros) [nosotras], mi hermana y yo",Gender,Noun / Noun,2N,"Error correction, rewriting, reflection",to learn from my mistakes,2.5,1,0,1,0,0,1,0,0,0,1,1,1,1,1,1,1,0,1,1,10,3,1,lack of guidance,1,1,7.66,1,1,5,3,180
CDG1_D,./data/processed/exercises/CDG1_D_E11.txt,21,F,Croatia,Education,5,Superior,depende mucho de la situación en la que (estoy) [soy] evaluada,Substitution,Verb,3I,"Situation matching, writing",to learn from my mistakes,2.5,0,0,1,0,0,0,1,1,0,1,1,1,1,1,0,1,1,0,1,6,3,1,lack of guidance,1,1,7.66,1,1,5,3,180
CDG1_D,./data/processed/exercises/CDG1_D_E03.txt,21,F,Croatia,Education,5,Superior,para (mi) [mí],Substitution,Pronoun,"2L, 2M, 5E","Matching, writing",to learn from my mistakes,2.5,0,0,1,1,0,0,0,0,0,0,0,0,1,1,1,1,1,0,1,10,3,1,too easy,1,1,7.66,1,1,5,3,180
CDG1_D,./data/processed/exercises/CDG1_D_E12.txt,21,F,Croatia,Education,5,Superior,(eso) [esto] refleja el énfasis,Pronoun,Pronoun,3B,Fill-in-the-blanks,to learn from my mistakes,2.5,0,0,1,0,0,0,1,0,0,1,0,0,1,1,1,1,0,0,1,7,4,1,relevant,1,1,7.66,1,0,5,3,180
CDG1_D,./data/processed/exercises/CDG1_D_E13.txt,21,F,Croatia,Education,5,Superior,aplicar este conocimiento (en) [a] situaciones reales / resulte (a) [en],Government,Preposition / Preposition,5E,Multiple choice,to learn from my mistakes,2.5,1,0,1,0,0,0,0,0,0,0,0,0,1,1,1,1,0,0,1,10,3,1,challenging and very useful,0,0,7.66,0,0,5,3,180
CDG1_D,./data/processed/exercises/CDG1_D_E14.txt,21,F,Croatia,Education,5,Superior,como (resulto) [resultado],Substitution,Noun,5E,Binary choice,to learn from my mistakes,2.5,1,0,1,0,1,0,1,0,0,0,0,0,1,0,0,1,0,0,1,8.33,2,1,too easy,1,1,7.66,0,0,5,3,180
CDG1_D,./data/processed/exercises/CDG1_D_E05.txt,21,F,Croatia,Education,5,Superior,"(para) [en] mi primer Erasmus, fui a",Government,Preposition,"3B, 2M","Fill-in-the-blanks, translation",to learn from my mistakes,2.5,1,0,1,1,0,0,0,1,0,1,0,0,1,1,0,1,0,0,1,10,4,1,very useful,0,0,7.66,0,0,5,3,180
CDG1_D,./data/processed/exercises/CDG1_D_E06.txt,21,F,Croatia,Education,5,Superior,que también resulte en ya no ser creativo (su) [por sí] mismo,Substitution,Adverb,2G,Rewriting,to learn from my mistakes,2.5,1,0,0,0,1,0,0,1,0,0,1,1,1,0,0,0,1,0,1,7.86,3,1,lack of solution,1,0,7.66,1,0,5,3,180
CDG1_D,./data/processed/exercises/CDG1_D_E15.txt,21,F,Croatia,Education,5,Superior,un electrodoméstico que (se encontraba) [estaba] defectuoso,Substitution,Verb,2F,"Binary choice, reflection",to learn from my mistakes,2.5,1,0,1,0,0,1,0,0,0,1,0,1,1,1,0,1,0,1,1,10,4,1,new vocabulary,1,1,7.66,1,0,5,3,180
ROG1_D,./data/processed/exercises/ROG1_D_E02.txt,21,M,UK,History,3,Superior,a través de (la ingesta) [el consumo] de medios de comunicación,Substitution,Noun,"3A, 5D",Leave the odd one out,it was required,3,1,1,1,0,0,0,0,0,0,0,0,0,1,0,0,1,0,0,1,5,4,1,very useful,1,1,6.33,1,1,7,3,180
ROG1_D,./data/processed/exercises/ROG1_D_E06.txt,21,M,UK,History,3,Superior,(el idioma de destino) [la lengua meta],Substitution,Adjective,"2A, 2M","Vocabulary extraction, translation",it was required,3,1,1,0,1,0,0,0,0,0,0,0,0,1,0,0,0,0,0,1,5,3,1,too easy,0,0,6.33,0,0,7,3,180
ROG1_D,./data/processed/exercises/ROG1_D_E04.txt,21,M,UK,History,3,Superior,en la universidad (en) [de] Inglaterra,Government,Preposition,3B,Multiple choice,it was required,3,0,1,1,0,0,0,1,1,0,1,0,0,1,1,0,1,0,0,1,6.67,2,1,already acquired,0,0,6.33,0,0,7,3,180
ROG1_D,./data/processed/exercises/ROG1_D_E15.txt,21,M,UK,History,3,Superior,(la emoción con la) [las emociones con las] que más asocio la evaluación (es) [son] la lucha y la dificultad,Number,Noun,5E,Multiple choice,it was required,3,1,1,0,0,0,0,0,0,0,1,0,0,1,0,0,1,0,0,1,8.33,4,1,new vocabulary,1,1,6.33,1,1,7,3,180
ROG1_D,./data/processed/exercises/ROG1_D_E01.txt,21,M,UK,History,3,Superior,los profesores califican a los alumnos con (esquemas de calificación) [rúbricas de evaluación],Substitution,Noun,"2I, 2L, 5E","Picture-based matching, reflection, writing",it was required,3,1,1,1,0,0,0,0,0,1,0,0,0,1,1,0,1,1,1,1,10,2,1,already acquired,1,1,6.33,1,1,7,3,180
ROG1_D,./data/processed/exercises/ROG1_D_E05.txt,21,M,UK,History,3,Superior,hay un gran valor que se puede (tomar) [sacar] de los alumnos que se evalúan entre sí,Substitution,Verb,"5A, 2M","Classification, translation",it was required,3,1,1,1,1,0,0,0,0,0,1,0,1,1,1,1,1,0,0,1,5,3,1,too easy,1,0,6.33,1,1,7,3,180
ROG1_D,./data/processed/exercises/ROG1_D_E12.txt,21,M,UK,History,3,Superior,(concesión) [asignación] de notas,Substitution,Noun,5B,Matching,it was required,3,1,1,1,0,0,0,0,0,0,0,0,0,1,1,1,1,0,0,1,4.16,2,1,too much information,0,0,6.33,0,0,7,3,180
ROG1_D,./data/processed/exercises/ROG1_D_E13.txt,21,M,UK,History,3,Superior,para el español ya hay (muchos lugares de confianza a los) [muchas fuentes fiables a las] que acudir,Substitution,Noun,2F,"Binary choice, reflection",it was required,3,1,1,1,0,0,1,0,0,0,1,0,1,1,1,0,1,0,1,1,10,4,1,very interesting,0,0,6.33,0,0,7,3,180
ROG1_D,./data/processed/exercises/ROG1_D_E03.txt,21,M,UK,History,3,Superior,en la misma cadena (de) [que] mi hermano,Government,Preposition,3B,Fill-in-the-blanks,it was required,3,1,1,0,0,0,0,0,1,0,1,1,1,1,1,0,1,0,0,1,7,3,1,already acquired,1,1,6.33,1,1,7,3,180
ROG1_D,./data/processed/exercises/ROG1_D_E14.txt,21,M,UK,History,3,Superior,el (desagradable) [maldito] estafador,Substitution,Adjective,3I,"Situation matching, reflection",it was required,3,1,1,1,0,0,1,0,0,0,0,0,0,1,0,0,1,0,1,1,10,3,1,boring but useful,1,1,6.33,1,1,7,3,180
ROG1_D,./data/processed/exercises/ROG1_D_E09.txt,21,M,UK,History,3,Superior,tanto a gran (escala) como a pequeña escala,Excess word,Conjunctive phrase,2G,"Rewriting, reflection",it was required,3,1,1,0,0,0,1,0,1,0,0,1,1,1,0,0,1,1,1,0,7,4,1,enjoyable,1,0,6.33,1,0,7,3,180
ROG1_D,./data/processed/exercises/ROG1_D_E08.txt,21,M,UK,History,3,Superior,que en parar [a] los verdaderos criminales,Government,Preposition,3B,Binary choice,it was required,3,0,1,0,0,0,0,1,1,0,1,0,0,1,1,0,1,0,0,1,6.25,3,1,already acquired,0,0,6.33,1,1,7,3,180
ROG1_D,./data/processed/exercises/ROG1_D_E11.txt,21,M,UK,History,3,Superior,el fútbol es un deporte (para el trabajador) [obrero],Analysis,Adjective,3F,Table completion,it was required,3,1,1,1,0,0,0,0,1,0,0,1,1,1,0,0,1,1,0,1,3.33,2,1,already acquired,1,1,6.33,1,1,7,3,180
ROG1_D,./data/processed/exercises/ROG1_D_E07.txt,21,M,UK,History,3,Superior,(esta táctica clandestina de aumento de precios) [este aumento encubierto de precios] es una estafa en sí misma,Analysis,Noun,"2M, 5E","Translation, writing",it was required,3,1,1,1,1,0,1,0,1,0,0,1,1,1,0,0,1,1,0,1,5.83,4,1,challenging and very useful,1,1,6.33,1,0,7,3,180
ROG1_D,./data/processed/exercises/ROG1_D_E10.txt,21,M,UK,History,3,Superior,entradas (a) [por] la mitad del precio que vi en Internet / evaluar es reflexionar y descifrar (sobre) algo / (con) [para] el español ya hay muchas fuentes fiables,Government,Preposition / Preposition / Preposition,5E,Multiple choice,it was required,3,1,1,1,0,0,0,0,0,0,0,0,0,1,1,1,1,0,0,1,10,4,1,very useful,0,0,6.33,0,0,7,3,180
RPG1_D,./data/processed/exercises/RPG1_D_E05.txt,20,F,UK,Law,2,Superior,los profesores a menudo evalúan el trabajo de sus alumnos (por leer) [leyendo] sus ideas,Synthesis,Verb,"2M, 5E","Translation, writing",to learn from my mistakes,4,1,0,1,1,0,1,0,1,0,0,1,1,1,0,0,1,1,0,1,9.16,4,1,very useful,1,1,5.33,1,1,6,3,120
RPG1_D,./data/processed/exercises/RPG1_D_E07.txt,20,F,UK,Law,2,Superior,la gente [se] puede evaluar a sí misma,Pronoun,Verb,2K,"Reflection, writing",to learn from my mistakes,4,0,0,1,0,0,1,0,1,0,1,0,0,1,1,0,1,0,1,1,10,3,1,useful,1,1,5.33,0,0,6,3,120
RPG1_D,./data/processed/exercises/RPG1_D_E15.txt,20,F,UK,Law,2,Superior,y te preguntas (por que) [por qué] la gente tiene miedo de alquilar,Substitution,Adverb,"2K, 2M","Reflection, writing, translation",to learn from my mistakes,4,1,0,1,1,0,1,0,1,0,1,0,0,1,1,1,1,0,1,0,1.67,4,1,very useful,1,1,5.33,1,1,6,3,120
RPG1_D,./data/processed/exercises/RPG1_D_E02.txt,20,F,UK,Law,2,Superior,"no solo esto, sino que también me llamaron incompetente y (descuidado) [descuidada] / la gente se puede evaluar a sí (mismo) [misma]",Gender,Noun / Noun,2N,"Error correction, rewriting, reflection",to learn from my mistakes,4,1,0,1,0,0,1,0,0,0,1,1,1,1,1,1,1,0,1,1,7.5,4,1,very useful,0,0,5.33,1,1,6,3,120
RPG1_D,./data/processed/exercises/RPG1_D_E04.txt,20,F,UK,Law,2,Superior,me dio consejos que implementé en mi (próximo) [siguiente] proyecto,Substitution,Adjective,2K,"Reflection, writing",to learn from my mistakes,4,0,0,1,0,0,1,0,1,0,1,0,0,1,1,0,1,0,1,1,8.75,3,1,useful,0,0,5.33,1,1,6,3,120
RPG1_D,./data/processed/exercises/RPG1_D_E03.txt,20,F,UK,Law,2,Superior,cuando (llegue) [llegué] / a (si) [sí] misma / y me (pregunto) [preguntó],Substitution,Verb / Adverb / Verb,"2L, 2M, 5E","Matching, writing",to learn from my mistakes,4,0,0,1,1,0,0,0,0,0,0,0,0,1,1,1,1,1,0,1,9.5,3,1,useful,1,1,5.33,1,1,6,3,120
RPG1_D,./data/processed/exercises/RPG1_D_E08.txt,20,F,UK,Law,2,Superior,"a partir de (este) [ese] momento, todo salió mal",Substitution,Adjective,2G,Rewriting,to learn from my mistakes,4,0,0,1,0,0,0,1,1,0,1,0,0,1,1,1,1,0,1,1,10,4,1,very useful,0,0,5.33,0,0,6,3,120
RPG1_D,./data/processed/exercises/RPG1_D_E06.txt,20,F,UK,Law,2,Superior,para (mostrar) [garantizar mi] compromiso,Substitution,Verb,"3A, 5D",Leave the odd one out,to learn from my mistakes,4,1,0,1,0,0,0,0,0,0,0,0,0,1,0,0,1,0,0,1,5,4,1,very useful,0,0,5.33,0,0,6,3,120
RPG1_D,./data/processed/exercises/RPG1_D_E12.txt,20,F,UK,Law,2,Superior,me recibieron sin remordimiento ni (simpatía) [compasión],Substitution,Noun,5E,Binary choice,to learn from my mistakes,4,1,0,1,1,0,0,1,0,0,0,0,0,1,0,0,1,0,0,1,6.67,4,1,very useful,0,0,5.33,0,0,6,3,120
RPG1_D,./data/processed/exercises/RPG1_D_E13.txt,20,F,UK,Law,2,Superior,uno de mis compañeros de piso tenía 40 (anos) [años],Substitution,Noun,2M,Translation,to learn from my mistakes,4,1,0,1,1,0,1,0,0,0,0,0,0,1,0,0,1,0,0,1,10,2,1,too easy,1,1,5.33,1,1,6,3,120
RPG1_D,./data/processed/exercises/RPG1_D_E11.txt,20,F,UK,Law,2,Superior,ya me sentía estresada al estar tan lejos de (caso) [casa],Substitution,Noun,2F,"Binary choice, reflection, writing",to learn from my mistakes,4,1,0,1,0,0,1,0,0,0,0,0,1,1,1,1,1,1,1,0,2.38,3,1,useful,1,1,5.33,1,1,6,3,120
RPG1_D,./data/processed/exercises/RPG1_D_E09.txt,20,F,UK,Law,2,Superior,al entrar [en] el piso,Government,Preposition,5E,Multiple choice,to learn from my mistakes,4,1,0,1,0,0,0,0,0,0,0,0,0,1,1,1,1,0,0,1,5,4,1,very useful,1,1,5.33,0,0,6,3,120
RPG1_D,./data/processed/exercises/RPG1_D_E10.txt,20,F,UK,Law,2,Superior,tenía muchas ganas de (alojarme) [instalarme] en un hermoso apartamento,Substitution,Verb,"2L, 3B","Matching, fill-in-the-blanks",to learn from my mistakes,4,0,0,1,0,0,0,0,0,0,1,1,1,1,1,1,1,0,0,1,4,3,1,useful,0,0,5.33,0,0,6,3,120
RPG1_D,./data/processed/exercises/RPG1_D_E14.txt,20,F,UK,Law,2,Superior,aunque yo (suporté) [experimenté] todo lo contrario,Creation,Verb,5F,"Scale of intensity, reflection",to learn from my mistakes,4,1,0,1,0,0,1,0,0,0,0,0,0,1,1,0,1,0,1,0,4,4,1,very useful,0,0,5.33,1,1,6,3,120
RPG1_D,./data/processed/exercises/RPG1_D_E01.txt,20,F,UK,Law,2,Superior,escogí su agencia porque encontré (tantas) [muchas] críticas positivas,Substitution,Adjective,5E,Binary choice,to learn from my mistakes,4,0,0,1,0,0,0,1,1,0,1,1,1,1,1,0,1,0,0,1,8,3,1,useful,0,0,5.33,1,1,6,3,120
RKG1_D,./data/processed/exercises/RKG1_D_E15.txt,21,F,UK,Language and Literature,3,Superior,un nivel de español que me (deje) [permita] tener conversaciones con hablantes nativos,Substitution,Verb,"2L, 3B","Matching, fill-in-the-blanks",to make the most out of this opportunity to learn,2,0,0,1,0,0,0,0,0,0,1,1,1,1,1,1,1,0,0,1,4,4,1,challenging and very useful,0,0,1.66,0,0,3.33,2,180
RKG1_D,./data/processed/exercises/RKG1_D_E13.txt,21,F,UK,Language and Literature,3,Superior,el nombre de mi (carrera) [grado] es,Substitution,Noun,2M,Matching,to make the most out of this opportunity to learn,2,1,0,0,1,0,0,0,0,0,0,0,0,1,0,0,1,0,0,1,10,2,1,useful for revision,0,0,1.66,0,0,3.33,2,180
RKG1_D,./data/processed/exercises/RKG1_D_E14.txt,21,F,UK,Language and Literature,3,Superior,resolver este asunto lo (más) antes posible,Excess word,Adverb,3B,Multiple choice,to make the most out of this opportunity to learn,2,1,0,1,0,0,0,0,0,0,0,0,0,1,1,1,1,0,0,1,7.14,4,1,challenging and very useful,0,0,1.66,0,0,3.33,2,180
RKG1_D,./data/processed/exercises/RKG1_D_E05.txt,21,F,UK,Language and Literature,3,Superior,les (insisto) [insto] a resolver este asunto,Substitution,Verb,"3H, 5E","Table-based collocation combining, writing",to make the most out of this opportunity to learn,2,1,0,1,0,0,0,0,0,0,0,0,0,1,1,1,1,1,0,0,5.66,4,1,very useful,0,0,1.66,0,0,3.33,2,180
RKG1_D,./data/processed/exercises/RKG1_D_E11.txt,21,F,UK,Language and Literature,3,Superior,ponerme en contacto con (los que trabajan en Etsy de verdad) [los verdaderos empleados de Etsy],Analysis,Noun,"2M, 5E","Translation, writing",to make the most out of this opportunity to learn,2,1,0,1,1,0,1,0,1,0,0,1,1,1,0,0,1,1,0,1,7.5,4,1,challenging and very useful,0,0,1.66,0,0,3.33,2,180
RKG1_D,./data/processed/exercises/RKG1_D_E12.txt,21,F,UK,Language and Literature,3,Superior,(tres cientos) [trescientos],Creation,Adjective,2H,"Error correction, writing",to make the most out of this opportunity to learn,2,1,0,0,0,0,0,0,0,0,0,1,1,1,1,1,0,1,0,1,10,1,1,too difficult,0,0,1.66,0,0,3.33,2,180
RKG1_D,./data/processed/exercises/RKG1_D_E08.txt,21,F,UK,Language and Literature,3,Superior,Aquí en la Pompeu estudio los idiomas (Español) [español] y (Catalán) [catalán] / el día 7 de (Octubre) [octubre],Substitution,Adjective / Adjective / Noun,5E,Binary choice,to make the most out of this opportunity to learn,2,0,0,1,0,0,0,1,1,0,0,0,0,1,1,1,1,0,0,1,8.23,4,1,nice explanation,0,0,1.66,0,0,3.33,2,180
RKG1_D,./data/processed/exercises/RKG1_D_E02.txt,21,F,UK,Language and Literature,3,Superior,al que me envió un (link) [enlace] / un ejemplo es (el 'peer review') [la revisión por pares],Creation,Noun / Noun,2G,Rewriting,to make the most out of this opportunity to learn,2,1,0,0,1,0,0,0,0,0,0,1,1,1,0,0,0,1,0,1,8.57,2,1,not relevant,0,0,1.66,1,1,3.33,2,180
RKG1_D,./data/processed/exercises/RKG1_D_E01.txt,21,F,UK,Language and Literature,3,Superior,unos (detalles) [datos] personales,Substitution,Noun,5E,Binary choice,to make the most out of this opportunity to learn,2,1,0,1,1,0,0,1,0,0,0,0,0,1,0,0,1,0,0,1,10,4,1,useful for accuracy,0,0,1.66,1,1,3.33,2,180
RKG1_D,./data/processed/exercises/RKG1_D_E10.txt,21,F,UK,Language and Literature,3,Superior,(unas) [unos] detalles,Gender,Noun,1A,Fill-in-the-blanks,to make the most out of this opportunity to learn,2,1,0,0,0,0,0,1,1,0,0,0,1,1,0,0,0,0,0,1,10,1,1,already acquired,0,0,1.66,0,0,3.33,2,180
RKG1_D,./data/processed/exercises/RKG1_D_E07.txt,21,F,UK,Language and Literature,3,Superior,un cliente mío me (contacto) [contactó] / me (informo) [informó],Substitution,Verb / Verb,"2L, 2M, 5E","Matching, writing",to make the most out of this opportunity to learn,2,0,0,1,1,0,0,0,0,0,0,0,0,1,1,1,1,1,0,1,9.5,1,1,too easy,1,1,1.66,1,1,3.33,2,180
RKG1_D,./data/processed/exercises/RKG1_D_E09.txt,21,F,UK,Language and Literature,3,Superior,dependencia (en el) [del] uso de la inteligencia artificial,Government,Preposition,5E,Multiple choice,to make the most out of this opportunity to learn,2,1,0,1,0,0,0,0,0,0,0,0,0,1,1,1,1,0,0,1,7,4,1,challenging and very useful,0,0,1.66,0,0,3.33,2,180
RKG1_D,./data/processed/exercises/RKG1_D_E03.txt,21,F,UK,Language and Literature,3,Superior,espero poder comprender las respuestas más (rápida) [rápidamente],Substitution,Adverb,5E,Multiple choice,to make the most out of this opportunity to learn,2,1,0,1,0,0,1,0,0,0,0,0,0,1,1,1,1,0,0,1,6.1,4,1,challenging and very useful,1,1,1.66,1,1,3.33,2,180
RKG1_D,./data/processed/exercises/RKG1_D_E06.txt,21,F,UK,Language and Literature,3,Superior,me ocurrió mientras (usaba) [navegaba por] el sitio web Etsy,Substitution,Verb,"2A, 2M","Vocabulary extraction, translation",to make the most out of this opportunity to learn,2,1,0,0,1,0,0,0,0,0,0,0,0,1,0,0,0,0,0,1,6.84,2,1,did not understand the exercise,0,0,1.66,0,0,3.33,2,180
RKG1_D,./data/processed/exercises/RKG1_D_E04.txt,21,F,UK,Language and Literature,3,Superior,con (respeto) [respecto] a,Substitution,Noun,"2F, 2M","Multiple choice, translation, reflection",to make the most out of this opportunity to learn,2,1,0,1,1,0,1,0,0,0,1,1,1,1,1,1,1,0,1,0,4,3,1,no explanation,0,0,1.66,1,1,3.33,2,180
ABJ1_D,./data/processed/exercises/ABJ1_D_E03.txt,22,F,Germany,Education,3,Superior,toco la flauta desde (hace) [que] tengo ocho años,Government,Preposition,5E,"Binary choice, writing",it was fun and required,4,0,1,1,0,0,0,1,1,0,1,0,0,1,1,1,1,0,0,1,8.75,4,1,relevant,1,0,1.67,1,1,3,3.5,300
ABJ1_D,./data/processed/exercises/ABJ1_D_E02.txt,22,F,Germany,Education,3,Superior,(aerobics) [aeróbic],Creation,Noun,2G,Rewriting,it was fun and required,4,1,1,0,0,1,0,0,0,0,0,1,1,1,0,0,0,1,0,1,8.57,1.5,1,not relevant,1,0,1.67,1,0,3,3.5,300
ABJ1_D,./data/processed/exercises/ABJ1_D_E04.txt,22,F,Germany,Education,3,Superior,me han ayudado mucho (para) [a] mejorar,Government,Preposition,5E,Multiple choice,it was fun and required,4,1,1,1,0,0,0,0,0,0,0,0,0,1,1,1,1,0,0,1,6,2.5,1,too difficult,1,0,1.67,0,0,3,3.5,300
ABJ1_D,./data/processed/exercises/ABJ1_D_E05.txt,22,F,Germany,Education,3,Superior,los exámenes siempre (están) [son] evaluados por los profesores,Substitution,Verb,3I,"Situation matching, writing",it was fun and required,4,0,1,1,0,0,0,1,1,0,1,1,1,1,1,0,1,1,0,1,4,4,1,very useful,0,0,1.67,0,0,3,3.5,300
ABJ1_D,./data/processed/exercises/ABJ1_D_E06.txt,22,F,Germany,Education,3,Superior,en cuanto (en) [a] sus conocimientos lingüísticos,Government,Preposition,3B,Fill-in-the-blanks,it was fun and required,4,1,1,0,0,0,0,0,0,0,0,0,0,1,0,0,1,0,0,1,5.71,3,1,new vocabulary,0,0,1.67,1,1,3,3.5,300
ABJ1_D,./data/processed/exercises/ABJ1_D_E07.txt,22,F,Germany,Education,3,Superior,ver cómo la persona (se) ha mejorado en cuanto a / también los demás estudiantes [se] pueden evaluar entre ellos,Pronoun,Verb / Verb,2K,"Reflection, writing",it was fun and required,4,0,1,1,0,0,1,0,1,0,1,0,0,1,1,0,1,0,1,0,0,1,0,did not know how to solve the exercise,0,0,1.67,0,0,3,3.5,300
ABJ1_D,./data/processed/exercises/ABJ1_D_E08.txt,22,F,Germany,Education,3,Superior,como ya dije (anterior) [anteriormente],Substitution,Adverb,5E,Multiple choice,it was fun and required,4,1,1,1,0,0,1,0,0,0,0,0,0,1,1,1,1,0,0,1,5.56,3.5,1,challenging and very useful,0,0,1.67,1,1,3,3.5,300
ABJ1_D,./data/processed/exercises/ABJ1_D_E11.txt,22,F,Germany,Education,3,Superior,"no es valorar a la persona en sí misma, (pero) [sino] su trabajo",Substitution,Conjunctive phrase,2K,Reflection,it was fun and required,4,1,1,1,0,0,1,0,1,0,1,0,0,1,1,0,1,0,1,1,8,3,1,new vocabulary,0,0,1.67,0,0,3,3.5,300
ABJ1_D,./data/processed/exercises/ABJ1_D_E12.txt,22,F,Germany,Education,3,Superior,no es valorar [a] la persona en sí misma,Government,Preposition,3B,Binary choice,it was fun and required,4,0,1,0,0,0,0,1,1,0,1,0,0,1,1,0,1,0,0,1,8.75,2,1,not entirely clear,0,0,1.67,0,0,3,3.5,300
ABJ1_D,./data/processed/exercises/ABJ1_D_E10.txt,22,F,Germany,Education,3,Superior,para que me (reclamaran) [reembolsaran] el depósito,Substitution,Verb,2F,"Binary choice, reflection",it was fun and required,4,1,1,1,0,0,1,0,0,0,1,0,1,1,1,0,1,0,1,1,10,3,1,new vocabulary,0,0,1.67,0,0,3,3.5,300
ABJ1_D,./data/processed/exercises/ABJ1_D_E01.txt,22,F,Germany,Education,3,Superior,porque tenía la (oportunidad) [opción] de escribirles,Substitution,Noun,"2I, 2L, 5E","Picture-based matching, reflection, writing",it was fun and required,4,1,1,1,0,0,0,0,0,1,0,0,0,1,1,0,1,1,1,1,10,2.5,1,new vocabulary,0,0,1.67,0,0,3,3.5,300
ABJ1_D,./data/processed/exercises/ABJ1_D_E09.txt,22,F,Germany,Education,3,Superior,y (yo) siempre dije que había pagado,Pronoun,Pronoun,"2H, 2K, 5E","Error correction, rewriting, reflection",it was fun and required,4,0,1,0,0,0,1,1,1,0,1,1,1,1,1,1,1,1,1,0,7.14,1,1,already acquired,0,0,1.67,0,0,3,3.5,300
ABJ1_D,./data/processed/exercises/ABJ1_D_E13.txt,22,F,Germany,Education,3,Superior,(escribí mucho con ellos) [les escribí mucho],Substitution,Pronoun,"2M, 5E","Translation, writing",it was fun and required,4,1,1,1,1,0,1,0,1,0,0,1,1,1,0,0,1,1,0,1,10,4,1,very useful,1,0,1.67,1,1,3,3.5,300
ABJ1_D,./data/processed/exercises/ABJ1_D_E14.txt,22,F,Germany,Education,3,Superior,la (agencia de alquiler) [agencia inmobiliaria],Substitution,Adjective,"2A, 2M","Vocabulary extraction, translation",it was fun and required,4,1,1,0,1,0,0,0,0,0,0,0,0,1,0,0,0,0,0,1,10,1,1,did not understand the exercise,0,0,1.67,0,0,3,3.5,300
ABJ1_D,./data/processed/exercises/ABJ1_D_E15.txt,22,F,Germany,Education,3,Superior,(cuáles) [qué] problemas tuve con la agencia,Pronoun,Pronoun,2F,"Binary choice, reflection",it was fun and required,4,1,1,1,0,0,1,0,0,0,1,0,1,1,1,0,1,0,1,1,6.67,4,1,relevant,0,0,1.67,0,0,3,3.5,300
CPJ1_D,./data/processed/exercises/CPJ1_D_E10.txt,20,F,China,Language and Literature,3,Superior,creo que será más (esencial) [útil] que lo que aprendí en China,Substitution,Adjective,"1C, 2H","Classification, table completion, error correction",personalized learning is a great opportunity,4,1,1,0,0,0,0,1,1,0,0,0,1,1,1,0,1,1,0,1,9.16,4,1,new vocabulary,1,0,7,1,1,8.33,4,90
CPJ1_D,./data/processed/exercises/CPJ1_D_E11.txt,20,F,China,Language and Literature,3,Superior,intentaré (a) absorber completamente el contenido enseñado,Government,Preposition,"3H, 5E","Table-based collocation combining, writing",personalized learning is a great opportunity,4,1,1,1,0,0,0,0,0,0,0,0,0,1,1,1,1,1,0,1,6.25,4,1,very useful,0,0,7,1,1,8.33,4,90
CPJ1_D,./data/processed/exercises/CPJ1_D_E01.txt,20,F,China,Language and Literature,3,Superior,también quiero (cultivar mi poder) [mejorar mi capacidad] de comunicarme con los demás,Substitution,Verb,"2M, 5E","Translation, writing",personalized learning is a great opportunity,4,1,1,1,1,0,1,0,1,0,0,1,1,1,0,0,1,1,0,1,5.83,4,1,very useful,0,0,7,1,1,8.33,4,90
CPJ1_D,./data/processed/exercises/CPJ1_D_E03.txt,20,F,China,Language and Literature,3,Superior,he obtenido el (DELE B2) certificado [DELE de nivel B2],Specification,Adjective,"2K, 1D","Reflection, writing",personalized learning is a great opportunity,4,1,1,0,0,0,1,0,1,0,1,0,0,1,1,0,1,1,1,0,0,1,0,did not understand the exercise,1,0,7,1,0,8.33,4,90
CPJ1_D,./data/processed/exercises/CPJ1_D_E12.txt,20,F,China,Language and Literature,3,Superior,el papel de (recopile y organice cantidades masivas de datos) [recopilador y organizador de cantidades masivas de datos],Substitution,Noun,"2H, 2G","Error correction, rewriting",personalized learning is a great opportunity,4,1,1,1,0,0,0,0,0,0,0,1,1,1,0,0,0,0,0,1,9.5,4,1,useful for revision,0,0,7,1,1,8.33,4,90
CPJ1_D,./data/processed/exercises/CPJ1_D_E07.txt,20,F,China,Language and Literature,3,Superior,evaluar (la resulta) [los resultados] de la enseñanza,Substitution,Noun,5E,Binary choice,personalized learning is a great opportunity,4,1,1,1,1,0,0,1,0,0,0,0,0,1,0,0,1,0,0,1,6.67,4,1,very useful,1,1,7,1,1,8.33,4,90
CPJ1_D,./data/processed/exercises/CPJ1_D_E06.txt,20,F,China,Language and Literature,3,Superior,a través de varios exámenes y (quiz) [pruebas],Creation,Noun,2G,Rewriting,personalized learning is a great opportunity,4,1,1,0,0,1,0,0,0,0,0,1,1,1,0,0,0,1,0,1,10,4,1,very useful,1,1,7,1,1,8.33,4,90
CPJ1_D,./data/processed/exercises/CPJ1_D_E08.txt,20,F,China,Language and Literature,3,Superior,evaluar (significa) [es] una herramienta,Substitution,Verb,2F,"Binary choice, reflection",personalized learning is a great opportunity,4,1,1,1,0,0,1,0,0,0,1,0,1,1,1,0,1,0,1,1,9.16,4,1,very useful,0,0,7,1,1,8.33,4,90
CPJ1_D,./data/processed/exercises/CPJ1_D_E13.txt,20,F,China,Language and Literature,3,Superior,despegar (normalmente) [como estaba previsto],Synthesis,Adverb,2K,"Reflection, writing",personalized learning is a great opportunity,4,1,1,1,0,0,1,0,1,0,1,0,0,1,1,0,1,0,1,1,10,4,1,new vocabulary,1,1,7,1,0,8.33,4,90
CPJ1_D,./data/processed/exercises/CPJ1_D_E14.txt,20,F,China,Language and Literature,3,Superior,el avión estaba (estropeado) [averiado],Substitution,Adjective,"3A, 5D",Leave the odd one out,personalized learning is a great opportunity,4,1,1,1,0,0,0,0,0,0,0,0,0,1,0,0,1,0,0,1,10,4,1,very useful,1,1,7,1,1,8.33,4,90
CPJ1_D,./data/processed/exercises/CPJ1_D_E09.txt,20,F,China,Language and Literature,3,Superior,(del) [desde el] número de vuelo (a) [hasta] mi número de DNI,Government,Preposition,3B,Fill-in-the-blanks,personalized learning is a great opportunity,4,0,1,1,0,0,0,1,1,0,1,0,0,1,1,1,1,0,0,1,10,3,1,a little unclear,1,1,7,1,1,8.33,4,90
CPJ1_D,./data/processed/exercises/CPJ1_D_E15.txt,20,F,China,Language and Literature,3,Superior,(le) confié [en él] profundamente,Government,Preposition,2F,"Binary choice, reflection",personalized learning is a great opportunity,4,1,1,1,0,0,1,0,0,0,1,0,1,1,1,0,1,0,1,0,5,4,1,very useful,1,0,7,1,1,8.33,4,90
CPJ1_D,./data/processed/exercises/CPJ1_D_E05.txt,20,F,China,Language and Literature,3,Superior,con (los) datos (muy) [tan] privados,Substitution,Adverb,5E,Binary choice,personalized learning is a great opportunity,4,0,1,1,0,0,0,1,1,0,1,1,1,1,1,0,1,0,0,1,9,3,1,too easy,1,1,7,0,0,8.33,4,90
CPJ1_D,./data/processed/exercises/CPJ1_D_E04.txt,20,F,China,Language and Literature,3,Superior,debido a (un) [una] avería / me envió (una) [un] enlace / capacidades más (avanzados) [avanzadas],Gender,Noun / Noun / Noun,1A,Fill-in-the-blanks,personalized learning is a great opportunity,4,1,1,0,0,0,0,1,1,0,0,0,1,1,0,0,0,0,0,1,10,3,1,too easy,1,1,7,1,1,8.33,4,90
CPJ1_D,./data/processed/exercises/CPJ1_D_E02.txt,20,F,China,Language and Literature,3,Superior,explorar la existencia y la información relacionada (de) [con] cosas que,Government,Preposition,5E,Multiple choice,personalized learning is a great opportunity,4,1,1,1,0,0,0,0,0,0,0,0,0,1,1,1,1,0,0,1,8.88,4,1,relevant,0,0,7,0,0,8.33,4,90
RHJ1_D,./data/processed/exercises/RHJ1_D_E15.txt,20,M,UK,Philosophy,2,Superior,porque he (llevado) [pasado] el verano entero,Substitution,Verb,2F,"Binary choice, reflection",to learn from my mistakes,3,1,1,1,0,0,1,0,0,0,1,0,1,1,1,0,1,0,1,1,9.16,3,1,useful,0,0,3.33,1,1,8.66,3,240
RHJ1_D,./data/processed/exercises/RHJ1_D_E13.txt,20,M,UK,Philosophy,2,Superior,puede (llevar) [conllevar] beneficios / quiero (sacar) [obtener] buenos resultados,Substitution,Verb / Verb,"3A, 5D",Leave the odd one out,to learn from my mistakes,3,1,1,1,0,0,0,0,0,0,0,0,0,1,0,0,1,0,0,1,2.5,3,1,relevant,0,0,3.33,1,1,8.66,3,240
RHJ1_D,./data/processed/exercises/RHJ1_D_E14.txt,20,M,UK,Philosophy,2,Superior,lecturas que me (tardaban) [tardaba] más de una hora,Number,Verb,2K,"Reflection, writing",to learn from my mistakes,3,0,1,1,0,0,1,0,1,0,1,0,0,1,1,0,1,0,1,1,7.5,3,1,useful,1,1,3.33,1,1,8.66,3,240
RHJ1_D,./data/processed/exercises/RHJ1_D_E11.txt,20,M,UK,Philosophy,2,Superior,otros (tipos de coursework) [trabajos prácticos],Creation,Noun,2G,Rewriting,to learn from my mistakes,3,1,1,0,1,0,0,0,0,0,0,1,1,1,0,0,0,1,0,1,8.57,2,1,too easy,0,0,3.33,1,1,8.66,3,240
RHJ1_D,./data/processed/exercises/RHJ1_D_E09.txt,20,M,UK,Philosophy,2,Superior,una experiencia de servicio inadecuada (de todas formas) [en todos los aspectos],Substitution,Adverb,2H,"Binary choice, rewriting",to learn from my mistakes,3,1,1,1,0,0,0,0,1,0,1,0,1,1,1,0,1,1,0,1,9,2,1,too easy,1,1,3.33,1,1,8.66,3,240
RHJ1_D,./data/processed/exercises/RHJ1_D_E05.txt,20,M,UK,Philosophy,2,Superior,un reembolso apropiado (por) [para] una experiencia,Government,Preposition,2K,"Reflection, writing",to learn from my mistakes,3,1,1,1,0,0,1,0,1,0,1,0,0,1,1,0,1,0,1,1,9,3,1,useful for revision,0,0,3.33,1,1,8.66,3,240
RHJ1_D,./data/processed/exercises/RHJ1_D_E01.txt,20,M,UK,Philosophy,2,Superior,se atreve [a] mentirme sobre la calidad / tardaba más de una hora (para) [en] completar,Government,Preposition / Preposition,"3H, 5E","Table-based collocation combining, writing",to learn from my mistakes,3,1,1,1,0,0,0,0,0,0,0,0,0,1,1,1,1,1,0,0,3.57,3,1,new vocabulary,1,1,3.33,1,1,8.66,3,240
RHJ1_D,./data/processed/exercises/RHJ1_D_E08.txt,20,M,UK,Philosophy,2,Superior,¿En qué universo cree usted que eso es aceptable? ¿Cómo (te atreves) [se atreve] a mentirme?,Substitution,Pronoun,"2N, 2G","Rewriting, reflection",to learn from my mistakes,3,1,1,1,0,0,1,0,0,0,1,1,1,1,1,1,1,0,1,1,7,2,1,already acquired,0,0,3.33,1,1,8.66,3,240
RHJ1_D,./data/processed/exercises/RHJ1_D_E07.txt,20,M,UK,Philosophy,2,Superior,en Reino Unido (nuestra tuición) [el precio de nuestra matrícula],Substitution,Noun,5E,Binary choice,to learn from my mistakes,3,1,1,1,1,0,0,1,0,0,0,0,0,1,0,0,1,0,0,1,8.33,3,1,useful,1,1,3.33,1,1,8.66,3,240
RHJ1_D,./data/processed/exercises/RHJ1_D_E06.txt,20,M,UK,Philosophy,2,Superior,me gustaría ganar un poquito más [de] confianza,Government,Preposition,2K,"Reflection, writing",to learn from my mistakes,3,1,1,1,0,0,1,0,1,0,1,0,0,1,1,1,1,0,1,1,3.33,4,1,challenging and very useful,0,0,3.33,1,1,8.66,3,240
RHJ1_D,./data/processed/exercises/RHJ1_D_E12.txt,20,M,UK,Philosophy,2,Superior,trabajar (virtualmente) [en remoto],Substitution,Adverb,"2L, 3B","Matching, fill-in-the-blanks",to learn from my mistakes,3,0,1,1,0,0,0,0,0,0,1,1,1,1,1,1,1,0,0,1,6.25,3,1,too subtle,1,1,3.33,1,1,8.66,3,240
RHJ1_D,./data/processed/exercises/RHJ1_D_E02.txt,20,M,UK,Philosophy,2,Superior,el día siguiente (yo) tuve que trabajar,Pronoun,Pronoun,"2H, 2K, 5E","Error correction, rewriting, reflection",to learn from my mistakes,3,0,1,0,0,0,1,1,1,0,1,1,1,1,1,1,1,1,1,0,7.86,2,1,already acquired,1,1,3.33,0,0,8.66,3,240
RHJ1_D,./data/processed/exercises/RHJ1_D_E10.txt,20,M,UK,Philosophy,2,Superior,llegó (una hora entera tarde) [con una hora de retraso],Substitution,Adverb,"2M, 5E","Translation, writing",to learn from my mistakes,3,1,1,1,1,0,1,0,1,0,0,1,1,1,0,0,1,1,0,1,4.16,4,1,very useful,0,0,3.33,1,1,8.66,3,240
RHJ1_D,./data/processed/exercises/RHJ1_D_E03.txt,20,M,UK,Philosophy,2,Superior,el tren no (sólo) [solo] llegó a la estación de Guildford / si (alguién) [alguien],Creation,Adverb / Pronoun,5A,Accent placement exercise,to learn from my mistakes,3,1,1,0,0,0,0,1,0,0,0,0,1,1,0,0,0,0,0,1,10,2,1,already acquired,0,0,3.33,0,0,8.66,3,240
RHJ1_D,./data/processed/exercises/RHJ1_D_E04.txt,20,M,UK,Philosophy,2,Superior,el 22 de septiembre [de] 2024,Government,Preposition,"2G, 5E","Error correction, writing",to learn from my mistakes,3,0,1,0,0,0,0,1,1,0,1,1,1,1,1,0,0,1,0,0,3.89,3,1,relevant,0,0,3.33,1,1,8.66,3,240
BGL1_D,./data/processed/exercises/BGL1_D_E09.txt,19,F,Belgium,Language and Literature,3,Superior,la cuenta del (transmisor) [remitente] para después,Substitution,Noun,"2A, 2M","Vocabulary extraction, translation",useful,3,1,1,0,1,0,0,0,0,0,0,0,0,1,0,0,0,0,0,1,10,2,1,did not see the point,0,0,4.67,1,1,8,4,150
BGL1_D,./data/processed/exercises/BGL1_D_E12.txt,19,F,Belgium,Language and Literature,3,Superior,no nos robaran (nuestras) [las] maletas,Determination,Determiner,"2H, 2K, 5E","Error correction, rewriting, reflection",useful,3,1,1,0,0,0,0,0,1,0,1,1,1,1,1,0,1,0,1,1,10,3,1,useful for revision,1,1,4.67,1,1,8,4,150
BGL1_D,./data/processed/exercises/BGL1_D_E15.txt,19,F,Belgium,Language and Literature,3,Superior,(por) [a] causa de,Government,Preposition,5E,Multiple choice,useful,3,1,1,1,0,0,0,0,0,0,0,0,0,1,1,1,1,0,0,1,8.88,4,1,challenging and very useful,1,1,4.67,1,1,8,4,150
BGL1_D,./data/processed/exercises/BGL1_D_E14.txt,19,F,Belgium,Language and Literature,3,Superior,los estafadores le (quitaron) [robaron] más dinero,Substitution,Verb,"2L, 3B","Matching, fill-in-the-blanks",useful,3,0,1,1,0,0,0,0,0,0,1,1,1,1,1,1,1,0,0,1,10,4,1,new vocabulary,0,0,4.67,1,1,8,4,150
BGL1_D,./data/processed/exercises/BGL1_D_E01.txt,19,F,Belgium,Language and Literature,3,Superior,antes de recibir (este) [ese] cupón / nosotros en (este) [ese] momento ni siquiera,Substitution,Adjective / Adjective,2G,Rewriting,useful,3,0,1,1,0,0,0,1,1,0,1,0,0,1,1,1,1,0,1,1,10,3,1,"useful, but already done",1,1,4.67,1,1,8,4,150
BGL1_D,./data/processed/exercises/BGL1_D_E10.txt,19,F,Belgium,Language and Literature,3,Superior,aterrizamos (el) [al] día siguiente,Government,Preposition,2I,Fill-in-the-blanks,useful,3,0,1,0,0,0,0,0,1,0,0,1,1,1,1,1,0,0,0,1,9.16,2,1,"useful, but already done",0,0,4.67,1,1,8,4,150
BGL1_D,./data/processed/exercises/BGL1_D_E08.txt,19,F,Belgium,Language and Literature,3,Superior,que luego copian para (completar) [hacer] sus deberes,Substitution,Verb,"3A, 5D",Leave the odd one out,useful,3,1,1,1,0,0,0,0,0,0,0,0,0,1,0,0,1,0,0,1,2.5,4,1,challenging and very useful,0,0,4.67,0,0,8,4,150
BGL1_D,./data/processed/exercises/BGL1_D_E07.txt,19,F,Belgium,Language and Literature,3,Superior,aprenderla (algunas) [unas] semanas antes de la prueba / en tan solo (algunos) [unos] segundos,Substitution,Determiner / Determiner,2F,"Fill-in-the-blanks, reflection",useful,3,0,1,1,0,0,1,1,1,0,1,1,1,1,1,1,1,0,1,1,9.16,2,1,justifying is difficult,1,1,4.67,1,1,8,4,150
BGL1_D,./data/processed/exercises/BGL1_D_E11.txt,19,F,Belgium,Language and Literature,3,Superior,"tenemos nuestro gran examen final, (por) [para] el que tenemos que",Government,Preposition,2K,"Reflection, writing",useful,3,1,1,1,0,0,1,0,1,0,1,0,0,1,1,0,1,0,1,1,10,4,1,challenging and very useful,1,1,4.67,1,1,8,4,150
BGL1_D,./data/processed/exercises/BGL1_D_E03.txt,19,F,Belgium,Language and Literature,3,Superior,como (todos estos pequeños detalles) [cada pequeño detalle],Substitution,Adjective,"2M, 5E","Translation, writing",useful,3,1,1,1,1,0,1,0,1,0,0,1,1,1,0,0,1,1,0,1,9.16,4,1,interlinguistic comparations are very useful,0,0,4.67,0,0,8,4,150
BGL1_D,./data/processed/exercises/BGL1_D_E13.txt,19,F,Belgium,Language and Literature,3,Superior,decidió (darle) [enviarle] el dinero,Substitution,Verb,3B,Fill-in-the-blanks,useful,3,1,1,0,0,0,0,0,0,0,0,1,1,1,0,0,1,0,0,1,10,4,1,new vocabulary,1,1,4.67,1,1,8,4,150
BGL1_D,./data/processed/exercises/BGL1_D_E02.txt,19,F,Belgium,Language and Literature,3,Superior,las torres de control (en) [de] Francia,Government,Preposition,"3B, 2M","Fill-in-the-blanks, translation",useful,3,1,1,1,1,0,0,0,1,0,1,0,0,1,1,0,1,0,0,1,10,4,1,interlinguistic comparations are very useful,0,0,4.67,0,0,8,4,150
BGL1_D,./data/processed/exercises/BGL1_D_E04.txt,19,F,Belgium,Language and Literature,3,Superior,no entiendo por qué el personal del aeropuerto no nos quería comunicar que (esto) [esta] era la causa,Gender,Adjective,3B,Fill-in-the-blanks,useful,3,0,1,1,0,0,0,1,0,0,1,0,0,1,1,1,1,0,0,1,10,3,1,"useful, but already done",1,0,4.67,1,1,8,4,150
BGL1_D,./data/processed/exercises/BGL1_D_E05.txt,19,F,Belgium,Language and Literature,3,Superior,lo único que nos dieron como compensación fue un (voucher) [cupón] para comer,Creation,Noun,2G,Rewriting,useful,3,1,1,0,1,0,0,0,0,0,0,1,1,1,0,0,0,1,0,1,10,4,1,very useful,1,1,4.67,1,1,8,4,150
BGL1_D,./data/processed/exercises/BGL1_D_E06.txt,19,F,Belgium,Language and Literature,3,Superior,(en el medio de la noche) [en plena noche],Analysis,Adverb,3F,Table completion,useful,3,1,1,1,0,0,0,0,1,0,0,1,1,1,0,0,1,1,0,0,10,4,1,very interesting,0,0,4.67,1,1,8,4,150
RCF1_D,./data/processed/exercises/RCF1_D_E01.txt,20,F,UK,Economics,2,Superior,la calidad de una (casa) [cosa],Substitution,Noun,"2I, 2L, 5E","Picture-based matching, writing",it was required,2.5,1,1,1,0,0,0,0,0,1,0,0,0,1,1,1,1,1,0,0,5,1,1,not useful,0,0,2.66,1,1,4,1,120
RCF1_D,./data/processed/exercises/RCF1_D_E07.txt,20,F,UK,Economics,2,Superior,un papel (significante) [significativo] para mí,Substitution,Adjective,5E,Binary choice,it was required,2.5,1,1,1,1,0,0,1,0,0,0,0,0,1,0,0,1,0,0,1,10,2,1,too easy,0,0,2.66,1,1,4,1,120
RCF1_D,./data/processed/exercises/RCF1_D_E13.txt,20,F,UK,Economics,2,Superior,(informaciónes) [informaciones] / (evalua) [evalúa],Creation,Noun / Verb,5A,Accent placement exercise,it was required,2.5,1,1,0,0,0,0,1,0,0,0,0,1,1,0,0,0,0,0,1,7.77,4,1,useful rules,0,0,2.66,1,1,4,1,120
RCF1_D,./data/processed/exercises/RCF1_D_E14.txt,20,F,UK,Economics,2,Superior,acceso al (sistemo) [sistema] / no debería hacerles (case) [caso] /,Creation,Noun / Noun,2H,"Error correction, writing",it was required,2.5,1,1,0,0,0,0,0,0,0,0,1,1,1,1,1,0,1,0,1,10,2,1,too long,1,1,2.66,1,1,4,1,120
RCF1_D,./data/processed/exercises/RCF1_D_E15.txt,20,F,UK,Economics,2,Superior,las instrucciones que le (dijeron) [dieron],Substitution,Verb,"3A, 5D",Leave the odd one out,it was required,2.5,1,1,1,0,0,0,0,0,0,0,0,0,1,0,0,1,0,0,1,7.5,3,1,interesting,0,0,2.66,0,0,4,1,120
RCF1_D,./data/processed/exercises/RCF1_D_E03.txt,20,F,UK,Economics,2,Superior,sobre estas llamadas (estafadoras) [fraudulentas],Substitution,Adjective,"2L, 3B","Matching, fill-in-the-blanks",it was required,2.5,0,1,1,0,0,0,0,0,0,1,1,1,1,1,1,1,0,0,0,1,1,1,not relevant,0,0,2.66,0,0,4,1,120
RCF1_D,./data/processed/exercises/RCF1_D_E02.txt,20,F,UK,Economics,2,Superior,es inaceptable que existan estas llamadas y el (siguiente) [consiguiente] robo de datos,Substitution,Adjective,3B,Fill-in-the-blanks,it was required,2.5,1,1,0,0,0,0,0,0,0,0,0,0,1,0,0,1,0,0,1,8.57,3,1,useful,0,0,2.66,0,0,4,1,120
RCF1_D,./data/processed/exercises/RCF1_D_E11.txt,20,F,UK,Economics,2,Superior,queríamos (hacerles conscientes) [informarles] de que estas llamadas existen / mucho ruido (en el trasfondo) [de fondo],Analysis,Verb / Adverb,"2M, 5E","Translation, writing",it was required,2.5,1,1,1,1,0,1,0,1,0,0,1,1,1,0,0,1,1,0,1,5,4,1,challenging and very useful,0,0,2.66,0,0,4,1,120
RCF1_D,./data/processed/exercises/RCF1_D_E12.txt,20,F,UK,Economics,2,Superior,estamos seguros [de] que / ella escuchó (a) las instrucciones / nos llaman frecuentemente (en el) [al] teléfono de casa,Government,Preposition / Preposition / Preposition,5E,Multiple choice,it was required,2.5,1,1,1,0,0,0,0,0,0,0,0,0,1,1,1,1,0,0,1,7,4,1,relevant,0,0,2.66,0,0,4,1,120
RCF1_D,./data/processed/exercises/RCF1_D_E04.txt,20,F,UK,Economics,2,Superior,nosotros (somos) [estamos] seguros de que,Substitution,Verb,"1D, 2I",Sentence combining,it was required,2.5,1,1,1,0,0,0,0,1,0,1,0,0,1,1,0,1,1,0,0,1.87,2,0,does not make sense,1,1,2.66,1,1,4,1,120
RCF1_D,./data/processed/exercises/RCF1_D_E10.txt,20,F,UK,Economics,2,Superior,(nosotros) estamos seguros de que,Pronoun,Pronoun,"2H, 2K, 5E","Error correction, rewriting, reflection",it was required,2.5,0,1,0,0,0,1,1,1,0,1,1,1,1,1,1,1,1,1,0,6.42,3,1,useful,0,0,2.66,0,0,4,1,120
RCF1_D,./data/processed/exercises/RCF1_D_E05.txt,20,F,UK,Economics,2,Superior,el programa de Microsoft (en) [de] nuestro ordenador,Government,Preposition,3B,Multiple choice,it was required,2.5,0,1,1,0,0,0,1,1,0,1,0,0,1,1,0,1,0,0,1,3.33,3,1,useful but easy,0,0,2.66,0,0,4,1,120
RCF1_D,./data/processed/exercises/RCF1_D_E06.txt,20,F,UK,Economics,2,Superior,(informaciones) [información] como nuestros datos bancarios,Number,Noun,5E,Binary choice,it was required,2.5,1,1,1,0,0,0,0,0,0,0,0,0,1,0,0,1,0,0,1,6.67,2,1,not useful,0,0,2.66,0,0,4,1,120
RCF1_D,./data/processed/exercises/RCF1_D_E08.txt,20,F,UK,Economics,2,Superior,nos llaman (frequentemente) [frecuentemente],Creation,Adverb,2D,"Fill-in-the-blanks, reflection",it was required,2.5,1,1,0,0,0,1,1,0,0,0,0,0,1,0,0,0,0,0,0,3.33,1,1,too long,0,0,2.66,0,0,4,1,120
RCF1_D,./data/processed/exercises/RCF1_D_E09.txt,20,F,UK,Economics,2,Superior,equipo de (Microsoft Customer Service) [Servicio de Atención al Cliente de Microsoft],Creation,Noun,2G,Rewriting,it was required,2.5,1,1,0,1,0,0,0,0,0,0,1,1,1,0,0,0,1,0,1,8.57,4,1,very useful,0,0,2.66,0,0,4,1,120
RDL1_D,./data/processed/exercises/RDL1_D_E02.txt,19,F,UK,Language and Literature,3,Superior,me dirijo a (tu) [ti],Pronoun,Pronoun,2H,Error correction,it was required,3,0,1,1,0,0,0,1,1,0,1,0,0,1,1,1,1,0,0,1,8,3,1,relevant,1,1,5.33,1,1,4.66,3,150
RDL1_D,./data/processed/exercises/RDL1_D_E10.txt,19,F,UK,Language and Literature,3,Superior,"me dirijo a (ti) [usted] / (gracias) [atentamente, ]",Substitution,Pronoun / Adverb,"2N, 2G","Rewriting, reflection",it was required,3,1,1,1,0,0,1,0,0,0,1,1,1,1,1,1,1,0,1,1,9.4,4,1,relevant,0,0,5.33,0,0,4.66,3,150
RDL1_D,./data/processed/exercises/RDL1_D_E11.txt,19,F,UK,Language and Literature,3,Superior,una queja formal relativa (de) [a] estafas y fraudes,Government,Preposition,5E,Multiple choice,it was required,3,1,1,1,0,0,0,0,0,0,0,0,0,1,1,1,1,0,0,1,3.75,3,1,frequent mistake,1,1,5.33,0,0,4.66,3,150
RDL1_D,./data/processed/exercises/RDL1_D_E03.txt,19,F,UK,Language and Literature,3,Superior,me dirijo [a] ti / las estafas y los fraudes afectan [a] las personas de todo el mundo / atrapar y castigar [a] los estafadores / proteger [a] los consumidores,Government,Preposition / Preposition / Preposition / Preposition,3B,Binary choice,it was required,3,0,1,0,0,0,0,1,1,0,1,0,0,1,1,0,1,0,0,1,10,3,1,relevant,1,1,5.33,1,1,4.66,3,150
RDL1_D,./data/processed/exercises/RDL1_D_E07.txt,19,F,UK,Language and Literature,3,Superior,me engañó (uno) [una] tienda (falso) [falsa] en línea / llamadas telefónicas (fraudulentos) [fraudulentas] / combatir (esta) [este] problema creciente,Gender,Noun / Noun / Noun,1A,Fill-in-the-blanks,it was required,3,1,1,0,0,0,0,1,1,0,0,0,1,1,0,0,0,0,0,1,9,2,1,too easy,1,1,5.33,1,1,4.66,3,150
RDL1_D,./data/processed/exercises/RDL1_D_E09.txt,19,F,UK,Language and Literature,3,Superior,"a menudo parecen muy reales y convincentes, [lo] que facilita que la gente caiga en ellas",Pronoun,Pronoun,2G,Sentence combining,it was required,3,1,1,1,0,0,0,0,1,0,1,0,0,1,1,0,1,1,0,1,5,4,1,very useful,0,0,5.33,0,0,4.66,3,150
RDL1_D,./data/processed/exercises/RDL1_D_E05.txt,19,F,UK,Language and Literature,3,Superior,esto no solo causa (perdidas) [pérdidas] económicas / (mas) [más] estrictas,Substitution,Noun / Adverb,"2L, 2M, 5E","Matching, writing",it was required,3,0,1,1,1,0,0,0,0,0,0,0,0,1,1,1,1,1,0,1,9.5,2,1,not a relevant mistake,1,1,5.33,0,0,4.66,3,150
RDL1_D,./data/processed/exercises/RDL1_D_E14.txt,19,F,UK,Language and Literature,3,Superior,(ademas) [además],Creation,Adverb,5A,Accent placement exercise,it was required,3,1,1,0,0,0,0,1,0,0,0,0,1,1,0,0,0,0,0,1,9,2,1,too easy,1,1,5.33,1,1,4.66,3,150
RDL1_D,./data/processed/exercises/RDL1_D_E06.txt,19,F,UK,Language and Literature,3,Superior,educar (al público) [a la población] sobre los riesgos,Substitution,Noun,2K,Reflection,it was required,3,1,1,1,0,0,1,1,1,0,1,0,0,1,0,0,1,0,1,1,10,3,1,varied vocabulary,0,0,5.33,0,0,4.66,3,150
RDL1_D,./data/processed/exercises/RDL1_D_E08.txt,19,F,UK,Language and Literature,3,Superior,es un (bien) [buen] comienzo,Substitution,Adverb,2F,"Binary choice, reflection",it was required,3,1,1,1,0,0,1,0,0,0,1,0,1,1,1,0,1,0,0,1,7.5,4,1,relevant,1,1,5.33,1,1,4.66,3,150
RDL1_D,./data/processed/exercises/RDL1_D_E15.txt,19,F,UK,Language and Literature,3,Superior,puede (estar) dificultar el éxito,Excess word,Verb,"2M, 5E","Translation, writing",it was required,3,1,1,1,1,0,1,0,1,0,0,1,1,1,0,0,1,1,0,1,5.83,4,1,relevant,0,0,5.33,0,0,4.66,3,150
RDL1_D,./data/processed/exercises/RDL1_D_E12.txt,19,F,UK,Language and Literature,3,Superior,(pro activo) [proactivo],Creation,Adjective,"2J, 1D",Writing,it was required,3,1,1,0,0,0,0,1,1,0,0,1,1,1,1,1,0,1,0,1,8,2,1,too easy,1,1,5.33,1,1,4.66,3,150
RDL1_D,./data/processed/exercises/RDL1_D_E01.txt,19,F,UK,Language and Literature,3,Superior,estaba muy (emocionado) [emocionada] / me sentí (afortunado) [afortunada] / estaba muy (asustado) [asustada],Gender,Noun / Noun / Noun,2N,"Error correction, rewriting, reflection",it was required,3,1,1,1,0,0,1,0,0,0,1,1,1,1,1,1,1,0,1,1,8.75,4,1,very useful,0,0,5.33,1,1,4.66,3,150
RDL1_D,./data/processed/exercises/RDL1_D_E13.txt,19,F,UK,Language and Literature,3,Superior,estaba (tan) [muy] asustada mientras buscaba en línea,Substitution,Adverb,5E,Binary choice,it was required,3,0,1,1,0,0,0,1,1,0,1,1,1,1,1,0,1,0,0,1,7.27,4,1,new vocabulary,0,0,5.33,0,0,4.66,3,150
RDL1_D,./data/processed/exercises/RDL1_D_E04.txt,19,F,UK,Language and Literature,3,Superior,estaba muy triste por (haberme) [haber] caído en una estafa,Pronoun,Verb,2K,"Reflection, writing",it was required,3,0,1,1,0,0,1,0,1,0,1,0,0,1,1,0,1,0,1,1,6.25,2,1,too difficult,0,0,5.33,0,0,4.66,3,150
ASM1_D,./data/processed/exercises/ASM1_D_E14.txt,20,F,Germany,Education,3,Superior,el nerviosismo me (dejaba) [hacía] olvidar que tenía que cargar mi portátil,Substitution,Verb,3I,"Situation matching, reflection",it was required,2,1,0,1,0,0,1,0,0,0,1,0,0,1,1,0,1,0,1,1,6.25,4,1,very useful,1,1,4.67,1,1,6.66,2.5,180
ASM1_D,./data/processed/exercises/ASM1_D_E09.txt,20,F,Germany,Education,3,Superior,y (vine) [fui] con mi madre allí,Substitution,Verb,"2I, 5E","Picture-based writing, reflection",it was required,2,0,0,1,0,0,1,1,0,1,0,1,1,1,1,0,1,1,1,1,10,4,1,very useful,1,0,4.67,1,1,6.66,2.5,180
ASM1_D,./data/processed/exercises/ASM1_D_E12.txt,20,F,Germany,Education,3,Superior,alguien me (vendó) [vendió] un billete,Substitution,Verb,"2I, 2L, 5E","Picture-based matching, writing",it was required,2,1,0,1,0,0,0,0,0,1,0,0,0,1,1,1,1,1,0,1,8.75,2,1,only useful to learn new vocabulary,0,0,4.67,0,0,6.66,2.5,180
ASM1_D,./data/processed/exercises/ASM1_D_E15.txt,20,F,Germany,Education,3,Superior,confío [en] que este problema sea tratado / estaba esperando frente (de) [a] mi portátil / luché [para] encenderlo otra vez,Government,Preposition / Preposition / Preposition,5E,Multiple choice,it was required,2,1,0,1,0,0,0,0,0,0,0,0,0,1,1,1,1,0,0,1,6.36,3,1,lack of guidance,1,1,4.67,1,1,6.66,2.5,180
ASM1_D,./data/processed/exercises/ASM1_D_E06.txt,20,F,Germany,Education,3,Superior,que solo [se] quieren (provechar) [beneficiar] de las compras,Pronoun,Verb,"2M, 5E","Translation, writing",it was required,2,1,0,1,1,0,1,0,1,0,0,1,1,1,0,0,1,1,0,1,10,2,1,not helpful,0,0,4.67,0,0,6.66,2.5,180
ASM1_D,./data/processed/exercises/ASM1_D_E10.txt,20,F,Germany,Education,3,Superior,(yo) estaba muy triste,Pronoun,Pronoun,"2H, 2K, 5E","Error correction, rewriting, reflection",it was required,2,0,0,0,0,0,1,1,1,0,1,1,1,1,1,1,1,1,1,0,7.86,3,1,lack of guidance,1,1,4.67,0,0,6.66,2.5,180
ASM1_D,./data/processed/exercises/ASM1_D_E07.txt,20,F,Germany,Education,3,Superior,estoy harta de (expresas) [empresas] como la suya,Substitution,Noun,2F,"Binary choice, reflection",it was required,2,1,0,1,0,0,1,0,0,0,1,0,1,1,1,0,1,0,1,1,10,1,1,already acquired,1,1,4.67,1,1,6.66,2.5,180
ASM1_D,./data/processed/exercises/ASM1_D_E11.txt,20,F,Germany,Education,3,Superior,el portátil [se] apagó,Pronoun,Verb,2K,"Reflection, writing",it was required,2,0,0,1,0,0,1,0,1,0,1,0,0,1,1,0,1,0,1,0,0,1,0,too difficult,0,0,4.67,1,1,6.66,2.5,180
ASM1_D,./data/processed/exercises/ASM1_D_E01.txt,20,F,Germany,Education,3,Superior,(recelo) [desconfío] mucho [de] la veracidad de estas promesas,Substitution,Verb,2F,"Binary choice, reflection",it was required,2,1,0,1,0,0,1,0,0,0,1,0,1,1,1,0,1,0,1,1,10,3,1,new vocabulary,1,1,4.67,1,1,6.66,2.5,180
ASM1_D,./data/processed/exercises/ASM1_D_E08.txt,20,F,Germany,Education,3,Superior,estoy (harto) [harta] de empresas como la suya,Gender,Noun,2N,"Error correction, rewriting, reflection",it was required,2,1,0,1,0,0,1,0,0,0,1,1,1,1,1,1,1,0,1,1,7.14,2,1,lack of guidance,0,0,4.67,1,1,6.66,2.5,180
ASM1_D,./data/processed/exercises/ASM1_D_E13.txt,20,F,Germany,Education,3,Superior,me contó que ese billete no era (real) [auténtico],Substitution,Adjective,"2L, 3B","Matching, fill-in-the-blanks",it was required,2,0,0,1,0,0,0,0,0,0,1,1,1,1,1,1,1,0,0,1,6,3,1,too difficult,1,0,4.67,1,1,6.66,2.5,180
ASM1_D,./data/processed/exercises/ASM1_D_E05.txt,20,F,Germany,Education,3,Superior,me contó que (este) [ese] billete no era auténtico,Substitution,Adjective,2G,Rewriting,it was required,2,0,0,1,0,0,0,1,1,0,1,0,0,1,1,1,1,0,1,1,8.57,2,1,already acquired,1,0,4.67,1,1,6.66,2.5,180
ASM1_D,./data/processed/exercises/ASM1_D_E03.txt,20,F,Germany,Education,3,Superior,la mujer (en) [de] la entrada,Government,Preposition,3B,Multiple choice,it was required,2,1,0,1,0,0,0,1,1,0,1,0,0,1,1,0,1,0,0,1,8.88,3,1,useful explanation,0,0,4.67,0,0,6.66,2.5,180
ASM1_D,./data/processed/exercises/ASM1_D_E04.txt,20,F,Germany,Education,3,Superior,mi madre encontró (un livestream) [una transmisión en vivo] en Instagram,Creation,Noun,2G,Rewriting,it was required,2,1,0,0,0,1,0,0,0,0,0,1,1,1,0,0,0,1,0,1,7.14,3,1,had to look for additional information,1,1,4.67,0,0,6.66,2.5,180
ASM1_D,./data/processed/exercises/ASM1_D_E02.txt,20,F,Germany,Education,3,Superior,con (respeto) [respecto] a,Substitution,Preposition,"2F, 2M","Multiple choice, translation, reflection",it was required,2,1,0,1,0,1,1,0,0,0,1,1,1,1,1,1,1,0,1,0,7,1,1,already acquired,1,1,4.67,1,1,6.66,2.5,180
RHO1_D,./data/processed/exercises/RHO1_D_E13.txt,20,F,UK,Language and Literature,2,Superior,400 libras de mis (propias finanzas) [propios ahorros],Substitution,Noun,5E,Binary choice,it was good practice,4,1,1,1,0,1,0,1,0,0,0,0,0,1,0,0,1,0,0,1,6.67,4,1,very useful,1,1,3,1,1,3.66,2,225
RHO1_D,./data/processed/exercises/RHO1_D_E12.txt,20,F,UK,Language and Literature,2,Superior,he perdido más (que) [de] 400 libras,Government,Preposition,3B,Multiple choice,it was good practice,4,1,1,1,0,0,0,0,0,0,0,0,0,1,1,1,1,0,0,1,8.57,3,1,useful,1,1,3,1,1,3.66,2,225
RHO1_D,./data/processed/exercises/RHO1_D_E11.txt,20,F,UK,Language and Literature,2,Superior,(yo) tuviera la peor experiencia de mi vida,Pronoun,Pronoun,"2H, 2K, 5E","Error correction, rewriting, reflection",it was good practice,4,0,1,0,0,0,1,1,1,0,1,1,1,1,1,1,1,1,1,0,4.28,3,1,useful,0,0,3,0,0,3.66,2,225
RHO1_D,./data/processed/exercises/RHO1_D_E07.txt,20,F,UK,Language and Literature,2,Superior,es (abominable) [inaceptable] que,Substitution,Adjective,5F,"Scale of intensity, reflection",it was good practice,4,1,1,1,0,0,1,0,0,0,0,0,0,1,1,0,1,0,1,0,4.5,3,1,useful,0,0,3,1,1,3.66,2,225
RHO1_D,./data/processed/exercises/RHO1_D_E02.txt,20,F,UK,Language and Literature,2,Superior,recibir comentarios condescendientes y muy poco comprensivos (de) [por parte de] su centro de atención telefónica,Government,Preposition,3B,Fill-in-the-blanks,it was good practice,4,1,1,0,0,0,0,0,0,0,0,0,0,1,0,0,1,0,0,1,10,3,1,useful,0,0,3,0,0,3.66,2,225
RHO1_D,./data/processed/exercises/RHO1_D_E08.txt,20,F,UK,Language and Literature,2,Superior,expliqué mi experiencia (sólo) [solo] para recibir comentarios,Creation,Adverb,5A,Accent placement exercise,it was good practice,4,1,1,0,0,0,0,1,0,0,0,0,1,1,0,0,0,0,0,1,9.21,3,1,useful,0,0,3,0,0,3.66,2,225
RHO1_D,./data/processed/exercises/RHO1_D_E01.txt,20,F,UK,Language and Literature,2,Superior,aseguró mi cuenta (por congelarla) [congelándola],Substitution,Adverb,"2M, 5E","Translation, reflection",it was good practice,4,1,1,1,1,0,1,0,1,0,1,0,0,1,0,0,1,0,1,1,10,3,1,the solution is missing,0,0,3,1,1,3.66,2,225
RHO1_D,./data/processed/exercises/RHO1_D_E05.txt,20,F,UK,Language and Literature,2,Superior,después de unas largas horas de (lucha) [esfuerzo],Substitution,Noun,"2L, 5E","Picture-based matching, reflection",it was good practice,4,1,1,1,0,0,1,0,0,1,1,0,0,1,1,0,1,0,1,1,9.16,3,1,useful,0,0,3,1,1,3.66,2,225
RHO1_D,./data/processed/exercises/RHO1_D_E04.txt,20,F,UK,Language and Literature,2,Superior,a pesar de que el (banquero) [asesor bancario] no tuvo éxito,Substitution,Noun,"2A, 2M","Vocabulary extraction, translation",it was good practice,4,1,1,0,1,0,0,0,0,0,0,0,0,1,0,0,0,0,0,0,5,2,1,not relevant,0,0,3,0,0,3.66,2,225
RHO1_D,./data/processed/exercises/RHO1_D_E09.txt,20,F,UK,Language and Literature,2,Superior,(¿Seguramente usted puede estar de acuerdo con el hecho de que esto no es aceptable?) [Estará de acuerdo en que esto es inaceptable],Analysis,Verb,"2M, 5E","Translation, writing",it was good practice,4,1,1,1,1,0,1,0,1,0,0,1,1,1,0,0,1,1,0,1,6.67,4,1,very useful,1,0,3,1,0,3.66,2,225
RHO1_D,./data/processed/exercises/RHO1_D_E10.txt,20,F,UK,Language and Literature,2,Superior,podía acceder [a] mis datos personales,Government,Preposition,"3H, 5E","Table-based collocation combining, writing",it was good practice,4,1,1,1,0,0,0,0,0,0,0,0,0,1,1,1,1,1,0,0,3,2,1,too long,0,0,3,0,0,3.66,2,225
RHO1_D,./data/processed/exercises/RHO1_D_E06.txt,20,F,UK,Language and Literature,2,Superior,contemplando (como) [cómo] alguien,Substitution,Adverb,"2L, 2M, 5E","Matching, writing",it was good practice,4,0,1,1,1,0,0,0,0,0,0,0,0,1,1,1,1,1,0,0,5,4,1,very useful,1,1,3,0,0,3.66,2,225
RHO1_D,./data/processed/exercises/RHO1_D_E15.txt,20,F,UK,Language and Literature,2,Superior,es importante llamar su atención (a) [sobre] la necesidad de proteger a sus clientes / me alertó [de] que alguien,Government,Preposition / Preposition,5E,Multiple choice,it was good practice,4,1,1,1,0,0,0,0,0,0,0,0,0,1,1,1,1,0,0,1,6.81,3,1,useful,0,0,3,0,0,3.66,2,225
RHO1_D,./data/processed/exercises/RHO1_D_E03.txt,20,F,UK,Language and Literature,2,Superior,una compra (de) [en] la plataforma digital,Government,Preposition,3B,Multiple choice,it was good practice,4,0,1,1,0,0,0,1,1,0,1,0,0,1,1,0,1,0,0,1,6.67,3,1,useful,1,1,3,0,0,3.66,2,225
RHO1_D,./data/processed/exercises/RHO1_D_E14.txt,20,F,UK,Language and Literature,2,Superior,tuviera la peor experiencia [de mi vida],Ellipsis,Preposition,"2H, 2K, 5E","Error correction, rewriting, reflection",it was good practice,4,0,1,0,0,0,1,1,0,0,1,1,1,1,1,0,0,0,1,1,6.36,3,1,useful,0,0,3,0,0,3.66,2,225
CCQ1_D,./data/processed/exercises/CCQ1_D_E03.txt,20,M,China,Language and Literature,3,Superior,la chica (recogió) [se quedó] el dinero,Substitution,Verb,"2M, 5E","Translation, writing",to reflect on my mistakes,4,1,0,1,1,0,1,0,1,0,0,1,1,1,0,0,1,1,0,1,10,4,1,excellent for Chinese students,1,1,7.33,1,1,8.33,4,60
CCQ1_D,./data/processed/exercises/CCQ1_D_E01.txt,20,M,China,Language and Literature,3,Superior,para (atraerla a) [convencerla de] transferir el dinero,Substitution,Verb,"2L, 5E","Picture-based matching, reflection",to reflect on my mistakes,4,1,0,1,0,0,1,0,0,1,1,0,0,1,1,0,1,0,1,0,5,4,1,very useful,1,1,7.33,1,1,8.33,4,60
CCQ1_D,./data/processed/exercises/CCQ1_D_E15.txt,20,M,China,Language and Literature,3,Superior,que me causaron durante (mi) [el] viaje,Determination,Determiner,"2H, 2K, 5E","Error correction, rewriting, reflection",to reflect on my mistakes,4,1,0,0,0,0,0,0,1,0,1,1,1,1,1,0,1,0,1,1,10,4,1,very useful,0,0,7.33,1,1,8.33,4,60
CCQ1_D,./data/processed/exercises/CCQ1_D_E14.txt,20,M,China,Language and Literature,3,Superior,las molestias y (las inconveniencias) [los inconvenientes],Substitution,Noun,5E,"Writing, reflection",to reflect on my mistakes,4,0,0,1,0,0,1,1,0,0,1,0,0,1,1,0,1,1,1,1,10,2,1,too easy,1,1,7.33,0,0,8.33,4,60
CCQ1_D,./data/processed/exercises/CCQ1_D_E13.txt,20,M,China,Language and Literature,3,Superior,para (recuperar) [compensar] las molestias,Substitution,Verb,"2L, 3B","Matching, fill-in-the-blanks",to reflect on my mistakes,4,0,0,1,0,0,0,0,0,0,1,1,1,1,1,1,1,0,0,1,10,2,1,not relevant,1,1,7.33,0,0,8.33,4,60
CCQ1_D,./data/processed/exercises/CCQ1_D_E09.txt,20,M,China,Language and Literature,3,Superior,pagado junto con una (recompensa) [indemnización] de 500 euros,Substitution,Noun,3I,"Situation matching, reflection",to reflect on my mistakes,4,1,0,1,0,0,1,0,0,0,1,0,0,1,1,0,1,0,1,0,5,3,1,useful,0,0,7.33,1,1,8.33,4,60
CCQ1_D,./data/processed/exercises/CCQ1_D_E08.txt,20,M,China,Language and Literature,3,Superior,exijo una compensación (correctiva) [económica],Substitution,Adjective,"3A, 5D",Leave the odd one out,to reflect on my mistakes,4,1,0,1,0,0,0,0,0,0,0,0,0,1,0,0,1,0,0,1,7.5,4,1,very useful,1,1,7.33,1,1,8.33,4,60
CCQ1_D,./data/processed/exercises/CCQ1_D_E12.txt,20,M,China,Language and Literature,3,Superior,exijo una compensación correctiva (y) [e] inmediata,Substitution,Conjunctive phrase,3B,Fill-in-the-blanks,to reflect on my mistakes,4,0,0,1,0,0,0,0,1,0,1,0,0,1,1,1,1,0,0,1,10,2,1,too easy,0,0,7.33,0,0,8.33,4,60
CCQ1_D,./data/processed/exercises/CCQ1_D_E11.txt,20,M,China,Language and Literature,3,Superior,se desentendió totalmente de nuestra (circunstancia) [situación],Substitution,Noun,3B,Multiple choice,to reflect on my mistakes,4,1,0,1,0,0,0,0,0,0,1,0,0,1,1,0,1,0,0,1,8,4,1,very difficult,0,0,7.33,1,1,8.33,4,60
CCQ1_D,./data/processed/exercises/CCQ1_D_E05.txt,20,M,China,Language and Literature,3,Superior,su agente se (desatendió) [desentendió] totalmente,Substitution,Verb,2F,"Binary choice, reflection",to reflect on my mistakes,4,1,0,1,0,0,1,0,0,0,1,0,1,1,1,0,1,0,1,1,10,4,1,very useful,1,1,7.33,1,1,8.33,4,60
CCQ1_D,./data/processed/exercises/CCQ1_D_E02.txt,20,M,China,Language and Literature,3,Superior,"(de acuerdo con) [ante] semejante situación, les llamé inmediatamente",Government,Preposition,3B,Fill-in-the-blanks,to reflect on my mistakes,4,1,0,0,0,0,0,0,0,0,0,0,0,1,0,0,1,0,0,1,10,4,1,very useful,0,0,7.33,1,1,8.33,4,60
CCQ1_D,./data/processed/exercises/CCQ1_D_E07.txt,20,M,China,Language and Literature,3,Superior,que la habitación (fuera) [estuviera] tan desordenada y sucia,Substitution,Verb,"1D, 2I",Sentence combining,to reflect on my mistakes,4,1,0,1,0,0,0,0,1,0,1,0,0,1,1,0,1,1,0,0,3.75,3,1,confusing,1,1,7.33,1,1,8.33,4,60
CCQ1_D,./data/processed/exercises/CCQ1_D_E06.txt,20,M,China,Language and Literature,3,Superior,la habitación no [se] correspondía con las fotos en ningún aspecto,Pronoun,Verb,2K,"Reflection, writing",to reflect on my mistakes,4,0,0,1,0,0,1,0,1,0,1,0,0,1,1,0,1,0,1,1,10,3,1,focused,1,1,7.33,0,0,8.33,4,60
CCQ1_D,./data/processed/exercises/CCQ1_D_E04.txt,20,M,China,Language and Literature,3,Superior,cerca de (las costas) [la costa],Number,Noun,5E,Binary choice,to reflect on my mistakes,4,1,0,1,0,0,0,0,0,0,0,0,0,1,0,0,1,0,0,1,10,3,1,interesting,1,1,7.33,1,1,8.33,4,60
CCQ1_D,./data/processed/exercises/CCQ1_D_E10.txt,20,M,China,Language and Literature,3,Superior,(debiá) [debía] ser / que se (sitúaba) [situaba],Creation,Verb / Verb,5A,Accent placement exercise,to reflect on my mistakes,4,1,0,0,0,0,0,1,0,0,0,0,1,1,0,0,0,0,0,1,9.47,3,1,too easy,1,1,7.33,1,1,8.33,4,60
AWA1_D,./data/processed/exercises/AWA1_D_E13.txt,20,F,Germany,Engineering,3,Superior,a su número [de] teléfono,Government,Preposition,"2A, 2M","Vocabulary extraction, translation",to learn from my mistakes,3,1,1,0,1,0,0,0,0,0,0,0,0,1,0,0,0,0,0,1,5,1,1,too easy,1,1,6.67,1,1,7,3.5,270
AWA1_D,./data/processed/exercises/AWA1_D_E14.txt,20,F,Germany,Engineering,3,Superior,no tuvo tanta (suerto) [suerte],Creation,Noun,"2H, 5E","Error correction, writing",to learn from my mistakes,3,1,1,0,0,0,0,0,0,0,0,1,1,1,1,1,0,1,0,0,3.33,2,1,lack of context,1,1,6.67,0,0,7,3.5,270
AWA1_D,./data/processed/exercises/AWA1_D_E08.txt,20,F,Germany,Engineering,3,Superior,no tuvo (tan) [tanta] suerte,Substitution,Adjective,3B,Fill-in-the-blanks,to learn from my mistakes,3,0,1,1,0,0,0,1,1,0,1,1,1,1,1,0,1,0,0,1,10,4,1,new vocabulary,1,1,6.67,0,0,7,3.5,270
AWA1_D,./data/processed/exercises/AWA1_D_E07.txt,20,F,Germany,Engineering,3,Superior,hasta ahora (estaba) [era] fácil para mí,Substitution,Verb,"1D, 2I",Sentence combining,to learn from my mistakes,3,1,1,1,0,0,0,0,1,0,1,0,0,1,1,0,1,1,0,1,0,1,0,too long,0,0,6.67,0,0,7,3.5,270
AWA1_D,./data/processed/exercises/AWA1_D_E12.txt,20,F,Germany,Engineering,3,Superior,uno de (estes) [estos] mensajes,Creation,Adjective,3B,Fill-in-the-blanks,to learn from my mistakes,3,0,1,1,0,0,0,1,0,0,1,0,0,1,1,1,1,0,0,1,8.18,4,1,useful but complex,0,0,6.67,0,0,7,3.5,270
AWA1_D,./data/processed/exercises/AWA1_D_E03.txt,20,F,Germany,Engineering,3,Superior,con el (envió) [envío] / (mi) [mí],Substitution,Noun / Pronoun,"2L, 2M, 5E","Matching, writing",to learn from my mistakes,3,0,1,1,1,0,0,0,0,0,0,0,0,1,1,1,1,1,0,0,5,3,1,useful,1,1,6.67,1,1,7,3.5,270
AWA1_D,./data/processed/exercises/AWA1_D_E11.txt,20,F,Germany,Engineering,3,Superior,espero una solución rápida (de) [a] esta situación / el pago realizado (de) [por] la renta / lo descargó (a) [en] su móvil,Government,Preposition / Preposition / Preposition,5E,Multiple choice,to learn from my mistakes,3,1,1,1,0,0,0,0,0,0,0,0,0,1,1,1,1,0,0,1,7.27,3,1,useful,1,1,6.67,1,1,7,3.5,270
AWA1_D,./data/processed/exercises/AWA1_D_E10.txt,20,F,Germany,Engineering,3,Superior,me (presentó) [mostró] una lista,Substitution,Verb,"3A, 5D",Leave the odd one out,to learn from my mistakes,3,1,1,1,0,0,0,0,0,0,0,0,0,1,0,0,1,0,0,1,5,3,1,useful,0,0,6.67,0,0,7,3.5,270
AWA1_D,./data/processed/exercises/AWA1_D_E09.txt,20,F,Germany,Engineering,3,Superior,la vivienda no está [para] nada en el mismo estado que en las fotos,Ellipsis,Preposition,"2M, 5E","Translation, writing",to learn from my mistakes,3,1,1,1,1,0,1,0,1,0,0,1,1,1,0,0,1,1,0,1,8.33,4,1,very useful,1,1,6.67,1,1,7,3.5,270
AWA1_D,./data/processed/exercises/AWA1_D_E01.txt,20,F,Germany,Engineering,3,Superior,(se) falta la mitad del inventario,Pronoun,Verb,2K,"Reflection, writing",to learn from my mistakes,3,0,1,1,0,0,1,0,1,0,1,0,0,1,1,0,1,0,1,1,8.75,2,1,solution already given,1,1,6.67,1,1,7,3.5,270
AWA1_D,./data/processed/exercises/AWA1_D_E02.txt,20,F,Germany,Engineering,3,Superior,(pagina) [página] web / (ningun) [ningún] / (facíl) [fácil],Creation,Noun / Adjective / Adjective,5A,Accent placement exercise,to learn from my mistakes,3,1,1,0,0,0,0,1,0,0,0,0,1,1,0,0,0,0,0,1,10,2,1,complex rules,1,1,6.67,1,1,7,3.5,270
AWA1_D,./data/processed/exercises/AWA1_D_E15.txt,20,F,Germany,Engineering,3,Superior,me dijo que debería firmarla para recibir las (claves) [llaves],Substitution,Noun,2F,"Binary choice, reflection",to learn from my mistakes,3,1,1,1,0,0,1,0,0,0,1,0,1,1,1,0,1,0,1,1,8.33,3,1,too long,1,1,6.67,1,1,7,3.5,270
AWA1_D,./data/processed/exercises/AWA1_D_E04.txt,20,F,Germany,Engineering,3,Superior,el día 6 de (Septiembre) [septiembre] de 2024,Substitution,Noun,"2G, 5E","Error correction, writing",to learn from my mistakes,3,0,1,0,0,0,0,1,1,0,1,1,1,1,1,0,0,1,0,0,4.38,4,1,useful examples,1,1,6.67,1,0,7,3.5,270
AWA1_D,./data/processed/exercises/AWA1_D_E05.txt,20,F,Germany,Engineering,3,Superior,cuando firmé el contrato para (dicho) [dicha] vivienda / (varias) [varios] mensajes / (algunas) [algunos] problemas / (una) [un] programa malicioso,Gender,Noun / Noun / Noun / Noun,1A,Fill-in-the-blanks,to learn from my mistakes,3,1,1,0,0,0,0,1,1,0,0,0,1,1,0,0,0,0,0,1,9,3,1,useful,1,1,6.67,1,1,7,3.5,270
AWA1_D,./data/processed/exercises/AWA1_D_E06.txt,20,F,Germany,Engineering,3,Superior,con respecto a la vivienda (en) [de] la C/ Valencia,Government,Preposition,3B,Multiple choice,to learn from my mistakes,3,0,1,1,0,0,0,1,1,0,1,0,0,1,1,0,1,0,0,1,8.33,2,1,too long,0,0,6.67,1,1,7,3.5,270
RRS1_D,./data/processed/exercises/RRS1_D_E10.txt,20,F,UK,Economics,2,Heritage,y comencé a (llenar) [rellenar] el formulario,Substitution,Verb,"3A, 5D",Leave the odd one out,it was required,3,1,1,1,0,0,0,0,0,0,0,0,0,1,0,0,1,0,0,1,5,3,1,useful,1,1,3.33,0,0,0,3,90
RRS1_D,./data/processed/exercises/RRS1_D_E09.txt,20,F,UK,Economics,2,Heritage,al (darme) [dar] cuenta de lo sucedido a mi madre,Pronoun,Verb,2F,"Binary choice, reflection",it was required,3,1,1,1,0,0,1,0,0,0,1,0,1,1,1,0,1,0,1,0,5,3,1,useful,1,1,3.33,0,0,0,3,90
RRS1_D,./data/processed/exercises/RRS1_D_E04.txt,20,F,UK,Economics,2,Heritage,y siempre me (ha) [han] apasionado el idioma y la cultura / mi amor por la lengua y la cultura (hispanohablante) [hispanohablantes],Number,Noun,5E,Multiple choice,it was required,3,1,1,0,0,0,0,0,0,0,1,0,0,1,0,0,1,0,0,1,10,4,1,very useful,1,1,3.33,0,0,0,3,90
RRS1_D,./data/processed/exercises/RRS1_D_E13.txt,20,F,UK,Economics,2,Heritage,perfeccionar (mi capacidad) [mis habilidades] de expresión oral y escrita,Substitution,Noun,"3I, 2F","Situation matching, fill-in-the-blanks, reflection",it was required,3,0,1,1,0,0,1,0,1,0,1,0,0,1,1,0,1,0,1,1,6,3,1,useful,0,0,3.33,0,0,0,3,90
RRS1_D,./data/processed/exercises/RRS1_D_E12.txt,20,F,UK,Economics,2,Heritage,obtener nuevas perspectivas (en) [sobre] temas complejos,Government,Preposition,5E,Multiple choice,it was required,3,1,1,1,0,0,0,0,0,0,0,0,0,1,1,1,1,0,0,1,4.54,4,1,very useful,0,0,3.33,0,0,0,3,90
RRS1_D,./data/processed/exercises/RRS1_D_E01.txt,20,F,UK,Economics,2,Heritage,la evaluación también permite (ajustar) [adaptar] los métodos de enseñanza,Substitution,Verb,"2L, 3B","Matching, fill-in-the-blanks",it was required,3,0,1,1,0,0,0,0,0,0,1,1,1,1,1,1,1,0,0,1,10,4,1,very useful,0,0,3.33,0,0,0,3,90
RRS1_D,./data/processed/exercises/RRS1_D_E03.txt,20,F,UK,Economics,2,Heritage,evaluación entre (compañeros) [pares],Substitution,Noun,"2A, 2M","Vocabulary extraction, translation",it was required,3,1,1,0,1,0,0,0,0,0,0,0,0,1,0,0,0,0,0,1,10,3,1,useful,1,1,3.33,0,0,0,3,90
RRS1_D,./data/processed/exercises/RRS1_D_E11.txt,20,F,UK,Economics,2,Heritage,fui víctima de una estafa por [culpa de] alguien que se hizo pasar por,Government,Preposition,3B,Fill-in-the-blanks,it was required,3,1,1,0,0,0,0,0,0,0,0,0,0,1,0,0,1,0,0,1,3.33,4,1,very useful,0,0,3.33,0,0,0,3,90
RRS1_D,./data/processed/exercises/RRS1_D_E05.txt,20,F,UK,Economics,2,Heritage,(ella) me alertó sobre la posibilidad,Pronoun,Pronoun,"2H, 2K, 5E","Error correction, rewriting, reflection",it was required,3,0,1,0,0,0,1,1,1,0,1,1,1,1,1,1,1,1,1,0,7.33,4,1,very useful,0,0,3.33,0,0,0,3,90
RRS1_D,./data/processed/exercises/RRS1_D_E14.txt,20,F,UK,Economics,2,Heritage,para evitar (mayores) [grandes] perjuicios,Substitution,Adjective,"2G, 5E","Error correction, reflection",it was required,3,1,1,1,0,0,1,0,0,0,1,1,1,1,1,0,1,0,1,1,4.6,4,1,very useful,0,0,3.33,0,0,0,3,90
RRS1_D,./data/processed/exercises/RRS1_D_E08.txt,20,F,UK,Economics,2,Heritage,considero inaceptable que personas (inescrupulosas) [sin escrúpulos],Substitution,Adjective,5F,"Scale of intensity, reflection",it was required,3,1,1,1,0,0,1,0,0,0,0,0,0,1,1,0,1,0,1,0,4,3,1,useful,0,0,3.33,0,0,0,3,90
RRS1_D,./data/processed/exercises/RRS1_D_E15.txt,20,F,UK,Economics,2,Heritage,(avísame) [dime] si ahora funciona correctamente,Substitution,Verb,2K,"Reflection, writing",it was required,3,1,1,1,0,0,1,0,1,0,1,0,0,1,1,0,1,0,1,1,0,4,1,very useful,0,0,3.33,0,0,0,3,90
RRS1_D,./data/processed/exercises/RRS1_D_E06.txt,20,F,UK,Economics,2,Heritage,cómo afecta [a] las emociones,Government,Preposition,"3H, 5E","Table-based collocation combining, writing",it was required,3,1,1,1,0,0,0,0,0,0,0,0,0,1,1,1,1,1,0,1,7.24,3,1,useful,0,0,3.33,0,0,0,3,90
RRS1_D,./data/processed/exercises/RRS1_D_E07.txt,20,F,UK,Economics,2,Heritage,un lector crítico [se] asegura [de formarse] opiniones informadas,Pronoun,Verb,"2M, 5E","Translation, writing",it was required,3,1,1,1,1,0,1,0,1,0,0,1,1,1,0,0,1,1,0,1,7.5,4,1,very useful,1,1,3.33,0,0,0,3,90
RRS1_D,./data/processed/exercises/RRS1_D_E02.txt,20,F,UK,Economics,2,Heritage,consciente de (las) [posibles] influencias y (manipulación que puede haber) [manipulaciones],Analysis,Adjective,3F,Table completion,it was required,3,1,1,1,0,0,0,0,1,0,0,1,1,1,0,0,1,1,0,0,6.67,3,1,useful,0,0,3.33,0,0,0,3,90
CAY1_J,./data/processed/exercises/CAY1_J_E12.txt,21,M,Ivory Coast,Economics,3,Intermediate,(era) [estaba] muy sorprendido,Substitution,Verb,"1D, 2I",Sentence combining,to improve my level of Spanish,4,1,1,1,0,0,0,0,1,0,1,0,0,1,1,0,1,1,0,1,10,3,1,useful,1,1,9.33,1,1,5.33,4,45
CAY1_J,./data/processed/exercises/CAY1_J_E03.txt,21,M,Ivory Coast,Economics,3,Intermediate,durante el principio del (més) [mes] de septiembre / y (llégamos) [llegamos] / estudie (aqui) [aquí] / me (dí) [di] cuenta,Creation,Noun / Verb / Adverb / Verb,5A,Accent placement exercise,to improve my level of Spanish,4,1,1,0,0,0,0,1,0,0,0,0,1,1,0,0,0,0,0,1,9.04,3,1,useful,1,1,9.33,1,1,5.33,4,45
CAY1_J,./data/processed/exercises/CAY1_J_E07.txt,21,M,Ivory Coast,Economics,3,Intermediate,llegué (en) [a] la ciudad para mi intercambio / y llegamos (en) [a] mi residencia estudiantil / me di cuenta del hecho [de] que somos / la misma región (en) [de] Costa de Marfil / empecé (de) [a] hablar con mi novio,Government,Preposition / Preposition / Preposition / Preposition / Preposition,5E,Multiple choice,to improve my level of Spanish,4,1,1,1,0,0,0,0,0,0,0,0,0,1,1,1,1,0,0,1,9.1,4,1,very useful,1,1,9.33,1,1,5.33,4,45
CAY1_J,./data/processed/exercises/CAY1_J_E04.txt,21,M,Ivory Coast,Economics,3,Intermediate,empezamos a visitar cada parte del (building) [edificio] / hasta que llegamos (al cinema room) [a la sala de cine] de la residencia,Creation,Noun / Noun,2G,Rewriting,to improve my level of Spanish,4,1,1,0,0,1,0,0,0,0,0,1,1,1,0,0,0,1,0,1,10,4,1,very useful,1,1,9.33,0,0,5.33,4,45
CAY1_J,./data/processed/exercises/CAY1_J_E09.txt,21,M,Ivory Coast,Economics,3,Intermediate,estaba muy feliz y (tanto) [tan] sorprendido que,Substitution,Adverb,3B,Fill-in-the-blanks,to improve my level of Spanish,4,0,1,1,0,0,0,1,1,0,1,1,1,1,1,0,1,0,0,1,8,4,1,very useful,0,0,9.33,1,1,5.33,4,45
CAY1_J,./data/processed/exercises/CAY1_J_E13.txt,21,M,Ivory Coast,Economics,3,Intermediate,"empezamos a hablar con (el) [él] / para (mi) [mí], era obligatorio",Substitution,Pronoun / Pronoun,"2L, 2M, 5E","Matching, writing",to improve my level of Spanish,4,0,1,1,1,0,0,0,0,0,0,0,0,1,1,1,1,1,0,1,10,3,1,useful,1,1,9.33,1,0,5.33,4,45
CAY1_J,./data/processed/exercises/CAY1_J_E05.txt,21,M,Ivory Coast,Economics,3,Intermediate,al (fin) [final] de la conversación,Substitution,Noun,"2G, 2I","Error correction, writing",to improve my level of Spanish,4,1,1,1,0,0,0,0,0,0,0,1,1,1,1,1,1,1,0,0,3.07,3,1,useful,1,1,9.33,0,0,5.33,4,45
CAY1_J,./data/processed/exercises/CAY1_J_E08.txt,21,M,Ivory Coast,Economics,3,Intermediate,(el) [la] residencia / (esta encuentra) [este encuentro],Gender,Noun / Noun,1A,Fill-in-the-blanks,to improve my level of Spanish,4,1,1,0,0,0,0,1,1,0,0,0,1,1,0,0,0,0,0,1,10,3,1,useful,1,1,9.33,1,1,5.33,4,45
CAY1_J,./data/processed/exercises/CAY1_J_E06.txt,21,M,Ivory Coast,Economics,3,Intermediate,estaba muy sorprendido (porqué) [porque] pensaba que,Substitution,Conjunctive phrase,"2K, 2M","Reflection, writing, translation",to improve my level of Spanish,4,1,1,1,1,0,1,0,1,0,1,0,0,1,1,1,1,0,1,1,10,4,1,very useful,1,1,9.33,1,1,5.33,4,45
CAY1_J,./data/processed/exercises/CAY1_J_E15.txt,21,M,Ivory Coast,Economics,3,Intermediate,"José no era español, (pero) [sino] africano",Substitution,Conjunctive phrase,2K,Reflection,to improve my level of Spanish,4,1,1,1,0,0,1,0,1,0,1,0,0,1,1,0,1,0,1,1,8.33,3,1,useful,1,1,9.33,0,0,5.33,4,45
CAY1_J,./data/processed/exercises/CAY1_J_E11.txt,21,M,Ivory Coast,Economics,3,Intermediate,estudia aquí desde [hace] 7 años,Ellipsis,Adverb,5E,"Binary choice, writing",to improve my level of Spanish,4,0,1,1,0,0,0,1,1,0,1,0,0,1,1,1,1,0,0,1,10,4,1,very useful,1,1,9.33,1,1,5.33,4,45
CAY1_J,./data/processed/exercises/CAY1_J_E10.txt,21,M,Ivory Coast,Economics,3,Intermediate,me encantó (tanto mucho) este encuentro,Excess word,Verb,2G,Rewriting,to improve my level of Spanish,4,1,1,0,1,0,0,0,1,0,0,1,1,1,0,0,0,1,0,1,7.5,3,1,useful,1,1,9.33,0,0,5.33,4,45
CAY1_J,./data/processed/exercises/CAY1_J_E14.txt,21,M,Ivory Coast,Economics,3,Intermediate,estuvimos hablando de este (facto) [hecho],Substitution,Noun,5E,Binary choice,to improve my level of Spanish,4,1,1,1,0,1,0,1,0,0,0,0,0,1,0,0,1,0,0,1,10,4,1,very useful,1,1,9.33,0,0,5.33,4,45
CAY1_J,./data/processed/exercises/CAY1_J_E01.txt,21,M,Ivory Coast,Economics,3,Intermediate,le pregunté sobre su (real) [verdadera] nacionalidad,Substitution,Adjective,"2L, 3B","Matching, fill-in-the-blanks",to improve my level of Spanish,4,0,1,1,0,0,0,0,0,0,1,1,1,1,1,1,1,0,0,1,6,4,0,very useful,1,1,9.33,1,1,5.33,4,45
CAY1_J,./data/processed/exercises/CAY1_J_E02.txt,21,M,Ivory Coast,Economics,3,Intermediate,(un) otro marfileño aquí / (una) otra vez / encontrar (un) otro africano aquí,Determination,Determiner,3B,Fill-in-the-blanks,to improve my level of Spanish,4,1,1,0,0,0,0,0,1,0,1,1,1,1,1,0,1,0,0,1,8,4,1,very useful,1,1,9.33,0,0,5.33,4,45
CBH1_J,./data/processed/exercises/CBH1_J_E14.txt,23,M,South Korea,Language and Literature,3,Intermediate,(debí) [tuve que] pedírsela al carnicero,Substitution,Verb,"3B, 5E","Fill-in-the-blanks, writing",to learn,4,0,1,1,0,0,0,1,1,0,1,1,1,1,1,0,1,1,0,1,10,4,1,new vocabulary,0,0,7.33,0,0,7.33,4,300
CBH1_J,./data/processed/exercises/CBH1_J_E05.txt,23,M,South Korea,Language and Literature,3,Intermediate,lo que fue más (dificil) [difícil] / (milimetros) [milímetros] / de la (ceremonía) [ceremonia] de la mayoría de edad,Creation,Adjective / Noun / Noun,5A,Accent placement exercise,to learn,4,1,1,0,0,0,0,1,0,0,0,0,1,1,0,0,0,0,0,1,9.5,4,1,relevant,1,1,7.33,1,1,7.33,4,300
CBH1_J,./data/processed/exercises/CBH1_J_E15.txt,23,M,South Korea,Language and Literature,3,Intermediate,(la comida alma) [el plato nacional] de los coreanos,Substitution,Noun,"2M, 5E","Translation, writing",to learn,4,1,1,1,1,0,1,0,1,0,0,1,1,1,0,0,1,1,0,1,10,4,1,very useful,1,1,7.33,1,1,7.33,4,300
CBH1_J,./data/processed/exercises/CBH1_J_E13.txt,23,M,South Korea,Language and Literature,3,Intermediate,he (hacido) [hecho] muchas comidas / (debé) [debí] / mi llegada a Pamplona fue (la empezación) [el principio],Creation,Verb / Verb / Noun,2H,"Error correction, writing",to learn,4,1,1,0,0,0,0,0,0,0,0,1,1,1,1,1,0,1,0,0,4,4,1,useful,1,1,7.33,1,1,7.33,4,300
CBH1_J,./data/processed/exercises/CBH1_J_E09.txt,23,M,South Korea,Language and Literature,3,Intermediate,por (este) [estos] dos meses,Number,Adjective,3B,Fill-in-the-blanks,to learn,4,0,1,1,0,0,0,1,0,0,1,0,0,1,1,1,1,0,0,1,9.16,3,1,good practice,1,1,7.33,0,0,7.33,4,300
CBH1_J,./data/processed/exercises/CBH1_J_E12.txt,23,M,South Korea,Language and Literature,3,Intermediate,"(porque) [como] no le pude explicar mi deseo exactamente, nada",Substitution,Conjunctive phrase,5E,Sentence combining,to learn,4,0,1,1,0,0,0,1,1,0,1,0,0,1,1,1,1,1,0,1,10,3,1,not entirely clear,0,0,7.33,0,0,7.33,4,300
CBH1_J,./data/processed/exercises/CBH1_J_E03.txt,23,M,South Korea,Language and Literature,3,Intermediate,debo cocinarlo por (mi) [mí] mismo,Substitution,Pronoun,"2L, 2M, 5E","Matching, writing",to learn,4,0,1,1,1,0,0,0,0,0,0,0,0,1,1,1,1,1,0,1,10,4,1,very useful,1,1,7.33,1,1,7.33,4,300
CBH1_J,./data/processed/exercises/CBH1_J_E08.txt,23,M,South Korea,Language and Literature,3,Intermediate,cenar en (una) [un] restaurante no era tan (barata) [barato] / fue (un) [una] actividad muy (duro) [dura] / y con eso empezó la (segundo) [segunda] parte de mi crecimiento,Gender,Noun / Noun / Noun,1A,Fill-in-the-blanks,to learn,4,1,1,0,0,0,0,1,1,0,0,0,1,1,0,0,0,0,0,1,9,2,1,already acquired,0,0,7.33,0,0,7.33,4,300
CBH1_J,./data/processed/exercises/CBH1_J_E11.txt,23,M,South Korea,Language and Literature,3,Intermediate,estoy aprendiendo muchas cosas cada día y (creciéndome) [creciendo] poco a poco / yo [me] decidí a hacer bulgogi,Pronoun,Verb / Verb,2K,"Reflection, writing",to learn,4,0,1,1,0,0,1,0,1,0,1,0,0,1,1,0,1,0,1,1,10,4,1,useful,1,1,7.33,1,1,7.33,4,300
CBH1_J,./data/processed/exercises/CBH1_J_E10.txt,23,M,South Korea,Language and Literature,3,Intermediate,desde que llegué aquí [a] Pamplona / empezar [a] cocinar / si quiero (a) comer,Government,Preposition / Preposition / Preposition,5E,Multiple choice,to learn,4,1,1,1,0,0,0,0,0,0,0,0,0,1,1,1,1,0,0,1,9.1,4,1,relevant,1,1,7.33,1,1,7.33,4,300
CBH1_J,./data/processed/exercises/CBH1_J_E07.txt,23,M,South Korea,Language and Literature,3,Intermediate,pero desde [que] llegué aquí,Ellipsis,Adverb,5E,"Binary choice, writing",to learn,4,0,1,1,0,0,0,1,1,0,1,0,0,1,1,1,1,0,0,1,10,3,1,useful,1,1,7.33,1,1,7.33,4,300
CBH1_J,./data/processed/exercises/CBH1_J_E02.txt,23,M,South Korea,Language and Literature,3,Intermediate,y como un soldado (yo) aprendí mucho sobre la vida,Pronoun,Pronoun,"2H, 2K, 5E","Error correction, rewriting, reflection",to learn,4,0,1,0,0,0,1,1,1,0,1,1,1,1,1,1,1,1,1,0,7.14,2,1,already acquired,0,0,7.33,0,0,7.33,4,300
CBH1_J,./data/processed/exercises/CBH1_J_E04.txt,23,M,South Korea,Language and Literature,3,Intermediate,finalicé el servicio (militario) [militar] / esta situación me hizo cocinero de (quisina) [cocina] coreana,Creation,Adjective / Noun,"2M, 3D","Reflection, instantiation, writing",to learn,4,1,1,0,0,1,1,0,1,0,0,1,1,1,0,0,0,0,1,1,8,3,1,useful,0,0,7.33,0,0,7.33,4,300
CBH1_J,./data/processed/exercises/CBH1_J_E06.txt,23,M,South Korea,Language and Literature,3,Intermediate,gané más y más (confidencia) [confianza] para comunicarme,Substitution,Noun,5E,Binary choice,to learn,4,1,1,1,0,1,0,1,0,0,0,0,0,1,0,0,1,0,0,1,10,4,1,relevant,1,1,7.33,1,1,7.33,4,300
CBH1_J,./data/processed/exercises/CBH1_J_E01.txt,23,M,South Korea,Language and Literature,3,Intermediate,(obtuve) [gané] más y más confianza,Substitution,Verb,"3A, 5D",Leave the odd one out,to learn,4,1,1,1,0,0,0,0,0,0,0,0,0,1,0,0,1,0,0,1,2.5,4,1,new vocabulary,0,0,7.33,1,1,7.33,4,300
EBM1_J,./data/processed/exercises/EBM1_J_E02.txt,20,M,Slovakia,Language and Literature,3,Intermediate,fines de (semanas) [semana],Number,Noun,3B,Fill-in-the-blanks,it was required,3,1,1,0,0,0,0,0,1,0,0,1,1,1,0,0,1,0,0,1,7,2,1,not a frequent mistake,0,0,4,0,0,1,2,120
EBM1_J,./data/processed/exercises/EBM1_J_E01.txt,20,M,Slovakia,Language and Literature,3,Intermediate,todos los supermercados de Carrefour (son) [están] cerrados / esta tienda (está) [es] especial,Substitution,Verb / Verb,"1D, 2I",Sentence combining,it was required,3,1,1,1,0,0,0,0,1,0,1,0,0,1,1,0,1,1,0,1,8.75,3,1,useful,1,1,4,1,1,1,2,120
EBM1_J,./data/processed/exercises/EBM1_J_E14.txt,20,M,Slovakia,Language and Literature,3,Intermediate,"el (próximo) domingo [siguiente], pensé que",Substitution,Adjective,2K,"Reflection, writing",it was required,3,0,1,1,0,0,1,0,1,0,1,0,0,1,1,0,1,0,1,0,7.5,3,1,useful,1,1,4,0,0,1,2,120
EBM1_J,./data/processed/exercises/EBM1_J_E09.txt,20,M,Slovakia,Language and Literature,3,Intermediate,"(fortunamente, ) [afortunadamente, ]",Creation,Adverb,2H,"Error correction, writing",it was required,3,1,1,0,0,0,0,0,0,0,0,1,1,1,1,1,0,1,0,0,4,1,1,not relevant,1,1,4,0,0,1,2,120
EBM1_J,./data/processed/exercises/EBM1_J_E13.txt,20,M,Slovakia,Language and Literature,3,Intermediate,era (un día libre) [festivo] en todo el país,Substitution,Adjective,1A,Classification,it was required,3,1,1,1,0,0,0,0,0,0,1,0,1,1,1,0,1,0,0,1,10,4,1,very useful,1,1,4,0,0,1,2,120
EBM1_J,./data/processed/exercises/EBM1_J_E12.txt,20,M,Slovakia,Language and Literature,3,Intermediate,pero (yo) pensé / (yo) sé que es muy extraño / (yo) sabía que tenía razón,Pronoun,Pronoun / Pronoun / Pronoun,"2H, 2K, 5E","Error correction, rewriting, reflection",it was required,3,0,1,0,0,0,1,1,1,0,1,1,1,1,1,1,1,1,1,0,4,1,1,not relevant,0,0,4,0,0,1,2,120
EBM1_J,./data/processed/exercises/EBM1_J_E11.txt,20,M,Slovakia,Language and Literature,3,Intermediate,mi cerebro (terminó) [dejó de] funcionar,Substitution,Verb,"3I, 3B","Situation matching, fill-in-the-blanks",it was required,3,0,1,1,0,0,0,0,0,0,1,1,1,1,1,0,1,0,0,0,3,2,1,not relevant,0,0,4,0,0,1,2,120
EBM1_J,./data/processed/exercises/EBM1_J_E06.txt,20,M,Slovakia,Language and Literature,3,Intermediate,no sé (por que) [por qué],Substitution,Adverb,"2K, 2M","Reflection, writing, translation",it was required,3,1,1,1,1,0,1,0,1,0,1,0,0,1,1,1,1,0,1,0,0,1,0,did not understand the exercise,0,0,4,0,0,1,2,120
EBM1_J,./data/processed/exercises/EBM1_J_E03.txt,20,M,Slovakia,Language and Literature,3,Intermediate,mi primer (culture shock) [choque cultural],Creation,Noun,2G,Rewriting,it was required,3,1,1,0,0,1,0,0,0,0,0,1,1,1,0,0,0,1,0,1,10,4,1,very useful,1,1,4,1,1,1,2,120
EBM1_J,./data/processed/exercises/EBM1_J_E04.txt,20,M,Slovakia,Language and Literature,3,Intermediate,(en mañana en domingo) [el domingo por la mañana],Government,Preposition,2I,Fill-in-the-blanks,it was required,3,0,1,0,0,0,0,0,1,0,0,1,1,1,1,1,0,0,0,1,5,2,1,not relevant,0,0,4,0,0,1,2,120
EBM1_J,./data/processed/exercises/EBM1_J_E07.txt,20,M,Slovakia,Language and Literature,3,Intermediate,una [buena] idea (buena) / mi (primero) [primer] choque cultural,Order,Adjective / Adjective,5E,Reorder,it was required,3,0,1,1,0,0,0,1,1,0,1,0,0,1,1,1,1,1,0,1,10,3,1,useful,1,1,4,0,0,1,2,120
EBM1_J,./data/processed/exercises/EBM1_J_E08.txt,20,M,Slovakia,Language and Literature,3,Intermediate,(proxima) [próxima] / (normál) [normal] / (ví) [ví],Creation,Adjective / Adjective / Verb,5A,Accent placement exercise,it was required,3,1,1,0,0,0,0,1,0,0,0,0,1,1,0,0,0,0,0,1,8,3,1,useful,0,0,4,0,0,1,2,120
EBM1_J,./data/processed/exercises/EBM1_J_E10.txt,20,M,Slovakia,Language and Literature,3,Intermediate,llegué (en) [a] Pamplona / próxima (de) [a] mi piso,Government,Preposition / Preposition,5E,Multiple choice,it was required,3,1,1,1,0,0,0,0,0,0,0,0,0,1,1,1,1,0,0,1,7,4,1,very useful,0,0,4,0,0,1,2,120
EBM1_J,./data/processed/exercises/EBM1_J_E15.txt,20,M,Slovakia,Language and Literature,3,Intermediate,(llegé) [llegué],Creation,Verb,2D,"Fill-in-the-blanks, reflection",it was required,3,1,1,0,0,0,1,1,1,0,0,0,0,1,0,0,0,0,0,1,9,3,1,useful,0,0,4,0,0,1,2,120
EBM1_J,./data/processed/exercises/EBM1_J_E05.txt,20,M,Slovakia,Language and Literature,3,Intermediate,primera vez (cuándo) [cuando] fui a hacer / no puedo explicar (que) [qué] pasó después,Substitution,Adverb / Pronoun,"2L, 2M, 5E","Matching, writing",it was required,3,0,1,1,1,0,0,0,0,0,0,0,0,1,1,1,1,1,0,0,5,4,1,very useful,0,0,4,0,0,1,2,120
KCP1_J,./data/processed/exercises/KCP1_J_E10.txt,22,M,Kenya,Economics,3,Intermediate,(el) [la] Pascua / (el) [la] fiesta / (cortos) [cortas] frases / (la) [el] acento / (el) [la] estatua / (los) [las] canciones,Gender,Noun / Noun / Noun / Noun / Noun / Noun,1A,Fill-in-the-blanks,to improve myself,4,1,0,0,0,0,0,1,1,0,0,0,1,1,0,0,0,0,0,1,9,4,1,useful,1,1,3.33,1,1,2.33,4,300
KCP1_J,./data/processed/exercises/KCP1_J_E15.txt,22,M,Kenya,Economics,3,Intermediate,es una (grande) [gran] fiesta,Substitution,Adjective,5E,Reorder,to improve myself,4,0,0,1,0,0,0,1,1,0,1,0,0,1,1,1,1,1,0,1,9,4,1,very useful,1,1,3.33,1,1,2.33,4,300
KCP1_J,./data/processed/exercises/KCP1_J_E03.txt,22,M,Kenya,Economics,3,Intermediate,una gran fiesta (en) [de] la Iglesia Católica / la gente (en) [de] Almería,Government,Preposition / Preposition,3B,Multiple choice,to improve myself,4,0,0,1,0,0,0,1,1,0,1,0,0,1,1,0,1,0,0,1,8.33,4,1,useful,0,0,3.33,0,0,2.33,4,300
KCP1_J,./data/processed/exercises/KCP1_J_E12.txt,22,M,Kenya,Economics,3,Intermediate,(Catolica) [Católica] / (Almeria) [Almería] / (Cordoba) [Córdoba] / (jovenes) [jóvenes] / (dias) [días] / (Maria) [María] / (musica) [música] / (asístir) [asistir],Creation,Adjective / Noun / Noun / Adjective / Noun / Noun / Noun / Verb,5A,Accent placement exercise,to improve myself,4,1,0,0,0,0,0,1,0,0,0,0,1,1,0,0,0,0,0,1,5.5,4,1,useful,1,1,3.33,1,1,2.33,4,300
KCP1_J,./data/processed/exercises/KCP1_J_E14.txt,22,M,Kenya,Economics,3,Intermediate,oportunidad (para) [de] celebrar / viniendo (en) [a] nuestra casa / llegué (en) [a] Pamplona,Government,Preposition / Preposition / Preposition,5E,Multiple choice,to improve myself,4,1,0,1,0,0,0,0,0,0,0,0,0,1,1,1,1,0,0,1,4.54,4,1,useful,0,0,3.33,0,0,2.33,4,300
KCP1_J,./data/processed/exercises/KCP1_J_E08.txt,22,M,Kenya,Economics,3,Intermediate,(hasta cuando) [desde que] llegué a Pamplona,Substitution,Adverb,5E,"Binary choice, writing",to improve myself,4,0,0,1,0,0,0,1,1,0,1,0,0,1,1,1,1,0,0,0,3.33,4,1,useful,0,0,3.33,0,0,2.33,4,300
KCP1_J,./data/processed/exercises/KCP1_J_E06.txt,22,M,Kenya,Economics,3,Intermediate,en (medio) [plena] noche,Substitution,Adjective,3F,Table completion,to improve myself,4,1,0,1,0,0,0,0,1,0,0,1,1,1,0,0,1,1,0,0,0.83,2,1,too difficult,0,0,3.33,0,0,2.33,4,300
KCP1_J,./data/processed/exercises/KCP1_J_E11.txt,22,M,Kenya,Economics,3,Intermediate,tenían (sola) [solo] una alternativa,Substitution,Adverb,2K,"Reflection, writing",to improve myself,4,1,0,1,0,0,1,0,1,0,1,0,0,1,1,0,1,0,1,1,6.25,4,1,useful,0,0,3.33,0,0,2.33,4,300
KCP1_J,./data/processed/exercises/KCP1_J_E09.txt,22,M,Kenya,Economics,3,Intermediate,descubrí más (que) [de] dos cosas que nunca olvidaré,Government,Preposition,3B,Multiple choice,to improve myself,4,1,0,1,0,0,0,0,0,0,0,0,0,1,1,1,1,0,0,1,2.86,4,1,useful,0,0,3.33,0,0,2.33,4,300
KCP1_J,./data/processed/exercises/KCP1_J_E13.txt,22,M,Kenya,Economics,3,Intermediate,(proceciones) [procesiones] / (astatue) [estatua],Creation,Noun / Noun,2H,"Error correction, writing",to improve myself,4,1,0,0,0,0,0,0,0,0,0,1,1,1,1,1,0,1,0,1,2.5,4,1,useful,1,1,3.33,1,0,2.33,4,300
KCP1_J,./data/processed/exercises/KCP1_J_E07.txt,22,M,Kenya,Economics,3,Intermediate,la gente de Almería (son muy amables) [es muy amable] / la gente (llevaban) [llevaba] ropas negras,Number,Noun / Noun,"2H, 2G","Error correction, rewriting",to improve myself,4,1,0,0,0,0,0,1,1,0,0,0,1,1,1,1,0,1,0,1,6,4,1,useful,0,0,3.33,0,0,2.33,4,300
KCP1_J,./data/processed/exercises/KCP1_J_E02.txt,22,M,Kenya,Economics,3,Intermediate,y yo [no] entiendo nada,Ellipsis,Adverb,"2M, 5E","Translation, writing",to improve myself,4,1,0,1,1,0,1,0,1,0,0,1,1,1,0,0,1,1,0,1,3.33,4,1,useful,0,0,3.33,0,0,2.33,4,300
KCP1_J,./data/processed/exercises/KCP1_J_E01.txt,22,M,Kenya,Economics,3,Intermediate,yo (luchando) [esforzándome] para aprender mejor,Substitution,Verb,"2L, 5E","Picture-based matching, reflection",to improve myself,4,1,0,1,0,0,1,0,0,1,1,0,0,1,1,0,1,0,1,1,8.57,4,1,useful,0,0,3.33,0,0,2.33,4,300
KCP1_J,./data/processed/exercises/KCP1_J_E04.txt,22,M,Kenya,Economics,3,Intermediate,(Almerienses) [almerienses],Creation,Adjective,5E,Binary choice,to improve myself,4,0,0,1,0,0,0,1,1,0,0,0,0,1,1,1,1,0,0,1,8.12,4,1,useful,0,0,3.33,0,0,2.33,4,300
KCP1_J,./data/processed/exercises/KCP1_J_E05.txt,22,M,Kenya,Economics,3,Intermediate,(tenia) [tenía] una idea,Substitution,Verb,"2L, 2M, 5E","Matching, writing",to improve myself,4,0,0,1,1,0,0,0,0,0,0,0,0,1,1,1,1,1,0,0,4,4,1,useful,1,1,3.33,0,0,2.33,4,300
FLJ1_J,./data/processed/exercises/FLJ1_J_E09.txt,19,M,France,Language and Literature,3,Intermediate,(salíamos) [íbamos] a la discoteca,Substitution,Verb,2F,"Binary choice, reflection",to learn from my mistakes,3,1,1,1,0,0,1,0,0,0,1,0,1,1,1,0,1,0,0,0,10,3,1,useful,0,0,6,0,0,5,3.5,200
FLJ1_J,./data/processed/exercises/FLJ1_J_E11.txt,19,M,France,Language and Literature,3,Intermediate,(llova) [llovía] / (quira) [quería],Creation,Verb / Verb,2H,"Error correction, writing",to learn from my mistakes,3,1,1,0,0,0,0,0,0,0,0,1,1,1,1,1,0,1,0,1,7,4,1,essential,1,1,6,1,0,5,3.5,200
FLJ1_J,./data/processed/exercises/FLJ1_J_E08.txt,19,M,France,Language and Literature,3,Intermediate,era muy (pequeño) [bajito] y también bastante tranquilo,Substitution,Adjective,"2L, 3B","Matching, fill-in-the-blanks",to learn from my mistakes,3,0,1,1,0,0,0,0,0,0,1,1,1,1,1,1,1,0,0,1,10,2,1,not relevant,0,0,6,1,1,5,3.5,200
FLJ1_J,./data/processed/exercises/FLJ1_J_E07.txt,19,M,France,Language and Literature,3,Intermediate,y nos (han encontrado) [hemos dado cuenta de] que éramos compañeros,Substitution,Verb,2G,Rewriting,to learn from my mistakes,3,1,1,0,1,0,0,0,1,0,0,1,1,1,0,0,0,1,0,1,10,4,1,essential,0,0,6,0,0,5,3.5,200
FLJ1_J,./data/processed/exercises/FLJ1_J_E03.txt,19,M,France,Language and Literature,3,Intermediate,y he visto [a] un hombre / encontrar [a] mi amigo,Government,Preposition,3B,Binary choice,to learn from my mistakes,3,0,1,0,0,0,0,1,1,0,1,0,0,1,1,0,1,0,0,1,8.57,2,1,not relevant,0,0,6,0,0,5,3.5,200
FLJ1_J,./data/processed/exercises/FLJ1_J_E14.txt,19,M,France,Language and Literature,3,Intermediate,el (echo) [hecho] de encontrar / y también (vemos) [vamos] a la discoteca,Substitution,Verb / Verb,"2I, 2L, 5E","Picture-based matching, writing",to learn from my mistakes,3,1,1,1,0,0,0,0,0,1,0,0,0,1,1,1,1,1,0,1,8.33,4,1,essential,1,1,6,1,1,5,3.5,200
FLJ1_J,./data/processed/exercises/FLJ1_J_E04.txt,19,M,France,Language and Literature,3,Intermediate,el hecho de encontrar a (mí) [mi] amigo italiano,Substitution,Adjective,"2L, 2M, 5E","Matching, writing",to learn from my mistakes,3,0,1,1,1,0,0,0,0,0,0,0,0,1,1,1,1,1,0,1,10,4,1,essential,1,1,6,1,1,5,3.5,200
FLJ1_J,./data/processed/exercises/FLJ1_J_E05.txt,19,M,France,Language and Literature,3,Intermediate,después [del] jueves,Government,Preposition,3B,Binary choice,to learn from my mistakes,3,1,1,1,0,0,0,0,0,0,1,0,0,1,1,0,1,0,0,1,10,2,1,not relevant,0,0,6,0,0,5,3.5,200
FLJ1_J,./data/processed/exercises/FLJ1_J_E02.txt,19,M,France,Language and Literature,3,Intermediate,(el) [la] más famosa ciudad de España / (los) [las] diferentes asignaturas / (la) [el] video,Gender,Noun / Noun / Noun,1A,Fill-in-the-blanks,to learn from my mistakes,3,1,1,0,0,0,0,1,1,0,0,0,1,1,0,0,0,0,0,1,10,3,1,not a frequent error,1,1,6,1,1,5,3.5,200
FLJ1_J,./data/processed/exercises/FLJ1_J_E01.txt,19,M,France,Language and Literature,3,Intermediate,la sola (exception) [excepción] / las (differentes) [diferentes] asignaturas,Creation,Noun / Adjective,"2M, 3D","Reflection, instantiation, writing",to learn from my mistakes,3,1,1,0,1,0,1,0,1,0,0,1,1,1,0,0,0,0,1,1,10,4,1,very useful,1,1,6,1,1,5,3.5,200
FLJ1_J,./data/processed/exercises/FLJ1_J_E10.txt,19,M,France,Language and Literature,3,Intermediate,(pizo) [piso],Creation,Noun,2D,"Fill-in-the-blanks, reflection",to learn from my mistakes,3,1,1,0,0,0,1,1,0,0,0,0,0,1,0,0,0,0,0,1,9.28,3,1,not relevant,1,1,6,1,1,5,3.5,200
FLJ1_J,./data/processed/exercises/FLJ1_J_E13.txt,19,M,France,Language and Literature,3,Intermediate,una (grande) [gran] amistad / fue un muy (bueno) [buen] viaje,Substitution,Adjective / Adjective,5E,Reorder,to learn from my mistakes,3,0,1,1,0,0,0,1,1,0,1,0,0,1,1,1,1,1,0,1,9,3,1,not a frequent error,0,0,6,0,0,5,3.5,200
FLJ1_J,./data/processed/exercises/FLJ1_J_E15.txt,19,M,France,Language and Literature,3,Intermediate,el (empiezo) [comienzo] de una gran amistad,Substitution,Noun,3I,"Situation matching, reflection",to learn from my mistakes,3,1,1,1,0,0,1,0,0,0,1,0,0,1,1,0,1,0,1,1,5.83,3,1,too specific,1,1,6,0,0,5,3.5,200
FLJ1_J,./data/processed/exercises/FLJ1_J_E06.txt,19,M,France,Language and Literature,3,Intermediate,(era) [estaba] triste por haber dejado,Substitution,Verb,"1D, 2I",Sentence combining,to learn from my mistakes,3,1,1,1,0,0,0,0,1,0,1,0,0,1,1,0,1,1,0,1,6.25,4,1,very useful,1,1,6,1,1,5,3.5,200
FLJ1_J,./data/processed/exercises/FLJ1_J_E12.txt,19,M,France,Language and Literature,3,Intermediate,(tambien) [también] / (calido) [cálido] / (examenes) [exámenes] / (proximó) [próximo],Creation,Adverb / Adjective / Noun / Adjective,5A,Accent placement exercise,to learn from my mistakes,3,1,1,0,0,0,0,1,0,0,0,0,1,1,0,0,0,0,0,1,10,4,1,essential,1,1,6,0,0,5,3.5,200
CJS1_J,./data/processed/exercises/CJS1_J_E15.txt,21,F,South Korea,Language and Literature,3,Intermediate,haber (tenido varias) [vivido tantas] experiencias,Substitution,Verb,3B,Multiple choice,to learn in general and specifically from my mistakes,4,0,1,1,0,0,0,1,1,0,1,1,1,1,1,1,1,0,0,1,8.57,4,1,useful,0,0,6,0,0,6.67,4,180
CJS1_J,./data/processed/exercises/CJS1_J_E03.txt,21,F,South Korea,Language and Literature,3,Intermediate,me (interesó) [pareció curioso] ver la pelota de golf volar lejos,Substitution,Verb,"2M, 5E","Translation, writing",to learn in general and specifically from my mistakes,4,1,1,1,1,0,1,0,1,0,0,1,1,1,0,0,1,1,0,1,10,4,1,useful,1,1,6,1,1,6.67,4,180
CJS1_J,./data/processed/exercises/CJS1_J_E04.txt,21,F,South Korea,Language and Literature,3,Intermediate,"entonces, me siento (orgulloso) [orgullosa] de haber venido a España",Gender,Noun,2N,"Error correction, rewriting, reflection",to learn in general and specifically from my mistakes,4,1,1,1,0,0,1,0,0,0,1,1,1,1,1,1,1,0,1,1,3.75,4,1,frequent mistake,1,1,6,1,1,6.67,4,180
CJS1_J,./data/processed/exercises/CJS1_J_E10.txt,21,F,South Korea,Language and Literature,3,Intermediate,"fue muy difícil, pero (aún) [aun] así me interesó ver la pelota de golf",Substitution,Adverb,"2L, 2M, 5E","Matching, writing",to learn in general and specifically from my mistakes,4,0,1,1,1,0,0,0,0,0,0,0,0,1,1,1,1,1,0,1,5,4,1,relevant,1,1,6,1,1,6.67,4,180
CJS1_J,./data/processed/exercises/CJS1_J_E09.txt,21,F,South Korea,Language and Literature,3,Intermediate,dijo que parecía que (la) [una] abuela de 100 años estaba jugando al golf,Determination,Determiner,2K,"Reflection, writing",to learn in general and specifically from my mistakes,4,1,1,1,0,0,1,0,1,0,1,0,0,1,1,0,1,0,1,1,6.25,4,1,useful,0,0,6,0,0,6.67,4,180
CJS1_J,./data/processed/exercises/CJS1_J_E12.txt,21,F,South Korea,Language and Literature,3,Intermediate,tan pronto como agarré el palo (y lo agité) [e hice un swing] suavemente,Substitution,Verb,"2A, 2M","Vocabulary extraction, translation",to learn in general and specifically from my mistakes,4,1,1,0,1,0,0,0,0,0,0,0,0,1,0,0,0,0,0,1,6.36,4,1,useful,0,0,6,0,0,6.67,4,180
CJS1_J,./data/processed/exercises/CJS1_J_E07.txt,21,F,South Korea,Language and Literature,3,Intermediate,con un gran entusiasmo (de) [por parte de] la gente,Government,Preposition,3B,Fill-in-the-blanks,to learn in general and specifically from my mistakes,4,1,1,1,0,0,0,0,0,0,0,0,0,1,0,0,1,0,0,1,8.33,4,1,useful,0,0,6,0,0,6.67,4,180
CJS1_J,./data/processed/exercises/CJS1_J_E08.txt,21,F,South Korea,Language and Literature,3,Intermediate,estadio (el sadar) [El Sadar],Creation,Noun,5E,Binary choice,to learn in general and specifically from my mistakes,4,0,1,1,0,0,0,1,1,0,0,0,0,1,1,1,1,0,0,1,10,4,1,useful,1,1,6,1,1,6.67,4,180
CJS1_J,./data/processed/exercises/CJS1_J_E01.txt,21,F,South Korea,Language and Literature,3,Intermediate,montar a caballo (en zigzag) [haciendo eslalon],Substitution,Verb,"2L, 2M","Picture-based matching, reflection",to learn in general and specifically from my mistakes,4,1,1,0,1,0,1,0,0,1,0,0,0,1,1,1,1,0,0,1,10,4,1,relevant,1,0,6,1,1,6.67,4,180
CJS1_J,./data/processed/exercises/CJS1_J_E13.txt,21,F,South Korea,Language and Literature,3,Intermediate,fue una experiencia emocionante montar (un) [a] caballo,Government,Preposition,3D,Continue a sequence,to learn in general and specifically from my mistakes,4,1,1,0,0,0,0,0,1,0,0,1,1,1,1,0,0,0,0,1,10,4,1,useful,0,0,6,1,1,6.67,4,180
CJS1_J,./data/processed/exercises/CJS1_J_E14.txt,21,F,South Korea,Language and Literature,3,Intermediate,pude acostumbrarme rápidamente (cuando le pregunté a) [con el consejo de] mis amigas,Substitution,Preposition,3I,"Situation matching, reflection",to learn in general and specifically from my mistakes,4,1,1,1,0,0,0,0,0,0,1,0,0,1,1,0,1,0,1,0,5,4,1,useful,1,1,6,1,1,6.67,4,180
CJS1_J,./data/processed/exercises/CJS1_J_E11.txt,21,F,South Korea,Language and Literature,3,Intermediate,los estudiantes pudieron (experimentar) [probar] varios deportes,Substitution,Verb,"3A, 5D",Leave the odd one out,to learn in general and specifically from my mistakes,4,1,1,1,0,0,0,0,0,0,0,0,0,1,0,0,1,0,0,1,10,4,1,useful,1,1,6,1,1,6.67,4,180
CJS1_J,./data/processed/exercises/CJS1_J_E06.txt,21,F,South Korea,Language and Literature,3,Intermediate,con mi amiga (japonés) [japonesa],Gender,Noun,1A,Fill-in-the-blanks,to learn in general and specifically from my mistakes,4,1,1,0,0,0,0,1,1,0,0,0,1,1,0,0,0,0,0,1,10,4,1,useful,1,1,6,1,1,6.67,4,180
CJS1_J,./data/processed/exercises/CJS1_J_E05.txt,21,F,South Korea,Language and Literature,3,Intermediate,hubo una Semana del Deporte (de) [en] la Universidad de Navarra en la que los estudiantes / una potencia (de) [en] fútbol,Government,Preposition / Preposition,5E,Multiple choice,to learn in general and specifically from my mistakes,4,1,1,1,0,0,0,0,0,0,0,0,0,1,1,1,1,0,0,1,7.27,4,1,frequent mistake,1,1,6,1,1,6.67,4,180
CJS1_J,./data/processed/exercises/CJS1_J_E02.txt,21,F,South Korea,Language and Literature,3,Intermediate,(en) [el] septiembre pasado,Government,Preposition,2I,Fill-in-the-blanks,to learn in general and specifically from my mistakes,4,0,1,0,0,0,0,0,1,0,0,1,1,1,1,1,0,0,0,1,10,4,1,useful,0,0,6,0,0,6.67,4,180
FJA1_J,./data/processed/exercises/FJA1_J_E07.txt,20,M,France,Economics,3,Intermediate,(sus pelos tan negros) [su pelo tan negro],Number,Noun,5E,Binary choice,to learn from my mistakes,4,1,1,1,0,0,0,0,0,0,0,0,0,1,0,0,1,0,0,1,8.18,3,1,useful but not a frequent error,0,0,8,1,1,6.33,3,180
FJA1_J,./data/processed/exercises/FJA1_J_E05.txt,20,M,France,Economics,3,Intermediate,tan profundo como (el bosque Amazonia) [la selva amazónica],Substitution,Noun,"2L, 3B","Matching, fill-in-the-blanks",to learn from my mistakes,4,0,1,1,0,0,0,0,0,0,1,1,1,1,1,1,1,0,0,1,10,2,1,not directly related to my errors,0,0,8,1,1,6.33,3,180
FJA1_J,./data/processed/exercises/FJA1_J_E02.txt,20,M,France,Economics,3,Intermediate,tan profundo (que) [como] la selva amazónica / tan negros (que) [como] las oscurísimas noches,Substitution,Adverb,2D,Fill-in-the-blanks,to learn from my mistakes,4,0,1,1,0,0,0,1,1,0,1,1,1,1,1,1,1,0,0,1,8,3,1,useful,1,1,8,0,0,6.33,3,180
FJA1_J,./data/processed/exercises/FJA1_J_E10.txt,20,M,France,Economics,3,Intermediate,sus ojos estaban (rellenando) [llenos] de curiosidad,Substitution,Adjective,"3A, 5D",Leave the odd one out,to learn from my mistakes,4,1,1,1,0,0,0,0,0,0,0,0,0,1,0,0,1,0,0,1,10,3,1,useful but not a frequent error,1,1,8,1,1,6.33,3,180
FJA1_J,./data/processed/exercises/FJA1_J_E11.txt,20,M,France,Economics,3,Intermediate,(me lo recuerda) [lo recuerdo] como si fuera ayer,Pronoun,Verb,2K,"Reflection, writing",to learn from my mistakes,4,0,1,1,0,0,1,0,1,0,1,0,0,1,1,0,1,0,1,1,5,4,1,useful,1,1,8,0,0,6.33,3,180
FJA1_J,./data/processed/exercises/FJA1_J_E13.txt,20,M,France,Economics,3,Intermediate,la razón de mi (feliz) [felicidad],Substitution,Noun,"2H, 2G, 2M","Error correction, rewriting",to learn from my mistakes,4,1,1,0,1,0,0,0,1,0,0,1,1,1,0,0,1,1,0,1,8.33,4,1,effective,1,1,8,1,1,6.33,3,180
FJA1_J,./data/processed/exercises/FJA1_J_E09.txt,20,M,France,Economics,3,Intermediate,"vi a Cigri, mi gato y, en (este) [ese] momento",Substitution,Adjective,2G,Rewriting,to learn from my mistakes,4,0,1,1,0,0,0,1,1,0,1,0,0,1,1,1,1,0,1,1,8.75,4,1,relevant,1,1,8,0,0,6.33,3,180
FJA1_J,./data/processed/exercises/FJA1_J_E01.txt,20,M,France,Economics,3,Intermediate,no podía (crear) [creer] lo que veía,Substitution,Verb,"2I, 2L, 5E","Picture-based matching, writing",to learn from my mistakes,4,1,1,1,0,0,0,0,0,1,0,0,0,1,1,1,1,1,0,1,8.5,4,1,useful to avoid confusion,1,1,8,1,1,6.33,3,180
FJA1_J,./data/processed/exercises/FJA1_J_E04.txt,20,M,France,Economics,3,Intermediate,corrí (en) [hacia] el salón / no podía quedarme (en) quieto,Government,Preposition / Preposition,5E,Multiple choice,to learn from my mistakes,4,1,1,1,0,0,0,0,0,0,0,0,0,1,1,1,1,0,0,1,7.27,4,1,very useful,1,1,8,0,0,6.33,3,180
FJA1_J,./data/processed/exercises/FJA1_J_E06.txt,20,M,France,Economics,3,Intermediate,(los) [las] escaleras / (el) [la] razón / (une) [un] verde muy profundo / (la) [el] planeta,Gender,Noun / Noun / Noun / Noun,1A,Fill-in-the-blanks,to learn from my mistakes,4,1,1,0,0,0,0,1,1,0,0,0,1,1,0,0,0,0,0,1,10,4,1,essential,1,1,8,0,0,6.33,3,180
FJA1_J,./data/processed/exercises/FJA1_J_E15.txt,20,M,France,Economics,3,Intermediate,(el hermosísimo gato encima la planeta) [el gato más hermoso del mundo],Substitution,Preposition,"2M, 5E","Translation, writing",to learn from my mistakes,4,1,1,1,0,1,1,0,1,0,0,1,1,1,0,0,1,1,0,1,8.33,4,1,useful,0,0,8,1,1,6.33,3,180
FJA1_J,./data/processed/exercises/FJA1_J_E08.txt,20,M,France,Economics,3,Intermediate,me llamaba para (hacerme) [darme] una sorpresa,Substitution,Verb,"5A, 2M","Classification, translation",to learn from my mistakes,4,1,1,1,1,0,0,0,0,0,1,0,1,1,1,1,1,0,0,0,7,4,1,useful,1,1,8,1,1,6.33,3,180
FJA1_J,./data/processed/exercises/FJA1_J_E12.txt,20,M,France,Economics,3,Intermediate,he oído un (pequeño ruido) [ruidito],Analysis,Noun,5E,"Multiple choice, reflection",to learn from my mistakes,4,1,1,1,0,0,1,0,0,0,1,0,0,1,1,1,1,0,1,1,3,2,1,more stylistic than essential,1,1,8,1,1,6.33,3,180
FJA1_J,./data/processed/exercises/FJA1_J_E14.txt,20,M,France,Economics,3,Intermediate,fue un momento muy emocionante para (mi) [mí] / (salte) [salté],Substitution,Pronoun / Verb,"2L, 2M, 5E","Matching, writing",to learn from my mistakes,4,0,1,1,1,0,0,0,0,0,0,0,0,1,1,1,1,1,0,1,9.5,4,1,essential,1,1,8,1,1,6.33,3,180
FJA1_J,./data/processed/exercises/FJA1_J_E03.txt,20,M,France,Economics,3,Intermediate,(ví) [vi] a mi gato / (dia) [día] / (oido) [oído],Creation,Verb / Noun / Verb,5A,Accent placement exercise,to learn from my mistakes,4,1,1,0,0,0,0,1,0,0,0,0,1,1,0,0,0,0,0,1,10,4,1,relevant,1,1,8,1,1,6.33,3,180
CYS1_J,./data/processed/exercises/CYS1_J_E01.txt,22,M,China,Language and Literature,3,Intermediate,continué (encontrando) [buscando] nuevas comidas que probar,Substitution,Verb,"2M, 5E","Translation, writing",to learn from my mistakes,3,1,1,1,1,0,1,0,1,0,0,1,1,1,0,0,1,1,0,1,8.33,4,1,useful,0,0,8,0,0,4.33,2,240
CYS1_J,./data/processed/exercises/CYS1_J_E14.txt,22,M,China,Language and Literature,3,Intermediate,pregunté a otra persona (para) [por] la dirección,Government,Preposition,2K,"Reflection, writing",to learn from my mistakes,3,1,1,1,0,0,1,0,1,0,1,0,0,1,1,0,1,0,1,1,10,4,1,useful to avoid confusion,1,1,8,0,0,4.33,2,240
CYS1_J,./data/processed/exercises/CYS1_J_E15.txt,22,M,China,Language and Literature,3,Intermediate,"unos minutos [más] tarde, quise tomar una foto",Ellipsis,Adverb,"1C, 3F",Table completion,to learn from my mistakes,3,1,1,1,0,0,0,0,1,0,0,1,1,1,0,0,0,0,0,1,8.33,4,1,relevant,1,1,8,1,1,4.33,2,240
CYS1_J,./data/processed/exercises/CYS1_J_E02.txt,22,M,China,Language and Literature,3,Intermediate,casi siempre hay (las gentes) [gente] que intenta robar,Number,Noun,"3B, 2K","Fill-in-the-blanks, writing",to learn from my mistakes,3,1,1,1,0,0,1,0,0,0,1,0,0,1,1,1,1,0,1,0,7,4,1,relevant,1,1,8,1,1,4.33,2,240
CYS1_J,./data/processed/exercises/CYS1_J_E13.txt,22,M,China,Language and Literature,3,Intermediate,(disastre) [desastre] / (jaqueta) [chaqueta],Creation,Noun / Noun,"2M, 3D","Reflection, instantiation, writing",to learn from my mistakes,3,1,1,0,0,1,1,0,1,0,0,1,1,1,0,0,0,0,1,1,5,3,1,useful,1,1,8,0,0,4.33,2,240
CYS1_J,./data/processed/exercises/CYS1_J_E10.txt,22,M,China,Language and Literature,3,Intermediate,"cerca de Las Ramblas, (un pueblo) [una zona] más poblada",Substitution,Noun,"2L, 3B","Matching, fill-in-the-blanks",to learn from my mistakes,3,0,1,1,0,0,0,0,0,0,1,1,1,1,1,1,1,0,0,1,10,4,1,useful to avoid confusion,1,1,8,0,0,4.33,2,240
CYS1_J,./data/processed/exercises/CYS1_J_E05.txt,22,M,China,Language and Literature,3,Intermediate,"por la tarde, decidí (a) comer / continué (a) buscando",Government,Preposition / Preposition,5E,Multiple choice,to learn from my mistakes,3,1,1,1,0,0,0,0,0,0,0,0,0,1,1,1,1,0,0,1,9.23,4,1,useful,1,1,8,0,0,4.33,2,240
CYS1_J,./data/processed/exercises/CYS1_J_E12.txt,22,M,China,Language and Literature,3,Intermediate,(proban) [prueban] / (direcíon) [dirección] / (indepiente) [independiente] / (entiendí) [entendí],Creation,Verb / Noun / Adjective / Verb,2H,"Error correction, writing",to learn from my mistakes,3,1,1,0,0,0,0,0,0,0,0,1,1,1,1,1,0,1,0,1,5,4,1,relevant,1,1,8,0,0,4.33,2,240
CYS1_J,./data/processed/exercises/CYS1_J_E11.txt,22,M,China,Language and Literature,3,Intermediate,(llegí) [llegué],Creation,Verb,2D,"Fill-in-the-blanks, reflection",to learn from my mistakes,3,1,1,0,0,0,1,1,0,0,0,0,0,1,0,0,0,0,0,1,8.7,4,1,useful,1,1,8,0,0,4.33,2,240
CYS1_J,./data/processed/exercises/CYS1_J_E07.txt,22,M,China,Language and Literature,3,Intermediate,tomé muchas fotos (por memoria) [de recuerdo],Substitution,Noun,5E,Binary choice,to learn from my mistakes,3,1,1,1,0,1,0,1,0,0,0,0,0,1,0,0,1,0,0,1,10,4,1,useful to avoid confusion,1,1,8,1,1,4.33,2,240
CYS1_J,./data/processed/exercises/CYS1_J_E08.txt,22,M,China,Language and Literature,3,Intermediate,(muchos) [muchas] fotos / (un) [una] ciudad / (el) [la] dirección,Gender,Noun / Noun / Noun,1A,Fill-in-the-blanks,to learn from my mistakes,3,1,1,0,0,0,0,1,1,0,0,0,1,1,0,0,0,0,0,1,10,4,1,useful,1,1,8,1,1,4.33,2,240
CYS1_J,./data/processed/exercises/CYS1_J_E04.txt,22,M,China,Language and Literature,3,Intermediate,(por que) [porque] era mi primera vez viajando,Substitution,Conjunctive phrase,"2K, 2M","Reflection, writing, translation",to learn from my mistakes,3,1,1,1,1,0,1,0,1,0,1,0,0,1,1,1,1,0,1,1,6.67,4,1,useful to avoid confusion,0,0,8,0,0,4.33,2,240
CYS1_J,./data/processed/exercises/CYS1_J_E03.txt,22,M,China,Language and Literature,3,Intermediate,mi primera vez viajando (sin mi familia o amigo) [a solas],Analysis,Adverb,"2L, 2M, 5E","Matching, writing",to learn from my mistakes,3,0,1,0,0,0,0,0,0,0,0,0,0,1,1,1,0,1,0,0,5,4,1,new vocabulary,0,0,8,1,1,4.33,2,240
CYS1_J,./data/processed/exercises/CYS1_J_E06.txt,22,M,China,Language and Literature,3,Intermediate,(despues) [después] / (avion) [avión] / (cafe) [café] / (turistico) [turístico] / (memoría) [memoria] / (tambien) [también] / (telefono) [teléfono],Creation,Adverb / Noun / Noun / Adjective / Noun / Adverb / Noun,5A,Accent placement exercise,to learn from my mistakes,3,1,1,0,0,0,0,1,0,0,0,0,1,1,0,0,0,0,0,1,10,4,1,useful,1,1,8,1,1,4.33,2,240
CYS1_J,./data/processed/exercises/CYS1_J_E09.txt,22,M,China,Language and Literature,3,Intermediate,el día más caótico (en) [de] mi vida,Government,Preposition,5E,Binary choice,to learn from my mistakes,3,0,1,1,0,0,0,1,1,0,1,0,0,1,1,1,1,0,0,1,6.67,4,1,useful,1,1,8,1,0,4.33,2,240
NOI1_J,./data/processed/exercises/NOI1_J_E08.txt,23,M,Nigeria,Theology,2,Intermediate,desde ese (tiempo) [momento] hasta ahora,Substitution,Noun,"2L, 5E","Matching, multiple choice",to put my abilities to the test,3,0,0,1,0,0,0,1,0,0,1,0,0,1,1,1,1,0,0,1,7.5,4,1,useful,0,0,0.07,1,1,3.33,4,360
NOI1_J,./data/processed/exercises/NOI1_J_E05.txt,23,M,Nigeria,Theology,2,Intermediate,(soy) [estoy] solo / ese pensamiento no (estaba) [era] fácil para mí,Substitution,Verb / Verb,"1D, 2I",Sentence combining,to put my abilities to the test,3,1,0,1,0,0,0,0,1,0,1,0,0,1,1,0,1,1,0,1,7.5,4,1,useful,0,0,0.07,0,0,3.33,4,360
NOI1_J,./data/processed/exercises/NOI1_J_E04.txt,23,M,Nigeria,Theology,2,Intermediate,"el problema aquí no es la misa privada, (pero) [sino] la misa con gente",Substitution,Conjunctive phrase,2K,Reflection,to put my abilities to the test,3,1,0,1,0,0,1,0,1,0,1,0,0,1,1,1,1,0,1,0,0,1,0,did not understand the exercise,0,0,0.07,0,0,3.33,4,360
NOI1_J,./data/processed/exercises/NOI1_J_E07.txt,23,M,Nigeria,Theology,2,Intermediate,(eso) [ese] pensamiento,Substitution,Adjective,3B,Fill-in-the-blanks,to put my abilities to the test,3,0,0,1,0,0,0,1,0,0,1,0,0,1,1,1,1,0,0,1,7.5,4,1,useful,0,0,0.07,0,0,3.33,4,360
NOI1_J,./data/processed/exercises/NOI1_J_E03.txt,23,M,Nigeria,Theology,2,Intermediate,pruebo a (imagen) [imaginar],Substitution,Verb,1C,Table completion,to put my abilities to the test,3,1,0,1,0,0,0,0,1,0,0,1,1,1,0,0,0,0,0,1,5,4,1,useful,0,0,0.07,0,0,3.33,4,360
NOI1_J,./data/processed/exercises/NOI1_J_E02.txt,23,M,Nigeria,Theology,2,Intermediate,en mi tiempo (privado) [libre],Substitution,Adjective,"3A, 5D",Leave the odd one out,to put my abilities to the test,3,1,0,1,0,0,0,0,0,0,0,0,0,1,0,0,1,0,0,1,2.5,4,1,useful,0,0,0.07,1,1,3.33,4,360
NOI1_J,./data/processed/exercises/NOI1_J_E06.txt,23,M,Nigeria,Theology,2,Intermediate,parece imposible para mí (a) aprender castellano / vivo (en) [con] miedo / concelebrando (en) la misa,Government,Preposition / Preposition / Preposition,5E,Multiple choice,to put my abilities to the test,3,1,0,1,0,0,0,0,0,0,0,0,0,1,1,1,1,0,0,1,8.18,4,1,useful,0,0,0.07,0,0,3.33,4,360
NOI1_J,./data/processed/exercises/NOI1_J_E09.txt,23,M,Nigeria,Theology,2,Intermediate,(yo) pienso / (yo) pruebo / (yo) expliqué / (yo) concelebré,Pronoun,Pronoun,"2H, 2K, 5E","Error correction, rewriting, reflection",to put my abilities to the test,3,0,0,0,0,0,1,1,1,0,1,1,1,1,1,1,1,1,1,0,2.14,4,1,useful,0,0,0.07,0,0,3.33,4,360
NOI1_J,./data/processed/exercises/NOI1_J_E01.txt,23,M,Nigeria,Theology,2,Intermediate,pero (porque) [como] soy un sacerdote / no era fácil para mí (como) [porque] vivo siempre con miedo,Substitution,Conjunctive phrase / Conjunctive phrase,5E,Sentence combining,to put my abilities to the test,3,0,0,1,0,0,0,1,1,0,1,0,0,1,1,1,1,1,0,1,5,4,1,useful,0,0,0.07,0,0,3.33,4,360
NOI1_J,./data/processed/exercises/NOI1_J_E10.txt,23,M,Nigeria,Theology,2,Intermediate,(necesitades) [necesidades] / (impossibilidad) [imposibilidad] / (explicé) [expliqué] / (anniversario) [aniversario] / (abilidad) [habilidad],Creation,Noun / Noun / Verb / Noun / Noun,"2M, 3D","Reflection, instantiation, writing",to put my abilities to the test,3,1,0,0,1,0,1,0,1,0,0,1,1,1,0,0,0,0,1,1,10,4,1,useful,0,0,0.07,1,1,3.33,4,360
NOI1_J,./data/processed/exercises/NOI1_J_E12.txt,23,M,Nigeria,Theology,2,Intermediate,la celebración (del) [de la] misa / (el) [la] gente / (al) [a la] Iglesia de San Miguel / historia (pasado) [pasada] / (aquella) [aquel] tiempo / (este) [esta] es mi experiencia,Gender,Noun / Noun / Noun / Noun / Noun / Noun,1A,Fill-in-the-blanks,to put my abilities to the test,3,1,0,0,0,0,0,1,1,0,0,0,1,1,0,0,0,0,0,1,10,4,1,useful,0,0,0.07,1,1,3.33,4,360
NOI1_J,./data/processed/exercises/NOI1_J_E11.txt,23,M,Nigeria,Theology,2,Intermediate,de (mi) [mí] / (como) [cómo] / era (mas) [más],Substitution,Pronoun / Adverb / Adverb,"2L, 2M, 5E","Matching, writing",to put my abilities to the test,3,0,0,1,1,0,0,0,0,0,0,0,0,1,1,1,1,1,0,1,6.5,4,1,useful,0,0,0.07,0,0,3.33,4,360
NOI1_J,./data/processed/exercises/NOI1_J_E13.txt,23,M,Nigeria,Theology,2,Intermediate,antes [de] el día,Government,Preposition,5E,Binary choice,to put my abilities to the test,3,1,0,1,0,0,0,0,0,0,1,0,0,1,1,1,1,0,0,1,10,4,1,useful,0,0,0.07,0,0,3.33,4,360
NOI1_J,./data/processed/exercises/NOI1_J_E14.txt,23,M,Nigeria,Theology,2,Intermediate,"(no) [solo] tengo la opción (, pero hacer) [de hacerlo] bien",Substitution,Adverb,"2M, 5E","Translation, writing",to put my abilities to the test,3,1,0,1,1,0,1,0,1,0,0,1,1,1,0,0,1,1,0,1,8.33,4,1,useful,0,0,0.07,0,0,3.33,4,360
NOI1_J,./data/processed/exercises/NOI1_J_E15.txt,23,M,Nigeria,Theology,2,Intermediate,(conclusion) [conclusión] / (introduccíon) [introducción] / (evaluacion) [evaluación] / (rapidamente) [rápidamente] / (aqui) [aquí] / (comodo) [cómodo],Creation,Noun / Noun / Noun / Adverb / Adverb / Adjective,5A,Accent placement exercise,to put my abilities to the test,3,1,0,0,0,0,0,1,0,0,0,0,1,1,0,0,0,0,0,1,8.75,4,1,useful,1,1,0.07,1,1,3.33,4,360
RNM1_J,./data/processed/exercises/RNM1_J_E04.txt,21,F,Romania,Law,4,Intermediate,"cuando era (niño) [niña], me encantaba",Gender,Noun,2N,"Error correction, rewriting, reflection",to learn and work on recurrent mistakes,3.5,1,1,1,0,0,1,0,0,0,1,1,1,1,1,1,1,0,1,1,10,2,1,too easy,1,1,8.66,1,1,3.33,3.5,540
RNM1_J,./data/processed/exercises/RNM1_J_E13.txt,21,F,Romania,Law,4,Intermediate,luces [de] neón,Government,Preposition,"2A, 2M","Vocabulary extraction, translation",to learn and work on recurrent mistakes,3.5,1,1,0,1,0,0,0,0,0,0,0,0,1,0,0,0,0,0,1,7.77,1,0,did not understand the purpose,1,1,8.66,0,0,3.33,3.5,540
RNM1_J,./data/processed/exercises/RNM1_J_E10.txt,21,F,Romania,Law,4,Intermediate,un pastel de (pesco) [pescado],Substitution,Noun,1C,Table completion,to learn and work on recurrent mistakes,3.5,1,1,1,0,0,0,0,1,0,0,1,1,1,0,0,0,0,0,1,10,4,1,very useful,1,1,8.66,1,1,3.33,3.5,540
RNM1_J,./data/processed/exercises/RNM1_J_E06.txt,21,F,Romania,Law,4,Intermediate,(circuló) [círculo],Substitution,Noun,"2L, 2M, 5E","Matching, writing",to learn and work on recurrent mistakes,3.5,0,1,1,1,0,0,0,0,0,0,0,0,1,1,1,1,1,0,1,10,3,1,interesting but long,1,1,8.66,0,0,3.33,3.5,540
RNM1_J,./data/processed/exercises/RNM1_J_E08.txt,21,F,Romania,Law,4,Intermediate,estaba (confusa) [confundida] por,Substitution,Adjective,5E,Binary choice,to learn and work on recurrent mistakes,3.5,1,1,1,0,1,0,1,0,0,0,0,0,1,0,0,1,0,0,1,10,2.5,1,already acquired,1,1,8.66,1,1,3.33,3.5,540
RNM1_J,./data/processed/exercises/RNM1_J_E12.txt,21,F,Romania,Law,4,Intermediate,encantada (de) [con] el ramen / estaba confundida (con) [por],Government,Preposition / Preposition,5E,Multiple choice,to learn and work on recurrent mistakes,3.5,1,1,1,0,0,0,0,0,0,0,0,0,1,1,1,1,0,0,1,9.1,4,1,relevant,0,0,8.66,0,0,3.33,3.5,540
RNM1_J,./data/processed/exercises/RNM1_J_E14.txt,21,F,Romania,Law,4,Intermediate,y al (junto) [lado] de una tienda de comida,Substitution,Preposition,"2L, 5E","Matching, multiple choice, writing",to learn and work on recurrent mistakes,3.5,0,1,1,0,0,1,1,0,0,1,1,1,1,1,1,1,0,1,1,9,4,1,relevant,1,1,8.66,0,0,3.33,3.5,540
RNM1_J,./data/processed/exercises/RNM1_J_E15.txt,21,F,Romania,Law,4,Intermediate,no me interesaba (de) probar,Government,Preposition,"3H, 5E","Table-based collocation combining, writing",to learn and work on recurrent mistakes,3.5,1,1,1,0,0,0,0,0,0,0,0,0,1,1,1,1,1,0,1,5.78,3,1,relevant,1,1,8.66,0,0,3.33,3.5,540
RNM1_J,./data/processed/exercises/RNM1_J_E02.txt,21,F,Romania,Law,4,Intermediate,(fuimos) [estábamos] todos cansados / (fui) [estaba] confundida,Substitution,Verb / Verb,"1D, 2I",Sentence combining,to learn and work on recurrent mistakes,3.5,1,1,1,0,0,0,0,1,0,1,0,0,1,1,0,1,1,0,1,6.25,1,1,repetitive,1,1,8.66,0,0,3.33,3.5,540
RNM1_J,./data/processed/exercises/RNM1_J_E07.txt,21,F,Romania,Law,4,Intermediate,(empiezó) [empezó] / (acceptadó) [aceptado] / (instantamente) [instantáneamente] / (amido) [amado],Creation,Verb / Verb / Adverb / Adjective,2H,"Error correction, writing",to learn and work on recurrent mistakes,3.5,1,1,0,0,0,0,0,0,0,0,1,1,1,1,1,0,1,0,1,9.5,2.5,1,too easy,1,1,8.66,1,0,3.33,3.5,540
RNM1_J,./data/processed/exercises/RNM1_J_E01.txt,21,F,Romania,Law,4,Intermediate,(únicos) [únicas] experiencias / (una) [un] día,Gender,Noun / Noun,1A,Fill-in-the-blanks,to learn and work on recurrent mistakes,3.5,1,1,0,0,0,0,1,1,0,0,0,1,1,0,0,0,0,0,1,9,1.5,1,already acquired,1,1,8.66,1,1,3.33,3.5,540
RNM1_J,./data/processed/exercises/RNM1_J_E11.txt,21,F,Romania,Law,4,Intermediate,(yo) probé comida española / (yo) sé que (yo) tenía sentimientos encontrados,Pronoun,Pronoun,"2H, 2K, 5E","Error correction, rewriting, reflection",to learn and work on recurrent mistakes,3.5,0,1,0,0,0,1,1,1,0,1,1,1,1,1,1,1,1,1,1,5.36,1.5,1,already acquired,0,0,8.66,0,0,3.33,3.5,540
RNM1_J,./data/processed/exercises/RNM1_J_E09.txt,21,F,Romania,Law,4,Intermediate,(asíatica) [asiática] / (recomendacion) [recomendación] / (dijó) [dijo] / (alémanes) [alemanes] / (decímos) [decimos] / (ví) [vi],Creation,Adjective / Noun / Verb / Adjective / Verb / Verb,5A,Accent placement exercise,to learn and work on recurrent mistakes,3.5,1,1,0,0,0,0,1,0,0,0,0,1,1,0,0,0,0,0,1,10,2,1,confusing rules,1,1,8.66,1,1,3.33,3.5,540
RNM1_J,./data/processed/exercises/RNM1_J_E03.txt,21,F,Romania,Law,4,Intermediate,(¿porque?) [¿por qué?],Substitution,Adverb,"2K, 2M","Reflection, writing, translation",to learn and work on recurrent mistakes,3.5,1,1,1,1,0,1,0,1,0,1,0,0,1,1,1,1,0,1,1,10,4,1,relevant,1,1,8.66,1,1,3.33,3.5,540
RNM1_J,./data/processed/exercises/RNM1_J_E05.txt,21,F,Romania,Law,4,Intermediate,una de mis (primas) [primeras] experiencias,Substitution,Adjective,5E,Reorder,to learn and work on recurrent mistakes,3.5,0,1,1,0,0,0,1,1,0,1,0,0,1,1,1,1,1,0,1,9,2.5,1,too easy,1,1,8.66,0,0,3.33,3.5,540
EPE1_J,./data/processed/exercises/EPE1_J_E07.txt,21,M,US,Economics,2,Intermediate,qué es un poco [de] agua,Government,Preposition,2K,"Reflection, writing",to learn and work on recurrent mistakes,3,1,1,1,0,0,1,0,1,0,1,0,0,1,1,1,1,0,1,1,6.67,2,1,boring,0,0,4,0,0,4,3,120
EPE1_J,./data/processed/exercises/EPE1_J_E04.txt,21,M,US,Economics,2,Intermediate,era (tiempo por) [hora de] volver a casa,Substitution,Noun,"2M, 5E","Translation, writing",to learn and work on recurrent mistakes,3,1,1,1,1,0,1,0,1,0,0,1,1,1,0,0,1,1,0,1,5,1,1,boring,0,0,4,1,1,4,3,120
EPE1_J,./data/processed/exercises/EPE1_J_E13.txt,21,M,US,Economics,2,Intermediate,corrimos (alrededor de) [por toda] la discoteca / listos (a) [para] bailar / una bebida (con) fuerte / me di (en) cuenta,Government,Preposition / Preposition / Preposition,5E,Multiple choice,to learn and work on recurrent mistakes,3,1,1,1,0,0,0,0,0,0,0,0,0,1,1,1,1,0,0,1,8.18,4,1,interesting,1,1,4,1,1,4,3,120
EPE1_J,./data/processed/exercises/EPE1_J_E05.txt,21,M,US,Economics,2,Intermediate,(tocé) [toqué],Substitution,Verb,2D,"Fill-in-the-blanks, reflection",to learn and work on recurrent mistakes,3,1,1,0,0,0,1,1,0,0,0,0,0,1,0,0,0,0,0,1,8.23,1,1,boring,0,0,4,1,1,4,3,120
EPE1_J,./data/processed/exercises/EPE1_J_E15.txt,21,M,US,Economics,2,Intermediate,no sé dónde (es) [está] mi móvil,Substitution,Verb,2F,"Binary choice, reflection",to learn and work on recurrent mistakes,3,1,1,1,0,0,1,0,0,0,1,0,1,1,1,0,1,0,1,1,7,4,1,interesting,1,1,4,1,1,4,3,120
EPE1_J,./data/processed/exercises/EPE1_J_E03.txt,21,M,US,Economics,2,Intermediate,el lugar (era) [estaba] lleno de gente,Substitution,Verb,"1D, 2I",Sentence combining,to learn and work on recurrent mistakes,3,1,1,1,0,0,0,0,1,0,1,0,0,1,1,0,1,1,0,1,5,2,1,boring,1,1,4,1,1,4,3,120
EPE1_J,./data/processed/exercises/EPE1_J_E14.txt,21,M,US,Economics,2,Intermediate,qué (loca) [locura],Substitution,Noun,1C,Table completion,to learn and work on recurrent mistakes,3,1,1,1,0,0,0,0,1,0,0,1,1,1,0,0,0,0,0,1,10,3,1,interesting,0,0,4,0,0,4,3,120
EPE1_J,./data/processed/exercises/EPE1_J_E12.txt,21,M,US,Economics,2,Intermediate,(que) [qué] locura,Substitution,Pronoun,"2L, 2M, 5E","Matching, writing",to learn and work on recurrent mistakes,3,0,1,1,1,0,0,0,0,0,0,0,0,1,1,1,1,1,0,0,5,3,1,interesting,0,0,4,0,0,4,3,120
EPE1_J,./data/processed/exercises/EPE1_J_E01.txt,21,M,US,Economics,2,Intermediate,(eventualmente) [finalmente],Substitution,Adverb,5E,Binary choice,to learn and work on recurrent mistakes,3,1,1,1,1,0,0,1,0,0,0,0,0,1,0,0,1,0,0,1,10,3,1,interesting,0,0,4,0,0,4,3,120
EPE1_J,./data/processed/exercises/EPE1_J_E08.txt,21,M,US,Economics,2,Intermediate,pero (porque) [como] estábamos un poco borrachos,Substitution,Conjunctive phrase,5E,Sentence combining,to learn and work on recurrent mistakes,3,0,1,1,0,0,0,1,1,0,1,0,0,1,1,1,1,1,0,1,10,1,1,boring,0,0,4,0,0,4,3,120
EPE1_J,./data/processed/exercises/EPE1_J_E09.txt,21,M,US,Economics,2,Intermediate,y (a la) [al] final ya estábamos,Gender,Noun,5E,"Binary choice, reflection, writing",to learn and work on recurrent mistakes,3,1,1,1,0,0,1,0,0,0,0,0,1,1,0,0,1,1,1,1,6.1,3,1,interesting,0,0,4,1,1,4,3,120
EPE1_J,./data/processed/exercises/EPE1_J_E06.txt,21,M,US,Economics,2,Intermediate,planeé (para) hacer / buscando (por) mi móvil / me di cuenta [de] que,Government,Preposition / Preposition / Preposition,"3H, 5E","Table-based collocation combining, writing",to learn and work on recurrent mistakes,3,1,1,1,0,0,0,0,0,0,0,0,0,1,1,1,1,1,0,1,4.5,2,1,boring,1,1,4,0,0,4,3,120
EPE1_J,./data/processed/exercises/EPE1_J_E02.txt,21,M,US,Economics,2,Intermediate,(neccessito) [necesito] / (plané) [planeé] / (copea) [copeo] / (borachos) [borrachos] / (mobil) [móvil],Creation,Verb / Verb / Noun / Adjective / Noun,2H,"Error correction, writing",to learn and work on recurrent mistakes,3,1,1,0,0,0,0,0,0,0,0,1,1,1,1,1,0,1,0,0,3.5,3,1,interesting,1,1,4,1,0,4,3,120
EPE1_J,./data/processed/exercises/EPE1_J_E11.txt,21,M,US,Economics,2,Intermediate,(un) [una] noche,Gender,Noun,1A,Fill-in-the-blanks,to learn and work on recurrent mistakes,3,1,1,0,0,0,0,1,1,0,0,0,1,1,0,0,0,0,0,1,10,3,1,interesting,1,1,4,0,0,4,3,120
EPE1_J,./data/processed/exercises/EPE1_J_E10.txt,21,M,US,Economics,2,Intermediate,(despues) [después] / (examenes) [exámenes] / (estabamos) [estábamos] / (aqui) [aquí],Creation,Adverb / Noun / Verb / Adverb,5A,Accent placement exercise,to learn and work on recurrent mistakes,3,1,1,0,0,0,0,1,0,0,0,0,1,1,0,0,0,0,0,1,9.4,1,1,boring,1,1,4,1,1,4,3,120
PSJ1_J,./data/processed/exercises/PSJ1_J_E05.txt,20,F,Netherlands,Language and Literature,3,Intermediate,y (volvía oscuro) [oscurecía] en el parque,Analysis,Verb,3F,Table completion,useful for practice,3,1,1,1,0,0,0,0,1,0,0,1,1,1,0,0,1,1,0,1,9.16,1,1,unclear,1,1,6.67,0,0,5,2.5,240
PSJ1_J,./data/processed/exercises/PSJ1_J_E08.txt,20,F,Netherlands,Language and Literature,3,Intermediate,y ahora (jugo) [juego] cada semana / (cafetaria) [cafetería],Creation,Verb / Noun,2H,"Error correction, writing",useful for practice,3,1,1,0,0,0,0,0,0,0,0,1,1,1,1,1,0,1,0,1,1,3,1,common mistake,1,1,6.67,1,1,5,2.5,240
PSJ1_J,./data/processed/exercises/PSJ1_J_E04.txt,20,F,Netherlands,Language and Literature,3,Intermediate,(que) [cuáles] son tus planes para la cena,Substitution,Pronoun,2F,"Binary choice, reflection",useful for practice,3,1,1,1,0,0,1,0,0,0,1,0,1,1,1,0,1,0,1,1,1.66,3,1,common mistake,0,0,6.67,0,0,5,2.5,240
PSJ1_J,./data/processed/exercises/PSJ1_J_E02.txt,20,F,Netherlands,Language and Literature,3,Intermediate,para (mi) [mí],Substitution,Pronoun,"2L, 2M, 5E","Matching, writing",useful for practice,3,0,1,1,1,0,0,0,0,0,0,0,0,1,1,1,1,1,0,0,5,4,1,common mistake,0,0,6.67,0,0,5,2.5,240
PSJ1_J,./data/processed/exercises/PSJ1_J_E09.txt,20,F,Netherlands,Language and Literature,3,Intermediate,pasamos un (tiempo bellissimo) [rato genial],Creation,Noun,"2L, 5E","Matching, multiple choice",useful for practice,3,0,1,1,0,0,0,1,0,0,1,0,0,1,1,1,1,0,0,1,5,3,1,too difficult,0,0,6.67,0,0,5,2.5,240
PSJ1_J,./data/processed/exercises/PSJ1_J_E11.txt,20,F,Netherlands,Language and Literature,3,Intermediate,cuando (nos) llegamos a casa,Pronoun,Verb,2K,"Reflection, writing",useful for practice,3,0,1,1,0,0,1,0,1,0,1,0,0,1,1,0,1,0,1,1,10,3,1,common mistake,1,1,6.67,0,0,5,2.5,240
PSJ1_J,./data/processed/exercises/PSJ1_J_E10.txt,20,F,Netherlands,Language and Literature,3,Intermediate,esa mañana (intenté) [probé] la tortilla de espinacas,Substitution,Verb,"2M, 5E","Translation, writing",useful for practice,3,1,1,1,0,1,1,0,1,0,0,1,1,1,0,0,1,1,0,1,5.83,3,1,too difficult,1,1,6.67,0,0,5,2.5,240
PSJ1_J,./data/processed/exercises/PSJ1_J_E06.txt,20,F,Netherlands,Language and Literature,3,Intermediate,(él) quería inspeccionar el baño / después (él) nos invitó,Pronoun,Pronoun,"2H, 2K, 5E","Error correction, rewriting, reflection",useful for practice,3,0,1,0,0,0,1,1,1,0,1,1,1,1,1,1,1,1,1,0,7.14,2,1,common mistake,0,0,6.67,0,0,5,2.5,240
PSJ1_J,./data/processed/exercises/PSJ1_J_E03.txt,20,F,Netherlands,Language and Literature,3,Intermediate,(el) [la] mañana / (un) [una] canción,Gender,Noun / Noun,1A,Fill-in-the-blanks,useful for practice,3,1,1,0,0,0,0,1,1,0,0,0,1,1,0,0,0,0,0,1,9,2,1,common mistake,1,1,6.67,1,1,5,2.5,240
PSJ1_J,./data/processed/exercises/PSJ1_J_E07.txt,20,F,Netherlands,Language and Literature,3,Intermediate,el propietario visitará (a) mi piso / llegamos (en) [a] casa / me reuní (a) [con] Julia y su compañera de piso / cuáles son tus planes (por) [para] la cena / hicimos un grupo (en) [de] WhatsApp / a quienes les encanta (de) cocinar / el grupo consiste (de) [en] cinco personas,Government,Preposition / Preposition / Preposition / Preposition / Preposition / Preposition / Preposition,5E,Multiple choice,useful for practice,3,1,1,1,0,0,0,0,0,0,0,0,0,1,1,1,1,0,0,1,6.67,4,1,common mistake,1,1,6.67,1,1,5,2.5,240
PSJ1_J,./data/processed/exercises/PSJ1_J_E14.txt,20,F,Netherlands,Language and Literature,3,Intermediate,me desperté temprano (por que) [porque] el propietario,Substitution,Conjunctive phrase,"2K, 2M","Reflection, writing, translation",useful for practice,3,1,1,1,1,0,1,0,1,0,1,0,0,1,1,1,1,0,1,1,5,4,1,common mistake,1,1,6.67,1,1,5,2.5,240
PSJ1_J,./data/processed/exercises/PSJ1_J_E01.txt,20,F,Netherlands,Language and Literature,3,Intermediate,estaba (muy) delicioso,Excess word,Adjective,"1C, 2H","Classification, table completion, error correction",useful for practice,3,1,1,0,0,0,0,1,1,0,0,0,1,1,1,0,1,1,0,1,5.83,2,1,learnt a lot,1,1,6.67,1,1,5,2.5,240
PSJ1_J,./data/processed/exercises/PSJ1_J_E12.txt,20,F,Netherlands,Language and Literature,3,Intermediate,un (canvas) [lienzo en] blanco,Creation,Noun,"3A, 5D",Leave the odd one out,useful for practice,3,1,1,1,0,0,0,0,0,0,0,0,0,1,0,0,1,0,0,1,7.5,1,1,irrelevant,1,1,6.67,1,1,5,2.5,240
PSJ1_J,./data/processed/exercises/PSJ1_J_E13.txt,20,F,Netherlands,Language and Literature,3,Intermediate,(differente) [diferentes] / quería (inspectar) [inspeccionar] el baño / tortilla con (espinache) [espinacas] / (frequentemente) [frecuentemente],Creation,Adjective / Verb / Noun / Adverb,"2M, 3D","Reflection, instantiation, writing",useful for practice,3,1,1,0,0,1,1,0,1,0,0,1,1,1,0,0,0,0,1,1,10,4,1,useful,1,1,6.67,0,0,5,2.5,240
PSJ1_J,./data/processed/exercises/PSJ1_J_E15.txt,20,F,Netherlands,Language and Literature,3,Intermediate,(despues) [después] / (Paises) [Países] Bajos / (dia) [día] / (tambien) [también] / (Africa) [África] / (aqui) [aquí],Creation,Adverb / Noun / Noun / Adverb / Noun / Adverb,5A,Accent placement exercise,useful for practice,3,1,1,0,0,0,0,1,0,0,0,0,1,1,0,0,0,0,0,1,10,4,1,useful,1,1,6.67,1,1,5,2.5,240
TSD1_J,./data/processed/exercises/TSD1_J_E12.txt,20,F,Turkey,Language and Literature,3,Intermediate,visitar (a) otro sitio / me di cuenta [de] que / alguien quiere (a) visitar / decidimos (a) visitar,Government,Preposition / Preposition / Preposition / Preposition,"3H, 5E","Table-based collocation combining, writing",useful,3.5,1,1,1,0,0,0,0,0,0,0,0,0,1,1,1,1,1,0,1,7.27,4,1,useful for accuracy,1,1,5.67,0,0,5.67,3,120
TSD1_J,./data/processed/exercises/TSD1_J_E10.txt,20,F,Turkey,Language and Literature,3,Intermediate,(estaba) [era] muy divertido,Substitution,Verb,"1D, 2I",Sentence combining,useful,3.5,1,1,1,0,0,0,0,1,0,1,0,0,1,1,0,1,1,0,1,8.18,3,1,too difficult,0,0,5.67,1,1,5.67,3,120
TSD1_J,./data/processed/exercises/TSD1_J_E08.txt,20,F,Turkey,Language and Literature,3,Intermediate,(tú) puedes comer en un día,Pronoun,Pronoun,"2H, 2K, 5E","Error correction, rewriting, reflection",useful,3.5,0,1,0,0,0,1,1,1,0,1,1,1,1,1,1,1,1,1,0,4.29,2,1,too easy,1,1,5.67,1,1,5.67,3,120
TSD1_J,./data/processed/exercises/TSD1_J_E15.txt,20,F,Turkey,Language and Literature,3,Intermediate,había (una línea grande de la gente) [mucha cola],Analysis,Noun,"2M, 5E","Translation, writing",useful,3.5,1,1,1,0,1,1,0,1,0,0,1,1,1,0,0,1,1,0,1,8.33,4,1,useful for accuracy,1,1,5.67,0,0,5.67,3,120
TSD1_J,./data/processed/exercises/TSD1_J_E13.txt,20,F,Turkey,Language and Literature,3,Intermediate,también había otros (pescados) [peces] de tipos diferentes,Substitution,Noun,"2I, 5E","Picture-based writing, reflection",useful,3.5,1,1,1,0,0,0,0,0,1,1,0,0,1,1,0,1,1,1,1,10,1,1,too easy,1,1,5.67,1,1,5.67,3,120
TSD1_J,./data/processed/exercises/TSD1_J_E11.txt,20,F,Turkey,Language and Literature,3,Intermediate,un acuario muy (largo) [grande],Substitution,Adjective,5E,Binary choice,useful,3.5,1,1,1,0,1,0,1,0,0,0,0,0,1,0,0,1,0,0,1,8.33,4,1,useful to avoid confusion,1,1,5.67,1,1,5.67,3,120
TSD1_J,./data/processed/exercises/TSD1_J_E01.txt,20,F,Turkey,Language and Literature,3,Intermediate,(fuimos al dentro) [entramos],Analysis,Verb,3F,Table completion,useful,3.5,1,1,1,0,0,0,0,1,0,0,1,1,1,0,0,1,1,0,1,6.67,4,1,useful for accuracy,1,1,5.67,1,1,5.67,3,120
TSD1_J,./data/processed/exercises/TSD1_J_E05.txt,20,F,Turkey,Language and Literature,3,Intermediate,"(este) [ese] fin de semana, me desperté",Substitution,Adjective,2G,Rewriting,useful,3.5,0,1,1,0,0,0,1,1,0,1,0,0,1,1,1,1,0,1,1,10,2,1,already acquired,0,0,5.67,0,0,5.67,3,120
TSD1_J,./data/processed/exercises/TSD1_J_E07.txt,20,F,Turkey,Language and Literature,3,Intermediate,(qué) [cuál] es tu pintxo favorito,Substitution,Pronoun,2F,"Binary choice, reflection",useful,3.5,1,1,1,0,0,1,0,0,0,1,0,1,1,1,0,1,0,1,1,7.5,1,1,too easy,0,0,5.67,1,1,5.67,3,120
TSD1_J,./data/processed/exercises/TSD1_J_E06.txt,20,F,Turkey,Language and Literature,3,Intermediate,una clase de (Español) [español],Substitution,Noun,5E,Binary choice,useful,3.5,0,1,1,0,0,0,1,1,0,0,0,0,1,1,1,1,0,0,1,10,3,1,useful for accuracy,0,0,5.67,1,1,5.67,3,120
TSD1_J,./data/processed/exercises/TSD1_J_E14.txt,20,F,Turkey,Language and Literature,3,Intermediate,(mucha) [mucho] tiempo / (un) [una] clase / (un) [una] idea / actividades (espontáneos) [espontáneas] / (los) [las] calles,Gender,Noun / Noun / Noun / Noun,1A,Fill-in-the-blanks,useful,3.5,1,1,0,0,0,0,1,1,0,0,0,1,1,0,0,0,0,0,1,10,2,1,too easy,1,1,5.67,1,1,5.67,3,120
TSD1_J,./data/processed/exercises/TSD1_J_E09.txt,20,F,Turkey,Language and Literature,3,Intermediate,(citio) [sitio] / mi (universita) [universidad] / un (aguario) [acuario],Creation,Noun / Noun / Noun,2H,"Error correction, writing",useful,3.5,1,1,0,0,0,0,0,0,0,0,1,1,1,1,1,0,1,0,1,8,4,1,useful for accuracy,1,1,5.67,1,1,5.67,3,120
TSD1_J,./data/processed/exercises/TSD1_J_E03.txt,20,F,Turkey,Language and Literature,3,Intermediate,mi universidad (en) [de] los Países Bajos / [en] este momento me di cuenta,Government,Preposition / Preposition,5E,Multiple choice,useful,3.5,1,1,1,0,0,0,0,0,0,0,0,0,1,1,1,1,0,0,1,6.67,1,1,already acquired,0,0,5.67,0,0,5.67,3,120
TSD1_J,./data/processed/exercises/TSD1_J_E02.txt,20,F,Turkey,Language and Literature,3,Intermediate,(despues) [después] / (Paises) [Países] Bajos / San (Sebastian) [Sebastián] / (decídimos) [decidimos] / (espontaneos) [espontáneos] / (tambien) [también],Creation,Adverb / Noun / Noun / Verb / Adjective / Adverb,5A,Accent placement exercise,useful,3.5,1,1,0,0,0,0,1,0,0,0,0,1,1,0,0,0,0,0,1,9.47,3,1,useful revision,0,0,5.67,0,0,5.67,3,120
TSD1_J,./data/processed/exercises/TSD1_J_E04.txt,20,F,Turkey,Language and Literature,3,Intermediate,(mí) [mi] día / (mas) [más] cosas / (el) [él] preparaba / (tu) [tú] puedes comer,Substitution,Adjective / Adverb / Pronoun / Pronoun,"2L, 2M, 5E","Matching, writing",useful,3.5,0,1,1,1,0,0,0,0,0,0,0,0,1,1,1,1,1,0,1,10,4,1,useful to avoid confusion,0,0,5.67,0,0,5.67,3,120
JTS1_J,./data/processed/exercises/JTS1_J_E01.txt,20,F,Japan,Economics,3,Intermediate,me dijo que nadie (confirma) [comprueba] el tamaño de las maletas,Substitution,Verb,2F,"Binary choice, reflection",it was required,4,1,1,1,0,0,1,0,0,0,1,0,1,1,1,0,1,0,1,0,5,4,1,useful but not enough practice,1,1,4.67,1,1,4.33,3,300
JTS1_J,./data/processed/exercises/JTS1_J_E05.txt,20,F,Japan,Economics,3,Intermediate,y me invitó a (este) [ese] viaje,Substitution,Adjective,2G,Rewriting,it was required,4,0,1,1,0,0,0,1,1,0,1,0,0,1,1,1,1,0,1,1,10,4,1,useful but not enough practice,1,1,4.67,1,1,4.33,3,300
JTS1_J,./data/processed/exercises/JTS1_J_E04.txt,20,F,Japan,Economics,3,Intermediate,en tres (gran) [grandes] coches,Number,Adjective,5E,Reorder,it was required,4,0,1,0,0,0,0,1,1,0,0,0,0,1,0,0,1,1,0,1,9,4,1,useful but not enough practice,1,1,4.67,1,1,4.33,3,300
JTS1_J,./data/processed/exercises/JTS1_J_E03.txt,20,F,Japan,Economics,3,Intermediate,me invitó (en) [a] ese viaje,Government,Preposition,"3H, 5E","Table-based collocation combining, writing",it was required,4,1,1,1,0,0,0,0,0,0,0,0,0,1,1,1,1,1,0,1,8.75,4,1,useful but not enough practice,0,0,4.67,0,0,4.33,3,300
JTS1_J,./data/processed/exercises/JTS1_J_E02.txt,20,F,Japan,Economics,3,Intermediate,decidieron (para) ir en coche,Government,Preposition,"2M, 5E","Translation, writing",it was required,4,1,1,1,0,1,1,0,1,0,0,1,1,1,0,0,1,1,0,1,5,4,1,useful but not enough practice,1,1,4.67,1,1,4.33,3,300
JTS1_J,./data/processed/exercises/JTS1_J_E07.txt,20,F,Japan,Economics,3,Intermediate,servicio (de) [al] cliente,Government,Preposition,"2A, 2M","Vocabulary extraction, translation",it was required,4,1,1,0,1,0,0,0,0,0,0,0,0,1,0,0,0,0,0,1,6.25,4,1,useful but not enough practice,0,0,4.67,0,0,4.33,3,300
JTS1_J,./data/processed/exercises/JTS1_J_E15.txt,20,F,Japan,Economics,3,Intermediate,cuando estaba hablando (en) [con] el servicio al cliente / el límite (para) [de] mi billete de tren,Government,Preposition / Preposition,5E,Multiple choice,it was required,4,1,1,1,0,0,0,0,0,0,0,0,0,1,1,1,1,0,0,1,8.88,4,1,useful but not enough practice,0,0,4.67,0,0,4.33,3,300
JTS1_J,./data/processed/exercises/JTS1_J_E09.txt,20,F,Japan,Economics,3,Intermediate,había [otras] doce (otros) personas en la misma situación,Order,Adjective,"2F, 2K","Fill-in-the-blanks, reflection",it was required,4,1,1,0,0,1,1,0,0,0,1,1,1,1,1,0,0,1,0,1,10,4,1,useful but not enough practice,0,0,4.67,0,0,4.33,3,300
JTS1_J,./data/processed/exercises/JTS1_J_E06.txt,20,F,Japan,Economics,3,Intermediate,(ingles) [inglés],Substitution,Noun,"2L, 2M, 5E","Matching, writing",it was required,4,0,1,1,1,0,0,0,0,0,0,0,0,1,1,1,1,1,0,1,9.75,4,1,useful but not enough practice,1,1,4.67,1,1,4.33,3,300
JTS1_J,./data/processed/exercises/JTS1_J_E14.txt,20,F,Japan,Economics,3,Intermediate,fui antes de (desayunarme) [desayunar],Pronoun,Verb,2K,"Reflection, writing",it was required,4,0,1,1,0,0,1,0,1,0,1,0,0,1,1,0,1,0,1,1,5,4,1,useful but not enough practice,0,0,4.67,0,0,4.33,3,300
JTS1_J,./data/processed/exercises/JTS1_J_E10.txt,20,F,Japan,Economics,3,Intermediate,(proxima) [próxima] / (dijó) [dijo] / (alli) [allí],Creation,Adjective / Verb / Adverb,5A,Accent placement exercise,it was required,4,1,1,0,0,0,0,1,0,0,0,0,1,1,0,0,0,0,0,0,5.55,4,1,useful but not enough practice,1,1,4.67,1,1,4.33,3,300
JTS1_J,./data/processed/exercises/JTS1_J_E08.txt,20,F,Japan,Economics,3,Intermediate,decidí ir a la estación al (próximo) [siguiente] día,Substitution,Adjective,2K,"Reflection, writing",it was required,4,0,1,1,0,0,1,0,1,0,1,0,0,1,1,0,1,0,1,1,10,4,1,useful but not enough practice,0,0,4.67,0,0,4.33,3,300
JTS1_J,./data/processed/exercises/JTS1_J_E12.txt,20,F,Japan,Economics,3,Intermediate,preguntar sobre (mis equipajes) [mi equipaje],Number,Noun,5E,Binary choice,it was required,4,1,1,1,0,0,0,0,0,0,0,0,0,1,0,0,1,0,0,1,8.88,4,1,useful but not enough practice,0,0,4.67,0,0,4.33,3,300
JTS1_J,./data/processed/exercises/JTS1_J_E11.txt,20,F,Japan,Economics,3,Intermediate,(pamplona) [Pamplona],Creation,Noun,5E,Binary choice,it was required,4,0,1,1,0,0,0,1,1,0,0,0,0,1,1,1,1,0,0,1,10,4,1,useful but not enough practice,0,0,4.67,0,0,4.33,3,300
JTS1_J,./data/processed/exercises/JTS1_J_E13.txt,20,F,Japan,Economics,3,Intermediate,(una) [un] problema / (la) [el] día / (el) [la] situación / (los) [las] personas,Gender,Noun / Noun / Noun / Noun,1A,Fill-in-the-blanks,it was required,4,1,1,0,0,0,0,1,1,0,0,0,1,1,0,0,0,0,0,1,10,4,1,useful but not enough practice,1,1,4.67,1,1,4.33,3,300
CPS1_J,./data/processed/exercises/CPS1_J_E03.txt,21,F,South Korea,Economics,3,Intermediate,que [se] hizo famoso por la canción de Rosé y Bruno Mars,Pronoun,Verb,2K,"Reflection, writing",useful,4,0,1,1,0,0,1,0,1,0,1,0,0,1,1,0,1,0,1,1,10,4,1,personalized,1,1,6,1,1,6.67,4,240
CPS1_J,./data/processed/exercises/CPS1_J_E13.txt,21,F,South Korea,Economics,3,Intermediate,(con) [de] tan buena calidad,Government,Preposition,5E,Multiple choice,useful,4,1,1,1,0,0,0,0,0,0,0,0,0,1,1,1,1,0,0,1,10,4,1,personalized,1,0,6,0,0,6.67,4,240
CPS1_J,./data/processed/exercises/CPS1_J_E05.txt,21,F,South Korea,Economics,3,Intermediate,la página web de un mercado coreano (en) [de] Barcelona,Government,Preposition,5E,Binary choice,useful,4,0,1,1,0,0,0,1,1,0,1,0,0,1,1,1,1,0,0,1,3.33,4,1,personalized,0,0,6,0,0,6.67,4,240
CPS1_J,./data/processed/exercises/CPS1_J_E01.txt,21,F,South Korea,Economics,3,Intermediate,todas las familias (hacen reuniones) [se reúnen],Analysis,Verb,"2M, 5E","Translation, writing",useful,4,1,1,1,1,0,1,0,1,0,0,1,1,1,0,0,1,1,0,1,10,4,1,personalized,0,0,6,1,1,6.67,4,240
CPS1_J,./data/processed/exercises/CPS1_J_E14.txt,21,F,South Korea,Economics,3,Intermediate,para vivir con (feliz) [felicidad],Substitution,Noun,1C,Table completion,useful,4,1,1,1,0,0,0,0,1,0,0,1,1,1,0,0,0,0,0,1,10,4,1,personalized,0,0,6,0,0,6.67,4,240
CPS1_J,./data/processed/exercises/CPS1_J_E12.txt,21,F,South Korea,Economics,3,Intermediate,en (cualiquiera) [cualquier] situación,Creation,Adjective,2H,"Error correction, writing",useful,4,1,1,0,0,0,0,0,0,0,0,1,1,1,1,1,0,1,0,1,4,4,1,personalized,1,1,6,0,0,6.67,4,240
CPS1_J,./data/processed/exercises/CPS1_J_E02.txt,21,F,South Korea,Economics,3,Intermediate,que (era) [estaba] muy lejos de casa,Substitution,Verb,2F,"Binary choice, reflection",useful,4,1,1,1,0,0,1,0,0,0,1,0,1,1,1,0,1,0,1,1,6,4,1,personalized,1,1,6,1,1,6.67,4,240
CPS1_J,./data/processed/exercises/CPS1_J_E06.txt,21,F,South Korea,Economics,3,Intermediate,para (realizar) [darme cuenta de que] estaba en España,Substitution,Verb,5E,Binary choice,useful,4,1,1,1,0,1,0,1,0,0,0,0,0,1,0,0,1,0,0,1,8.33,4,1,personalized,1,1,6,1,1,6.67,4,240
CPS1_J,./data/processed/exercises/CPS1_J_E11.txt,21,F,South Korea,Economics,3,Intermediate,las comidas (riquísimos) [riquísimas] / experiencia (exótico) [exótica],Gender,Noun / Noun,1A,Fill-in-the-blanks,useful,4,1,1,0,0,0,0,1,1,0,0,0,1,1,0,0,0,0,0,1,10,4,1,personalized,1,1,6,1,1,6.67,4,240
CPS1_J,./data/processed/exercises/CPS1_J_E15.txt,21,F,South Korea,Economics,3,Intermediate,(las comidas coreanas) [los platos coreanos],Substitution,Noun,"2A, 2M","Vocabulary extraction, translation",useful,4,1,1,0,1,0,0,0,0,0,0,0,0,1,0,0,0,0,0,1,10,4,1,personalized,0,0,6,1,1,6.67,4,240
CPS1_J,./data/processed/exercises/CPS1_J_E08.txt,21,F,South Korea,Economics,3,Intermediate,empezamos a comer (fuertemente) [vorazmente],Substitution,Adverb,"3A, 5D",Leave the odd one out,useful,4,1,1,1,0,0,0,0,0,0,0,0,0,1,0,0,1,0,0,1,10,4,1,personalized,1,1,6,1,1,6.67,4,240
CPS1_J,./data/processed/exercises/CPS1_J_E07.txt,21,F,South Korea,Economics,3,Intermediate,después [de] que llegaran los ingredientes,Government,Preposition,3B,Binary choice,useful,4,1,1,1,0,0,0,0,0,0,1,0,0,1,1,0,1,0,0,1,8.57,4,1,personalized,0,0,6,0,0,6.67,4,240
CPS1_J,./data/processed/exercises/CPS1_J_E04.txt,21,F,South Korea,Economics,3,Intermediate,(pagina) [página] / podía sentir (como) [cómo],Substitution,Noun / Adverb,"2L, 2M, 5E","Matching, writing",useful,4,0,1,1,1,0,1,0,0,0,0,0,0,1,1,1,1,1,0,1,10,4,1,personalized,1,1,6,1,1,6.67,4,240
CPS1_J,./data/processed/exercises/CPS1_J_E10.txt,21,F,South Korea,Economics,3,Intermediate,(tambien) [también],Creation,Adverb,5A,Accent placement exercise,useful,4,1,1,0,0,0,0,1,0,0,0,0,1,1,0,0,0,0,0,1,9.5,4,1,personalized,1,1,6,1,1,6.67,4,240
CPS1_J,./data/processed/exercises/CPS1_J_E09.txt,21,F,South Korea,Economics,3,Intermediate,(en) el (Septiembre) [septiembre] pasado,Government,Preposition,"2G, 5E","Error correction, writing",useful,4,0,1,0,0,0,0,1,1,0,1,1,1,1,1,0,0,1,0,1,9,4,1,personalized,1,1,6,1,1,6.67,4,240