participant_ID,text_file,error,exercise_type,exercise_format
ILA1_I,./data/processed/exercises/ILA1_I_E01.txt,cuando empecé la universidad me mudé (en) [a] Siena para estudiar idiomas / Me gustaría pensar (a) [en] esta asignatura como si fuera,productive use of targets,discrete choice
ILA1_I,./data/processed/exercises/ILA1_I_E02.txt,ahora estoy en el (tercero) [tercer] y último año de Mediación Lingüística,productive use of targets,sentence reconstruction
ILA1_I,./data/processed/exercises/ILA1_I_E03.txt,aprender (como) [cómo] hacer una traducción,"meaning and sense elaboration, productive use of targets","matching, prompted writing"
ILA1_I,./data/processed/exercises/ILA1_I_E04.txt,punto de (partido) [partida],contextual retrieval,"discrete choice, metalinguistic reflection, prompted writing"
ILA1_I,./data/processed/exercises/ILA1_I_E05.txt,La IA puede analizar datos personales de salud y actividad física para ofrecer recomendaciones de entreno personalizadas (sino también) [y] consejos sobre nutrición y prevención de lesiones.,"contextual retrieval, meaning and sense elaboration","cloze, metalinguistic reflection"
ILA1_I,./data/processed/exercises/ILA1_I_E06.txt,"[Además, ] Este curso me ayudó (también) a relacionarme mejor con la lengua en general también en un sentido discursivo, comunicativo y oral también.",paraphrastic flexibility,sentence reconstruction
ILA1_I,./data/processed/exercises/ILA1_I_E07.txt,Mi objetivo es lograr hablar y hacer (dibujos) [esquemas] sobre temas importantes de la literatura más fluidamente.,productive use of targets,prompted writing
ILA1_I,./data/processed/exercises/ILA1_I_E08.txt,Es el lugar donde yo (nacì) [nací],conceptual organization,accent marking and read-aloud
ILA1_I,./data/processed/exercises/ILA1_I_E09.txt,Una traducción y también (una) [un] análisis (crítica) [crítico] de los textos que tratamos,conceptual organization,cloze
ILA1_I,./data/processed/exercises/ILA1_I_E10.txt,Me defino como una persona muy tímida pero al mismo tiempo muy (solar) [alegre],productive use of targets,discrete choice
ILA1_I,./data/processed/exercises/ILA1_I_E11.txt,"Ver cómo los autores españoles desarrollan sus pensamientos, como (lo) [los] ponen por escrito",paraphrastic flexibility,text editing
ILA1_I,./data/processed/exercises/ILA1_I_E12.txt,"Ver cómo los autores españoles desarrollan sus (pensamiento) [pensamientos], como los ponen por escrito",contextual retrieval,cloze
ILA1_I,./data/processed/exercises/ILA1_I_E13.txt,Una (apoplejía) [conmoción] que me vio crecer desde todos los puntos de vista,"meaning and sense elaboration, productive use of targets","matching, prompted writing"
ILA1_I,./data/processed/exercises/ILA1_I_E14.txt,"Puede ser también una imagen simple, una publicidad sin (escritas) [escritos] y sin palabras",productive use of targets,"paradigmatic systematization, cloze"
ILA1_I,./data/processed/exercises/ILA1_I_E15.txt,Me defino [como] una persona muy tímida,"contextual retrieval, paraphrastic flexibility","cloze, text editing"
FGC1_I,./data/processed/exercises/FGC1_I_E01.txt,Un evento (tan) [muy] esperado a principios de año,productive use of targets,discrete choice
FGC1_I,./data/processed/exercises/FGC1_I_E02.txt,(taréa) [tarea],conceptual organization,accent marking and read-aloud
FGC1_I,./data/processed/exercises/FGC1_I_E03.txt,"Este fenómeno ha sido percibido en el mundo entero, (dando lugar a millones de personas cautivadas) [cautivando a millones de personas]",paraphrastic flexibility,text editing
FGC1_I,./data/processed/exercises/FGC1_I_E04.txt,Solo se habían producido diez pasos de la sombra de la Luna (sobre) [por delante de] la Tierra durante este siglo,productive use of targets,discrete choice
FGC1_I,./data/processed/exercises/FGC1_I_E05.txt,(Este) [Ese] eclipse solar total comenzó,contextual retrieval,cloze
FGC1_I,./data/processed/exercises/FGC1_I_E06.txt,"Este fenómeno, que se produce al (transitar) [cubrir] la luna (por delante de) el sol","pragmatic appropriateness, meaning and sense elaboration","vocabulary extraction and list creation, translation"
FGC1_I,./data/processed/exercises/FGC1_I_E07.txt,Los más afortunados pudieron vivir unos minutos sumergidos en la oscuridad más (total) [absoluta] en pleno día,paraphrastic flexibility,text editing
FGC1_I,./data/processed/exercises/FGC1_I_E08.txt,este impresionante (espécimen) [fenómeno] celestial,collocational control,discrete choice
FGC1_I,./data/processed/exercises/FGC1_I_E09.txt,Puede percibir las informaciones más (rápidas) [rápido],productive use of targets,discrete choice
FGC1_I,./data/processed/exercises/FGC1_I_E10.txt,para (mi) [mí],"meaning and sense elaboration, productive use of targets","matching, prompted writing"
FGC1_I,./data/processed/exercises/FGC1_I_E11.txt,En el programa radiofónico (se ha tratado de) [se han tratado] las ventajas cognitivas de los bilingües,productive use of targets,discrete choice
FGC1_I,./data/processed/exercises/FGC1_I_E12.txt,"No solo porque estamos en un mundo multicultural, sino (que) también (para hacer trabajar el cerebro) [porque propicia que el cerebro trabaje]",meaning and sense elaboration,metalinguistic reflection
FGC1_I,./data/processed/exercises/FGC1_I_E13.txt,(tardar) [retrasar] enfermedades,productive use of targets,"discrete choice, metalinguistic reflection"
FGC1_I,./data/processed/exercises/FGC1_I_E14.txt,Me parece (coherente) [lógico] que,productive use of targets,"metalinguistic reflection, prompted writing"
FGC1_I,./data/processed/exercises/FGC1_I_E15.txt,(pues) [así pues],contextual retrieval,cloze
RCS1_I,./data/processed/exercises/RCS1_I_E01.txt,una nueva flexibilidad y autonomía (ha) [han] mejorado,productive use of targets,discrete choice
RCS1_I,./data/processed/exercises/RCS1_I_E02.txt,(adoptar) [encontrar] un equilibrio,collocational control,discrete choice
RCS1_I,./data/processed/exercises/RCS1_I_E03.txt,(articulo) [artículo],productive use of targets,prompted writing
RCS1_I,./data/processed/exercises/RCS1_I_E04.txt,¿(Sólo) [Solo] una tendencia o una nueva normalidad?,meaning and sense elaboration,metalinguistic reflection
RCS1_I,./data/processed/exercises/RCS1_I_E05.txt,implicaciones (éticos) [éticas],conceptual organization,cloze
RCS1_I,./data/processed/exercises/RCS1_I_E06.txt,avances (a la) [en] tecnología,productive use of targets,discrete choice
RCS1_I,./data/processed/exercises/RCS1_I_E07.txt,(esta) [está] dedicada,conceptual organization,"matching, prompted writing"
RCS1_I,./data/processed/exercises/RCS1_I_E08.txt,"(También,) [Además, ] menciona los principios",paraphrastic flexibility,sentence reconstruction
RCS1_I,./data/processed/exercises/RCS1_I_E09.txt,(introduce) [implica] nuevos retos,productive use of targets,discrete choice
RCS1_I,./data/processed/exercises/RCS1_I_E10.txt,A menudo (se) denominado teletrabajo,"productive use of targets, meaning and sense elaboration",metalinguistic reflection
RCS1_I,./data/processed/exercises/RCS1_I_E11.txt,(éticos médicas) [ética médica],meaning and sense elaboration,translation
RCS1_I,./data/processed/exercises/RCS1_I_E12.txt,(producirá una regresión) [volverá],"productive use of targets, paraphrastic flexibility",text editing
RCS1_I,./data/processed/exercises/RCS1_I_E13.txt,los retos y (limitantes) [limitaciones] de la pandemia,productive use of targets,"metalinguistic reflection, prompted writing"
RCS1_I,./data/processed/exercises/RCS1_I_E14.txt,según (de) una encuesta,contextual retrieval,cloze
RCS1_I,./data/processed/exercises/RCS1_I_E15.txt,(violación) [filtración] de datos,"pragmatic appropriateness, meaning and sense elaboration","vocabulary extraction and list creation, translation"
RUE1_I,./data/processed/exercises/RUE1_I_E01.txt,"(También,) [Además, ]",paraphrastic flexibility,sentence reconstruction
RUE1_I,./data/processed/exercises/RUE1_I_E02.txt,problemas (de) [en] la relación,"productive use of targets, meaning and sense elaboration","discrete choice, translation"
RUE1_I,./data/processed/exercises/RUE1_I_E03.txt,las tendencias (mostraron) [se detectaron] en ambos sexos,collocational control,discrete choice
RUE1_I,./data/processed/exercises/RUE1_I_E04.txt,la intensidad y la cantidad de ejercicios (necesarias) [necesarios],productive use of targets,discrete choice
RUE1_I,./data/processed/exercises/RUE1_I_E05.txt,(uno de los críticos) [una de las críticas],contextual retrieval,"discrete choice, metalinguistic reflection, prompted writing"
RUE1_I,./data/processed/exercises/RUE1_I_E06.txt,una de las [mayores] críticas (mayores),productive use of targets,sentence reconstruction
RUE1_I,./data/processed/exercises/RUE1_I_E07.txt,las muchas (de) variables que pueden tener impacto,"collocational control, productive use of targets",syntagmatic systematization
RUE1_I,./data/processed/exercises/RUE1_I_E08.txt,toda mi familia (son escoceses) [es escocesa],"productive use of targets, meaning and sense elaboration","discrete choice, translation"
RUE1_I,./data/processed/exercises/RUE1_I_E09.txt,(auto declarados) [autodeclarados],"conceptual organization, productive use of targets",prompted writing
RUE1_I,./data/processed/exercises/RUE1_I_E10.txt,a un nivel mucho más alto [del] que puedo hablar,productive use of targets,cloze
RUE1_I,./data/processed/exercises/RUE1_I_E11.txt,la mayor fuente de investigación (llega al) [proviene del] cuestionario,productive use of targets,"prompted writing, metalinguistic reflection"
RUE1_I,./data/processed/exercises/RUE1_I_E12.txt,al finalizar (de) este periodo,"paraphrastic flexibility, productive use of targets","text editing, prompted writing"
RUE1_I,./data/processed/exercises/RUE1_I_E13.txt,manifestarse (en forma oral) [oralmente],productive use of targets,metalinguistic reflection
RUE1_I,./data/processed/exercises/RUE1_I_E14.txt,reacciones (en persona) [cara a cara],productive use of targets,"discrete choice, metalinguistic reflection"
RUE1_I,./data/processed/exercises/RUE1_I_E15.txt,países como (en) [los de] América Latina,"paraphrastic flexibility, productive use of targets","text editing, prompted writing"
RGH1_I,./data/processed/exercises/RGH1_I_E01.txt,"(También,) [Además, ]",paraphrastic flexibility,sentence reconstruction
RGH1_I,./data/processed/exercises/RGH1_I_E02.txt,artículo (llamada) [llamado],conceptual organization,cloze
RGH1_I,./data/processed/exercises/RGH1_I_E03.txt,(porque) [por qué],meaning and sense elaboration,"metalinguistic reflection, prompted writing, translation"
RGH1_I,./data/processed/exercises/RGH1_I_E04.txt,(está) [esta] decisión,"meaning and sense elaboration, productive use of targets","matching, prompted writing"
RGH1_I,./data/processed/exercises/RGH1_I_E05.txt,(asi) [así] que,contextual retrieval,cloze
RGH1_I,./data/processed/exercises/RGH1_I_E06.txt,nos permite (a) evaluar,"collocational control, productive use of targets","syntagmatic systematization, prompted writing"
RGH1_I,./data/processed/exercises/RGH1_I_E07.txt,mis estudios normalmente [se] enfocan,productive use of targets,metalinguistic reflection
RGH1_I,./data/processed/exercises/RGH1_I_E08.txt,(últimamente) [a fin de cuentas],productive use of targets,discrete choice
RGH1_I,./data/processed/exercises/RGH1_I_E09.txt,(tambien) [también],conceptual organization,accent marking and read-aloud
RGH1_I,./data/processed/exercises/RGH1_I_E10.txt,me (encanta) [encantan] las lenguas,productive use of targets,discrete choice
RGH1_I,./data/processed/exercises/RGH1_I_E11.txt,(sentirse grasiento) [estar aceitoso],"meaning and sense elaboration, productive use of targets","translation, prompted writing"
RGH1_I,./data/processed/exercises/RGH1_I_E12.txt,situaciones políticas (en) [de] todo el mundo,productive use of targets,discrete choice
RGH1_I,./data/processed/exercises/RGH1_I_E13.txt,identificar las características de textos distintos y lo que los (hacen) [hace] diferentes,paraphrastic flexibility,sentence reconstruction
RGH1_I,./data/processed/exercises/RGH1_I_E14.txt,no he estudiado literatura (desde hace) [en] cinco años,productive use of targets,"discrete choice, prompted writing"
RGH1_I,./data/processed/exercises/RGH1_I_E15.txt,(un) [una] parte,contextual retrieval,"discrete choice, metalinguistic reflection, prompted writing"
FMH1_I,./data/processed/exercises/FMH1_I_E01.txt,(ser tocados por) [ser víctimas de] un terremoto,paraphrastic flexibility,text editing
FMH1_I,./data/processed/exercises/FMH1_I_E02.txt,(neurocientificos) [neurocientíficos],conceptual organization,accent marking and read-aloud
FMH1_I,./data/processed/exercises/FMH1_I_E03.txt,dejar [de] temblar,"collocational control, productive use of targets","syntagmatic systematization, prompted writing"
FMH1_I,./data/processed/exercises/FMH1_I_E04.txt,(este) [ese] trágico mes de marzo del año 2011,contextual retrieval,cloze
FMH1_I,./data/processed/exercises/FMH1_I_E05.txt,a nivel [tanto] humano como material,productive use of targets,"discrete choice, sentence reconstruction"
FMH1_I,./data/processed/exercises/FMH1_I_E06.txt,la región (del) [de] Tohoku,productive use of targets,"discrete choice, prompted writing"
FMH1_I,./data/processed/exercises/FMH1_I_E07.txt,(estudió) [estudio],"meaning and sense elaboration, productive use of targets","matching, prompted writing"
FMH1_I,./data/processed/exercises/FMH1_I_E08.txt,en la (áerea) [área] que está,productive use of targets,discrete choice
FMH1_I,./data/processed/exercises/FMH1_I_E09.txt,el país tiene como desventaja (de) estar sujeto,productive use of targets,discrete choice
FMH1_I,./data/processed/exercises/FMH1_I_E10.txt,destruyendo todo (en su camino) [a su paso],productive use of targets,"discrete choice, prompted writing"
FMH1_I,./data/processed/exercises/FMH1_I_E11.txt,(mostrar) [demostrar],"productive use of targets, paraphrastic flexibility",text editing
FMH1_I,./data/processed/exercises/FMH1_I_E12.txt,un equipo (dirigida) [dirigido],paraphrastic flexibility,text editing
FMH1_I,./data/processed/exercises/FMH1_I_E13.txt,(varias experiencias) [varios experimentos],productive use of targets,discrete choice
FMH1_I,./data/processed/exercises/FMH1_I_E14.txt,enfermedades (neurologías) [neurológicas],collocational control,discrete choice
FMH1_I,./data/processed/exercises/FMH1_I_E15.txt,(apareció) [se reveló],productive use of targets,"metalinguistic reflection, prompted writing"
RBI1_I,./data/processed/exercises/RBI1_I_E01.txt,comer sano no solo (se trata de) [consiste en],productive use of targets,discrete choice
RBI1_I,./data/processed/exercises/RBI1_I_E02.txt,se ha (descubrido) [descubierto],collocational control,discrete choice
RBI1_I,./data/processed/exercises/RBI1_I_E03.txt,(articulo) [artículo],productive use of targets,prompted writing
RBI1_I,./data/processed/exercises/RBI1_I_E04.txt,estamos de acuerdo [en] que,productive use of targets,discrete choice
RBI1_I,./data/processed/exercises/RBI1_I_E05.txt,tienen que (verificar) [consultar] dos bases de datos,"meaning and sense elaboration, contextual retrieval","matching, cloze"
RBI1_I,./data/processed/exercises/RBI1_I_E06.txt,lo jugué a (un) nivel profesional,productive use of targets,"discrete choice, metalinguistic reflection"
RBI1_I,./data/processed/exercises/RBI1_I_E07.txt,(me) he hecho muchos amigos,"meaning and sense elaboration, productive use of targets","metalinguistic reflection, prompted writing"
RBI1_I,./data/processed/exercises/RBI1_I_E08.txt,(la orden) [el orden],productive use of targets,discrete choice
RBI1_I,./data/processed/exercises/RBI1_I_E09.txt,(invaluable) [de valor incalculable],"meaning and sense elaboration, productive use of targets","translation, prompted writing"
RBI1_I,./data/processed/exercises/RBI1_I_E10.txt,(dia) [día],conceptual organization,accent marking and read-aloud
RBI1_I,./data/processed/exercises/RBI1_I_E11.txt,hay veces (cuando) [en las que],productive use of targets,discrete choice
RBI1_I,./data/processed/exercises/RBI1_I_E12.txt,(encontraran) [encontrarán],productive use of targets,discrete choice
RBI1_I,./data/processed/exercises/RBI1_I_E13.txt,(el) [él],productive use of targets,discrete choice
RBI1_I,./data/processed/exercises/RBI1_I_E14.txt,experimento (scientifico) [científico],meaning and sense elaboration,metalinguistic reflection
RBI1_I,./data/processed/exercises/RBI1_I_E15.txt,(sólo) [solo],meaning and sense elaboration,metalinguistic reflection
RHK1_I,./data/processed/exercises/RHK1_I_E01.txt,[tercera] persona (tercera),productive use of targets,sentence reconstruction
RHK1_I,./data/processed/exercises/RHK1_I_E02.txt,(poste) [publicación],meaning and sense elaboration,matching
RHK1_I,./data/processed/exercises/RHK1_I_E03.txt,(articulo) [artículo],productive use of targets,"prompted writing, metalinguistic reflection"
RHK1_I,./data/processed/exercises/RHK1_I_E04.txt,(al primero) [en primer lugar],contextual retrieval,cloze
RHK1_I,./data/processed/exercises/RHK1_I_E05.txt,(medios) [redes] sociales,"pragmatic appropriateness, meaning and sense elaboration","vocabulary extraction and list creation, translation"
RHK1_I,./data/processed/exercises/RHK1_I_E06.txt,la información está (escrito) [escrita],conceptual organization,cloze
RHK1_I,./data/processed/exercises/RHK1_I_E07.txt,(dramáticamente) [drásticamente],productive use of targets,prompted writing
RHK1_I,./data/processed/exercises/RHK1_I_E08.txt,(valorable) [valioso],productive use of targets,discrete choice
RHK1_I,./data/processed/exercises/RHK1_I_E09.txt,(permitir voces) [dar voz a perspectivas],"meaning and sense elaboration, productive use of targets","translation, prompted writing"
RHK1_I,./data/processed/exercises/RHK1_I_E10.txt,(especificas) [específicas],conceptual organization,accent marking and read-aloud
RHK1_I,./data/processed/exercises/RHK1_I_E11.txt,las dificultades [de] encontrar,productive use of targets,discrete choice
RHK1_I,./data/processed/exercises/RHK1_I_E12.txt,estudios (sociólogos) [sociológicos],collocational control,discrete choice
RHK1_I,./data/processed/exercises/RHK1_I_E13.txt,(soportar) [apoyar],meaning and sense elaboration,matching
RHK1_I,./data/processed/exercises/RHK1_I_E14.txt,(destinario) [destinatario],meaning and sense elaboration,metalinguistic reflection
RHK1_I,./data/processed/exercises/RHK1_I_E15.txt,(extensiva) [extensa],productive use of targets,discrete choice
IMA1_I,./data/processed/exercises/IMA1_I_E01.txt,la educación (de) tanto [de] los niños como [de] los adolescentes,productive use of targets,"discrete choice, sentence reconstruction"
IMA1_I,./data/processed/exercises/IMA1_I_E02.txt,un nivel (donde) [con el que] puedo expresarme muy bien,contextual retrieval,cloze
IMA1_I,./data/processed/exercises/IMA1_I_E03.txt,(mientras que) [aunque],"productive use of targets, paraphrastic flexibility","sentence reconstruction, text editing"
IMA1_I,./data/processed/exercises/IMA1_I_E04.txt,(porqué) [por qué],meaning and sense elaboration,"metalinguistic reflection, prompted writing, translation"
IMA1_I,./data/processed/exercises/IMA1_I_E05.txt,en (varios) [varias] formas,conceptual organization,cloze
IMA1_I,./data/processed/exercises/IMA1_I_E06.txt,(sólo) [solo],meaning and sense elaboration,metalinguistic reflection
IMA1_I,./data/processed/exercises/IMA1_I_E07.txt,estudiando (a) [en] Newcastle,"contextual retrieval, meaning and sense elaboration","cloze, translation"
IMA1_I,./data/processed/exercises/IMA1_I_E08.txt,permitiéndonos (a) ver,"meaning and sense elaboration, productive use of targets","translation, prompted writing"
IMA1_I,./data/processed/exercises/IMA1_I_E09.txt,(es) [está] distorsionada,productive use of targets,sentence reconstruction
IMA1_I,./data/processed/exercises/IMA1_I_E10.txt,he (estudio) [estudiado],collocational control,discrete choice
IMA1_I,./data/processed/exercises/IMA1_I_E11.txt,no es necesario demostrar que una novela es (correcto) [correcta] ni (revisado) [revisada] por pares ni (verificado) [verificada] / el uso está (relacionada) [relacionado],paraphrastic flexibility,text editing
IMA1_I,./data/processed/exercises/IMA1_I_E12.txt,(crimines) [crímenes],contextual retrieval,discrete choice
IMA1_I,./data/processed/exercises/IMA1_I_E13.txt,en cuanto (el) [al] español,contextual retrieval,cloze
IMA1_I,./data/processed/exercises/IMA1_I_E14.txt,(el autor) [la autora],conceptual organization,paradigmatic systematization
IMA1_I,./data/processed/exercises/IMA1_I_E15.txt,¿Cuándo (deberíamos esperar tu llegada para) llegarás a la reunión?,"meaning and sense elaboration, productive use of targets","translation, prompted writing"
FEM1_I,./data/processed/exercises/FEM1_I_E01.txt,(aumentación) [aumento],"conceptual organization, meaning and sense elaboration","paradigmatic systematization, metalinguistic reflection"
FEM1_I,./data/processed/exercises/FEM1_I_E02.txt,(reino) [mandato],"meaning and sense elaboration, productive use of targets","matching, prompted writing"
FEM1_I,./data/processed/exercises/FEM1_I_E03.txt,(porque) [por qué],meaning and sense elaboration,"metalinguistic reflection, prompted writing, translation"
FEM1_I,./data/processed/exercises/FEM1_I_E04.txt,(crítica) [critica],"meaning and sense elaboration, productive use of targets","matching, prompted writing"
FEM1_I,./data/processed/exercises/FEM1_I_E05.txt,(mientras que) [aunque] su punto de vista,"productive use of targets, paraphrastic flexibility","sentence reconstruction, text editing"
FEM1_I,./data/processed/exercises/FEM1_I_E06.txt,la tasa más (fuerte) [elevada] / (pasar) [aprobar] una ley,collocational control,discrete choice
FEM1_I,./data/processed/exercises/FEM1_I_E07.txt,"no es solamente esencial, (pero) [sino que] es también fundamental",meaning and sense elaboration,metalinguistic reflection
FEM1_I,./data/processed/exercises/FEM1_I_E08.txt,(estar muy contestado) [tener una gran oposición] / (que falta de) [para la que faltan] tratamientos médicos,paraphrastic flexibility,text editing
FEM1_I,./data/processed/exercises/FEM1_I_E09.txt,(hacer compromisos) [llegar a acuerdos] / (contestación) [confrontación],productive use of targets,discrete choice
FEM1_I,./data/processed/exercises/FEM1_I_E10.txt,el artículo se enfoca (sobre) [en] la situación / es fundamental (a) [para] / nos falta (de) contexto,productive use of targets,discrete choice
FEM1_I,./data/processed/exercises/FEM1_I_E11.txt,(màs en màs) [cada vez más] considerada,meaning and sense elaboration,"translation, metalinguistic reflection"
FEM1_I,./data/processed/exercises/FEM1_I_E12.txt,(pasarse) [ocurrir],contextual retrieval,cloze
FEM1_I,./data/processed/exercises/FEM1_I_E13.txt,en cuanto [a] su pertinencia,contextual retrieval,cloze
FEM1_I,./data/processed/exercises/FEM1_I_E14.txt,(sea) [esté] más impactado,productive use of targets,sentence reconstruction
FEM1_I,./data/processed/exercises/FEM1_I_E15.txt,sobre (reales) hechos científicos [reales],productive use of targets,sentence reconstruction
RRN1_I,./data/processed/exercises/RRN1_I_E01.txt,tomando en cuenta (sobre) las tres erres / es importante (de) tener en cuenta / tener en cuenta (de) que,contextual retrieval,discrete choice
RRN1_I,./data/processed/exercises/RRN1_I_E02.txt,(complejos) [complejidades],productive use of targets,prompted writing
RRN1_I,./data/processed/exercises/RRN1_I_E03.txt,menciona (como) [cómo] es más económico / que (si) [sí] hay otras opciones / (uso) [usó] / (tenia) [tenía],"meaning and sense elaboration, productive use of targets","matching, prompted writing"
RRN1_I,./data/processed/exercises/RRN1_I_E04.txt,ha (escrito) [descrito],contextual retrieval,cloze
RRN1_I,./data/processed/exercises/RRN1_I_E05.txt,la importancia [de] que debemos,contextual retrieval,"cloze, metalinguistic reflection"
RRN1_I,./data/processed/exercises/RRN1_I_E06.txt,(una) [un] artículo / ni tratan de usar (los) [las] alternativas / conocimiento (científica) [científico] / (un) [una] idea,conceptual organization,cloze
RRN1_I,./data/processed/exercises/RRN1_I_E07.txt,(formato en) [forma de] obtener,contextual retrieval,discrete choice
RRN1_I,./data/processed/exercises/RRN1_I_E08.txt,la mayoría de la gente nunca (piensan) [piensa],"contextual retrieval, meaning and sense elaboration","discrete choice, translation"
RRN1_I,./data/processed/exercises/RRN1_I_E09.txt,"dependen de grandes cantidades de datos para su (formación) [entrenamiento] / debemos (mover fuera) [superar] la idea del ""gold standard"" / solo (pegan a) [siguen] las normas / las normas que (saben) [conocen]","meaning and sense elaboration, productive use of targets","translation, prompted writing"
RRN1_I,./data/processed/exercises/RRN1_I_E10.txt,para que (se fueran) [sean] aceptables,meaning and sense elaboration,metalinguistic reflection
RRN1_I,./data/processed/exercises/RRN1_I_E11.txt,entender su punto (directo) [directamente],productive use of targets,discrete choice
RRN1_I,./data/processed/exercises/RRN1_I_E12.txt,la calificación que habrían (ganado) [obtenido],collocational control,discrete choice
RRN1_I,./data/processed/exercises/RRN1_I_E13.txt,(soportar) [respaldar],meaning and sense elaboration,matching
RRN1_I,./data/processed/exercises/RRN1_I_E14.txt,sino [que] también,meaning and sense elaboration,metalinguistic reflection
RRN1_I,./data/processed/exercises/RRN1_I_E15.txt,(resultas) [resultados] / (introduce) [presenta],productive use of targets,discrete choice
FKN1_I,./data/processed/exercises/FKN1_I_E01.txt,(utilizó) [utilizo],"meaning and sense elaboration, productive use of targets","matching, prompted writing"
FKN1_I,./data/processed/exercises/FKN1_I_E02.txt,"no solo se limita, sino [que] también",meaning and sense elaboration,metalinguistic reflection
FKN1_I,./data/processed/exercises/FKN1_I_E03.txt,(los) [las] redes sociales,conceptual organization,cloze
FKN1_I,./data/processed/exercises/FKN1_I_E04.txt,(un) otro ángulo,contextual retrieval,cloze
FKN1_I,./data/processed/exercises/FKN1_I_E05.txt,orígenes diferentes de (la suya) [los suyos],meaning and sense elaboration,"matching, sentence reconstruction"
FKN1_I,./data/processed/exercises/FKN1_I_E06.txt,otras personas (quien) [que] las acusan de,"contextual retrieval, meaning and sense elaboration","cloze, metalinguistic reflection"
FKN1_I,./data/processed/exercises/FKN1_I_E07.txt,los diferentes problemas (debido) [debidos] a la desigualdad,paraphrastic flexibility,text editing
FKN1_I,./data/processed/exercises/FKN1_I_E08.txt,datos (claves) [clave],contextual retrieval,cloze
FKN1_I,./data/processed/exercises/FKN1_I_E09.txt,es mucho (más) peor,conceptual organization,discrete choice
FKN1_I,./data/processed/exercises/FKN1_I_E10.txt,no solamente es una cuestión de desigualdad sino (tampoco) [también] social,"contextual retrieval, meaning and sense elaboration","cloze, metalinguistic reflection"
FKN1_I,./data/processed/exercises/FKN1_I_E11.txt,(realizar) [darse cuenta de] la urgencia del problema,productive use of targets,discrete choice
FKN1_I,./data/processed/exercises/FKN1_I_E12.txt,es importante que las organizaciones de voluntariado (deben trabajar) [trabajen],productive use of targets,prompted writing
FKN1_I,./data/processed/exercises/FKN1_I_E13.txt,sus viajes de voluntariado en (la cual) [los cuales],contextual retrieval,discrete choice
FKN1_I,./data/processed/exercises/FKN1_I_E14.txt,el 10% más rico tiene [el] 47% de los ingresos,contextual retrieval,cloze
FKN1_I,./data/processed/exercises/FKN1_I_E15.txt,otras etnias (en) [de] la región,productive use of targets,discrete choice
RCO1_I,./data/processed/exercises/RCO1_I_E01.txt,la infancia de un niño de hoy es (tan) [muy] diferente de la nuestra / un aspecto (tan) [muy] importante,productive use of targets,discrete choice
RCO1_I,./data/processed/exercises/RCO1_I_E02.txt,esos niños (fueron nacidos) [nacieron],"meaning and sense elaboration, productive use of targets","translation, prompted writing"
RCO1_I,./data/processed/exercises/RCO1_I_E03.txt,incluyen [tanto] los físicos (tanto) como los psicológicos,productive use of targets,"discrete choice, sentence reconstruction"
RCO1_I,./data/processed/exercises/RCO1_I_E04.txt,"(También, ) [Además, ]",paraphrastic flexibility,sentence reconstruction
RCO1_I,./data/processed/exercises/RCO1_I_E05.txt,tenemos en cuenta (de) que,contextual retrieval,discrete choice
RCO1_I,./data/processed/exercises/RCO1_I_E06.txt,para (mi) [mí],"meaning and sense elaboration, productive use of targets","matching, prompted writing"
RCO1_I,./data/processed/exercises/RCO1_I_E07.txt,(papel) [artículo] / (introducen) [presentan],productive use of targets,discrete choice
RCO1_I,./data/processed/exercises/RCO1_I_E08.txt,(es) [está] bien escrito,meaning and sense elaboration,"matching, prompted writing"
RCO1_I,./data/processed/exercises/RCO1_I_E09.txt,(introduccion) [introducción] / (informacion) [información],conceptual organization,accent marking and read-aloud
RCO1_I,./data/processed/exercises/RCO1_I_E10.txt,"y, (porque) [dado que] los exámenes son difíciles, mucha gente suspende",paraphrastic flexibility,sentence reconstruction
RCO1_I,./data/processed/exercises/RCO1_I_E11.txt,la infancia de un niño de hoy es muy diferente (como la de nosotros) [de la nuestra],meaning and sense elaboration,"matching, sentence reconstruction"
RCO1_I,./data/processed/exercises/RCO1_I_E12.txt,dado el hecho [de] que,contextual retrieval,"cloze, metalinguistic reflection"
RCO1_I,./data/processed/exercises/RCO1_I_E13.txt,la investigación (en) [sobre] pantallas / las pantallas (de) [para] niños / las aficiones (para) [de] los niños,productive use of targets,discrete choice
RCO1_I,./data/processed/exercises/RCO1_I_E14.txt,la incapacidad para (deducir) [reconocer] noticias falsas,collocational control,discrete choice
RCO1_I,./data/processed/exercises/RCO1_I_E15.txt,"hay muchos accidentes, (que demuestran) [lo que demuestra]",paraphrastic flexibility,sentence reconstruction
FLR1_I,./data/processed/exercises/FLR1_I_E01.txt,palabras (claves) [clave],contextual retrieval,cloze
FLR1_I,./data/processed/exercises/FLR1_I_E02.txt,creadas (por) [para] sensibilizar,meaning and sense elaboration,"metalinguistic reflection, prompted writing"
FLR1_I,./data/processed/exercises/FLR1_I_E03.txt,(cambiara) [cambiará],"meaning and sense elaboration, productive use of targets","matching, prompted writing"
FLR1_I,./data/processed/exercises/FLR1_I_E04.txt,(número) [tasa],contextual retrieval,cloze
FLR1_I,./data/processed/exercises/FLR1_I_E05.txt,(permiso de nacimiento) [baja por maternidad],productive use of targets,discrete choice
FLR1_I,./data/processed/exercises/FLR1_I_E06.txt,logramos (a) reducir / sensibilizar [a] la población,"collocational control, productive use of targets","syntagmatic systematization, prompted writing"
FLR1_I,./data/processed/exercises/FLR1_I_E07.txt,(reconocimiento de fecundidad) [control de fertilidad],"pragmatic appropriateness, meaning and sense elaboration","vocabulary extraction and list creation, translation"
FLR1_I,./data/processed/exercises/FLR1_I_E08.txt,(aumentación) [aumento],"conceptual organization, meaning and sense elaboration","paradigmatic systematization, metalinguistic reflection"
FLR1_I,./data/processed/exercises/FLR1_I_E09.txt,estar (seguro) [claro],"contextual retrieval, meaning and sense elaboration",cloze
FLR1_I,./data/processed/exercises/FLR1_I_E10.txt,actuar (de manera considerable) [con consideración],"meaning and sense elaboration, productive use of targets","matching, prompted writing, metalinguistic reflection"
FLR1_I,./data/processed/exercises/FLR1_I_E11.txt,la capacidad (a) [de] actuar,productive use of targets,discrete choice
FLR1_I,./data/processed/exercises/FLR1_I_E12.txt,(apoyar) [respaldar],collocational control,discrete choice
FLR1_I,./data/processed/exercises/FLR1_I_E13.txt,ser (quitado) [arrebatado],"meaning and sense elaboration, contextual retrieval","matching, cloze, metalinguistic reflection"
FLR1_I,./data/processed/exercises/FLR1_I_E14.txt,como (lo) dice,contextual retrieval,cloze
FLR1_I,./data/processed/exercises/FLR1_I_E15.txt,influir (a su nivel) [dentro de sus posibilidades],paraphrastic flexibility,text editing
FTR1_I,./data/processed/exercises/FTR1_I_E01.txt,sensibilizar [a] la población,"collocational control, productive use of targets","syntagmatic systematization, prompted writing"
FTR1_I,./data/processed/exercises/FTR1_I_E02.txt,(super diferentes) [superdiferentes],"conceptual organization, productive use of targets",prompted writing
FTR1_I,./data/processed/exercises/FTR1_I_E03.txt,palabras (claves) [clave],contextual retrieval,cloze
FTR1_I,./data/processed/exercises/FTR1_I_E04.txt,(exprimir) [explicar],productive use of targets,discrete choice
FTR1_I,./data/processed/exercises/FTR1_I_E05.txt,un tema sensible y poco (inesperada) [inesperado] / (la pequeña) [el pequeño] video (incluida) [incluido],conceptual organization,cloze
FTR1_I,./data/processed/exercises/FTR1_I_E06.txt,(si) [sí] / (vinculo) [vínculo] / (como) [cómo] los personajes / (critica) [crítica],"meaning and sense elaboration, productive use of targets","matching, prompted writing"
FTR1_I,./data/processed/exercises/FTR1_I_E07.txt,(del) [de lo] primitivo y (del) [de lo] eterno,contextual retrieval,cloze
FTR1_I,./data/processed/exercises/FTR1_I_E08.txt,"en la vida me (gusta) [gustan] la moda, la fotografía, los deportes y los viajes",productive use of targets,discrete choice
FTR1_I,./data/processed/exercises/FTR1_I_E09.txt,tengo (una) cierta facilidad para expresarme / la misma línea psicológica (con) [que] el estilo,contextual retrieval,cloze
FTR1_I,./data/processed/exercises/FTR1_I_E10.txt,es necesario (de) releerlo bien / referencias (en) [a] los clásicos / la relación del individuo (a) [con] el universo,productive use of targets,discrete choice
FTR1_I,./data/processed/exercises/FTR1_I_E11.txt,(son) [están] vinculados,productive use of targets,sentence reconstruction
FTR1_I,./data/processed/exercises/FTR1_I_E12.txt,(vigilar) [cuidar],"meaning and sense elaboration, productive use of targets","matching, prompted writing, metalinguistic reflection"
FTR1_I,./data/processed/exercises/FTR1_I_E13.txt,(relevar) [revelar],contextual retrieval,cloze
FTR1_I,./data/processed/exercises/FTR1_I_E14.txt,así [que] es,contextual retrieval,cloze
FTR1_I,./data/processed/exercises/FTR1_I_E15.txt,(similaritud) [similitud],paraphrastic flexibility,text editing
FCY1_I,./data/processed/exercises/FCY1_I_E01.txt,era (del numérico) [digital] / (utilizador) [usuario],"pragmatic appropriateness, meaning and sense elaboration","vocabulary extraction and list creation, translation"
FCY1_I,./data/processed/exercises/FCY1_I_E02.txt,asegurarse [de] que,productive use of targets,discrete choice
FCY1_I,./data/processed/exercises/FCY1_I_E03.txt,(llenar) [cubrir] la demanda,collocational control,discrete choice
FCY1_I,./data/processed/exercises/FCY1_I_E04.txt,(bajo) [por debajo] de / pasatiempos (en) [al] aire libre,meaning and sense elaboration,translation
FCY1_I,./data/processed/exercises/FCY1_I_E05.txt,como (le) [lo] hemos visto antes,contextual retrieval,cloze
FCY1_I,./data/processed/exercises/FCY1_I_E06.txt,es importante (de) tener en cuenta que,contextual retrieval,discrete choice
FCY1_I,./data/processed/exercises/FCY1_I_E07.txt,(faltan) [escasean],paraphrastic flexibility,text editing
FCY1_I,./data/processed/exercises/FCY1_I_E08.txt,reemplazarán (el) [lo] humano / (el) [lo] natural es vernos,contextual retrieval,cloze
FCY1_I,./data/processed/exercises/FCY1_I_E09.txt,(jovenes) [jóvenes],conceptual organization,accent marking and read-aloud
FCY1_I,./data/processed/exercises/FCY1_I_E10.txt,(el médico) [la medicina],"meaning and sense elaboration, productive use of targets","matching, prompted writing"
FCY1_I,./data/processed/exercises/FCY1_I_E11.txt,las (buenas y las malas) [ventajas y las] desventajas,"productive use of targets, paraphrastic flexibility",text editing
FCY1_I,./data/processed/exercises/FCY1_I_E12.txt,Pellicer (desarrolla en) [argumenta] que la inteligencia artificial sería buena,"productive use of targets, paraphrastic flexibility",text editing
FCY1_I,./data/processed/exercises/FCY1_I_E13.txt,mala (habitud) [costumbre],productive use of targets,discrete choice
FCY1_I,./data/processed/exercises/FCY1_I_E14.txt,así como (al fuera) [fuera] de este,contextual retrieval,cloze
FCY1_I,./data/processed/exercises/FCY1_I_E15.txt,ámbitos (del cotidiano) [de la vida cotidiana],"meaning and sense elaboration, productive use of targets","matching, prompted writing"
FGC2_S,./data/processed/exercises/FGC2_S_E01.txt,Mi hermano nació en 2004 y (él) es una persona importante en mi vida,"paraphrastic flexibility, meaning and sense elaboration, productive use of targets","text editing, metalinguistic reflection"
FGC2_S,./data/processed/exercises/FGC2_S_E02.txt,"Empecé a jugar al fútbol en 2007, en un equipo local, fue muy (rápido) [pronto]","paraphrastic flexibility, productive use of targets","text editing, prompted writing"
FGC2_S,./data/processed/exercises/FGC2_S_E03.txt,la copa de (europa) [Europa],productive use of targets,discrete choice
FGC2_S,./data/processed/exercises/FGC2_S_E04.txt,(Ese año en otoño) [En el otoño de ese año] empecé la escuela,productive use of targets,cloze
FGC2_S,./data/processed/exercises/FGC2_S_E05.txt,Mi abuela (estaba) [se puso] muy triste,contextual retrieval,cloze
FGC2_S,./data/processed/exercises/FGC2_S_E06.txt,(miré) [vi] este partido por la (televisión) [tele],"meaning and sense elaboration, productive use of targets","metalinguistic reflection, prompted writing"
FGC2_S,./data/processed/exercises/FGC2_S_E07.txt,En 2016 mi familia (tuvo) [adoptó a] una mascota,contextual retrieval,discrete choice
FGC2_S,./data/processed/exercises/FGC2_S_E08.txt,"Un perro, (que está muy cerca de mi corazón) [al que quiero mucho]",paraphrastic flexibility,text editing
FGC2_S,./data/processed/exercises/FGC2_S_E09.txt,"Es un pueblo muy pequeño, pero (tienen) [tiene] una escuela secundaria superior de deportes",paraphrastic flexibility,text editing
FGC2_S,./data/processed/exercises/FGC2_S_E10.txt,Conocí [a] muchas personas allí,contextual retrieval,discrete choice
FGC2_S,./data/processed/exercises/FGC2_S_E11.txt,"Muchas personas allí, (quienes) [que] son mis buenos amigos","contextual retrieval, meaning and sense elaboration","cloze, metalinguistic reflection"
FGC2_S,./data/processed/exercises/FGC2_S_E13.txt,A los 18 (tuvo) [obtuve] el permiso de conducir,contextual retrieval,discrete choice
FGC2_S,./data/processed/exercises/FGC2_S_E15.txt,En 2021 (completé) [terminé] la escuela,conceptual organization,paradigmatic systematization
FGC2_S,./data/processed/exercises/FGC2_S_E14.txt,Y (terminé jugando) [dejé de jugar] al fútbol,"meaning and sense elaboration, contextual retrieval","matching, cloze"
FGC2_S,./data/processed/exercises/FGC2_S_E12.txt,(Completé) [hice] el servicio militar,collocational control,discrete choice
BEA1_S,./data/processed/exercises/BEA1_S_E01.txt,(Yo) nací el 11 de septiembre de 2001,"paraphrastic flexibility, meaning and sense elaboration, productive use of targets","text editing, metalinguistic reflection"
BEA1_S,./data/processed/exercises/BEA1_S_E04.txt,Nací (en) [el] / (once) [11 de] (Septiembre) / [septiembre de] 2001,"paraphrastic flexibility, productive use of targets","text editing, prompted writing"
BEA1_S,./data/processed/exercises/BEA1_S_E02.txt,(Belgicá) [Bélgica] / enfermedad (cronica) [crónica] / (dificil) [difícil] / (tambien) [también],conceptual organization,accent marking and read-aloud
BEA1_S,./data/processed/exercises/BEA1_S_E03.txt,Las etapas (muy importante) [más importantes] de mi vida,contextual retrieval,"cloze, metalinguistic reflection"
BEA1_S,./data/processed/exercises/BEA1_S_E06.txt,(de) [desde] mi nacimiento (a) [hasta los] 16 años,contextual retrieval,cloze
BEA1_S,./data/processed/exercises/BEA1_S_E05.txt,"Desde mi nacimiento hasta los 16 años, (estaba) [fui] una chica muy feliz / (estaba) [fue] un momento muy difícil / (estaba) [fue] la mejor etapa de mi vida",productive use of targets,sentence reconstruction
BEA1_S,./data/processed/exercises/BEA1_S_E07.txt,"Cuando tenía 16 años, (tenía) [me diagnosticaron] una enfermedad crónica",contextual retrieval,discrete choice
BEA1_S,./data/processed/exercises/BEA1_S_E14.txt,Los años (siguiente) [siguientes] / (mi) [mis] amigos,paraphrastic flexibility,text editing
BEA1_S,./data/processed/exercises/BEA1_S_E08.txt,Fui a Reino Unido (por) [para] estudiar,meaning and sense elaboration,"metalinguistic reflection, prompted writing"
BEA1_S,./data/processed/exercises/BEA1_S_E11.txt,(cinqo) [cinco] meses / (quando) [cuando],"contextual retrieval, meaning and sense elaboration","cloze, translation"
BEA1_S,./data/processed/exercises/BEA1_S_E10.txt,(encanté) [conocí a],productive use of targets,discrete choice
BEA1_S,./data/processed/exercises/BEA1_S_E13.txt,"El año pasado fui a Budapest por una escuela de verano, me gusta [mucho] ese lugar (mucho)",productive use of targets,sentence reconstruction
BEA1_S,./data/processed/exercises/BEA1_S_E12.txt,"El año pasado fui a Budapest por una escuela de verano, me gusta mucho (este) [ese] lugar / (Este) [Esto] me hizo muy feliz",contextual retrieval,cloze
BEA1_S,./data/processed/exercises/BEA1_S_E15.txt,Esto me (dio) [hizo] / (mucho) [muy] feliz,paraphrastic flexibility,text editing
BEA1_S,./data/processed/exercises/BEA1_S_E09.txt,escribí (un systematic review) [una revisión sistemática],"pragmatic appropriateness, meaning and sense elaboration","vocabulary extraction and list creation, translation"
FJE1_S,./data/processed/exercises/FJE1_S_E06.txt,Yo nací (en) [el] (cinco) [5] de abril de 2005 en Francia,"paraphrastic flexibility, productive use of targets","text editing, prompted writing"
FJE1_S,./data/processed/exercises/FJE1_S_E07.txt,No (me recuerde) [recuerdo] mi vida,contextual retrieval,cloze
FJE1_S,./data/processed/exercises/FJE1_S_E03.txt,(desde) [de] 2005 a 2010,contextual retrieval,cloze
FJE1_S,./data/processed/exercises/FJE1_S_E14.txt,sé que (fue) [fueron] buenos momentos / (fue) [fueron] dos momentos muy (difícil) [difíciles] en mi vida,paraphrastic flexibility,text editing
FJE1_S,./data/processed/exercises/FJE1_S_E13.txt,estudié en (este) [esta] ciudad hasta 2020 / (una) [un] día mi abuela,conceptual organization,cloze
FJE1_S,./data/processed/exercises/FJE1_S_E02.txt,(conicí) [conocí],"conceptual organization, meaning and sense elaboration",metalinguistic reflection
FJE1_S,./data/processed/exercises/FJE1_S_E05.txt,Conocí [a] muchas amigas,contextual retrieval,discrete choice
FJE1_S,./data/processed/exercises/FJE1_S_E04.txt,(Hice) [Llevé] una vida muy feliz,collocational control,discrete choice
FJE1_S,./data/processed/exercises/FJE1_S_E01.txt,mi abuela (enfermedó) [enfermó],conceptual organization,paradigmatic systematization
FJE1_S,./data/processed/exercises/FJE1_S_E15.txt,(adoptó) [adopté a] un perro que se llama Sparrow,"meaning and sense elaboration, conceptual organization","metalinguistic reflection, vocabulary extraction and list creation"
FJE1_S,./data/processed/exercises/FJE1_S_E11.txt,perdí (una otra) [a otra] abuela,contextual retrieval,cloze
FJE1_S,./data/processed/exercises/FJE1_S_E08.txt,mi (vade) [vida],productive use of targets,prompted writing
FJE1_S,./data/processed/exercises/FJE1_S_E12.txt,fue mi profesora de (Frances) [francés],productive use of targets,discrete choice
FJE1_S,./data/processed/exercises/FJE1_S_E10.txt,(hizé) [cursé] el bachillerato,contextual retrieval,discrete choice
FJE1_S,./data/processed/exercises/FJE1_S_E09.txt,cursé el (BAC) [bachillerato],meaning and sense elaboration,matching
GKN1_S,./data/processed/exercises/GKN1_S_E01.txt,nació en (Thessaloniki) [Tesalónica/Salónica] / (Napoli) [Nápoles] / y empezó a estudiar Química en (Aristotel Universidad de Thessaloniki) [la Universidad Aristóteles de Salónica] / estudió durante un año en (Ioannia Universidad) [en la Universidad de Ioánina],"contextual retrieval, meaning and sense elaboration","cloze, translation"
GKN1_S,./data/processed/exercises/GKN1_S_E10.txt,nació en Salónica (en) [el] cuatro de (Octubre) [octubre] (en) [de] 2002,"paraphrastic flexibility, productive use of targets","text editing, prompted writing"
GKN1_S,./data/processed/exercises/GKN1_S_E07.txt,el (quatro) [cuatro] de octubre / y empezó (Qumíqa) [Química],contextual retrieval,cloze
GKN1_S,./data/processed/exercises/GKN1_S_E02.txt,terminó (sus) [su] escuela secundaria / en (sus) [su] ciudad,paraphrastic flexibility,text editing
GKN1_S,./data/processed/exercises/GKN1_S_E03.txt,(viajo) [viajó],"meaning and sense elaboration, productive use of targets","matching, prompted writing"
GKN1_S,./data/processed/exercises/GKN1_S_E08.txt,y empezó [a estudiar] Química en la Universidad Aristóteles de Salónica (estudiar) en 2022,meaning and sense elaboration,"metalinguistic reflection, translation"
GKN1_S,./data/processed/exercises/GKN1_S_E06.txt,estudió durante (uno) [un] año en la Universidad de Ioánina,productive use of targets,sentence reconstruction
GKN1_S,./data/processed/exercises/GKN1_S_E14.txt,(simulatáneamente) [simultáneamente],"collocational control, meaning and sense elaboration","syntagmatic systematization, metalinguistic reflection"
GKN1_S,./data/processed/exercises/GKN1_S_E15.txt,(Inglés) [inglés] / (Aleman) [alemán],productive use of targets,discrete choice
GKN1_S,./data/processed/exercises/GKN1_S_E12.txt,como (lider) [líder] de grupo / (certificadó) [certificado] / (aleman) [alemán],conceptual organization,accent marking and read-aloud
GKN1_S,./data/processed/exercises/GKN1_S_E04.txt,como (líder de grupo) [monitora],"pragmatic appropriateness, meaning and sense elaboration","vocabulary extraction and list creation, translation"
GKN1_S,./data/processed/exercises/GKN1_S_E09.txt,viajó sola por primera vez (en) [a] Italia,productive use of targets,discrete choice
GKN1_S,./data/processed/exercises/GKN1_S_E13.txt,En 2016 [obtuvo el] certificado de inglés (C2) de nivel [C2] / [el] certificado de alemán (B2) de nivel [B2],"meaning and sense elaboration, productive use of targets","metalinguistic reflection, prompted writing"
GKN1_S,./data/processed/exercises/GKN1_S_E11.txt,(desde) hace 10 meses participó en una competición de baile,contextual retrieval,discrete choice
GKN1_S,./data/processed/exercises/GKN1_S_E05.txt,(una baile competición) [una competición de baile] / clases de (oriental) baile [oriental],productive use of targets,sentence reconstruction
CFI1_S,./data/processed/exercises/CFI1_S_E01.txt,Nací el 28 de agosto [de] 2002 / En noviembre [de] 2007,"paraphrastic flexibility, productive use of targets","text editing, prompted writing"
CFI1_S,./data/processed/exercises/CFI1_S_E02.txt,muchos de mis [primeros] años (primeros),productive use of targets,sentence reconstruction
CFI1_S,./data/processed/exercises/CFI1_S_E03.txt,muchos de mis (primeras) [primeros] años,conceptual organization,cloze
CFI1_S,./data/processed/exercises/CFI1_S_E04.txt,[nos] mudamos a la calle Albertus / [me] cambié a una nueva escuela,meaning and sense elaboration,"metalinguistic reflection, prompted writing"
CFI1_S,./data/processed/exercises/CFI1_S_E05.txt,(después de) dos años [después de] que mi hermano naciera,productive use of targets,sentence reconstruction
CFI1_S,./data/processed/exercises/CFI1_S_E06.txt,(aquí) [ahí] empecé,paraphrastic flexibility,text editing
CFI1_S,./data/processed/exercises/CFI1_S_E07.txt,empecé (a) [en] una nueva escuela / escogí (a) mudarme / estudié (a) [en] JRR por 4 años,productive use of targets,discrete choice
CFI1_S,./data/processed/exercises/CFI1_S_E10.txt,"(Pues, ) [Así pues, ] nos mudamos",contextual retrieval,cloze
CFI1_S,./data/processed/exercises/CFI1_S_E09.txt,[séptimo] grado (7),paraphrastic flexibility,text editing
CFI1_S,./data/processed/exercises/CFI1_S_E15.txt,una escuela solo (por) [para] chicas,meaning and sense elaboration,"metalinguistic reflection, prompted writing"
CFI1_S,./data/processed/exercises/CFI1_S_E12.txt,conocí [a] dos de mis mejores amigas / adoptamos [a] Luna,contextual retrieval,discrete choice
CFI1_S,./data/processed/exercises/CFI1_S_E08.txt,"Luna, (un perro) [una perra]","conceptual organization, productive use of targets","paradigmatic systematization, metalinguistic reflection"
CFI1_S,./data/processed/exercises/CFI1_S_E11.txt,mis cursos (estaban) [eran] todos en línea,meaning and sense elaboration,"matching, prompted writing"
CFI1_S,./data/processed/exercises/CFI1_S_E14.txt,(emperezas) [empresas],"pragmatic appropriateness, meaning and sense elaboration","vocabulary extraction and list creation, translation"
CFI1_S,./data/processed/exercises/CFI1_S_E13.txt,(respectadas) [respetadas],"contextual retrieval, meaning and sense elaboration","cloze, metalinguistic reflection"
PBJ1_S,./data/processed/exercises/PBJ1_S_E02.txt,soy (Holandesa) [holandesa],productive use of targets,discrete choice
PBJ1_S,./data/processed/exercises/PBJ1_S_E04.txt,mi familia es de (Surinama) [Surinam] / (Rotterdam) [Róterdam] / (Capelle a/d Ijssel) [Capelle aan den IJssel],"contextual retrieval, meaning and sense elaboration","cloze, translation"
PBJ1_S,./data/processed/exercises/PBJ1_S_E05.txt,Nosotros [nos] mudamos,meaning and sense elaboration,"metalinguistic reflection, prompted writing"
PBJ1_S,./data/processed/exercises/PBJ1_S_E09.txt,pero (mudamos atrás) [volvimos],"meaning and sense elaboration, productive use of targets","translation, prompted writing"
PBJ1_S,./data/processed/exercises/PBJ1_S_E06.txt,(fue mi) [fueron mis] vacaciones (favorita) [favoritas],productive use of targets,discrete choice
PBJ1_S,./data/processed/exercises/PBJ1_S_E10.txt,Hace tres meses (pasado) mi bisabuela murió,contextual retrieval,discrete choice
PBJ1_S,./data/processed/exercises/PBJ1_S_E01.txt,hace tres meses (la madre de mi abuela) [mi bisabuela] murió,"contextual retrieval, conceptual organization","cloze, paradigmatic systematization"
PBJ1_S,./data/processed/exercises/PBJ1_S_E15.txt,en el primer año de [la] escuela secundaria / en [la] escuela secundaria,"contextual retrieval, meaning and sense elaboration","cloze, metalinguistic reflection"
PBJ1_S,./data/processed/exercises/PBJ1_S_E13.txt,también (hubí) [conocí],"conceptual organization, meaning and sense elaboration",metalinguistic reflection
PBJ1_S,./data/processed/exercises/PBJ1_S_E03.txt,(mi) [mis] cinco amigas,paraphrastic flexibility,text editing
PBJ1_S,./data/processed/exercises/PBJ1_S_E14.txt,mis (5) [cinco] amigas,meaning and sense elaboration,"metalinguistic reflection, prompted writing"
PBJ1_S,./data/processed/exercises/PBJ1_S_E07.txt,En 2020 mi padre (adoptivo) [adoptó],conceptual organization,paradigmatic systematization
PBJ1_S,./data/processed/exercises/PBJ1_S_E11.txt,conocí [a] mis cinco amigas / mi padre adoptó [a] mi perro,contextual retrieval,discrete choice
PBJ1_S,./data/processed/exercises/PBJ1_S_E08.txt,es (un mix) [un cruce],paraphrastic flexibility,text editing
PBJ1_S,./data/processed/exercises/PBJ1_S_E12.txt,de shih tzu y (malteser) [bichón maltés],meaning and sense elaboration,matching
TCW1_S,./data/processed/exercises/TCW1_S_E01.txt,tengo (uno) [un] hermano muy guapo,productive use of targets,sentence reconstruction
TCW1_S,./data/processed/exercises/TCW1_S_E10.txt,(guabo) [guapo],meaning and sense elaboration,"translation, metalinguistic reflection"
TCW1_S,./data/processed/exercises/TCW1_S_E03.txt,me encanta hacer mucho (deportes) [deporte] / recibí (mucho) [muchos] deberes,paraphrastic flexibility,text editing
TCW1_S,./data/processed/exercises/TCW1_S_E12.txt,desde [que] era pequeño,productive use of targets,"discrete choice, prompted writing"
TCW1_S,./data/processed/exercises/TCW1_S_E11.txt,(mi familia y yo) [a mi familia y a mí] nos gusta viajar,paraphrastic flexibility,text editing
TCW1_S,./data/processed/exercises/TCW1_S_E15.txt,espero volverme (la) [una] persona,meaning and sense elaboration,"metalinguistic reflection, prompted writing"
TCW1_S,./data/processed/exercises/TCW1_S_E14.txt,aunque (recibí) [me pusieron] muchos deberes,collocational control,discrete choice
TCW1_S,./data/processed/exercises/TCW1_S_E06.txt,"fui a viajar (en) [a] Japón en 2018 / viajé (en) [a] Nepal / viajé (en) [a] Francia, Alemania, Holanda y españa / entré [en] la escuela secundaria",productive use of targets,discrete choice
TCW1_S,./data/processed/exercises/TCW1_S_E09.txt,empecé la vida (escolar) [académica] en mi universidad,meaning and sense elaboration,"matching, cloze"
TCW1_S,./data/processed/exercises/TCW1_S_E04.txt,(de) [desde] 2021 (al) [hasta] ahora,contextual retrieval,cloze
TCW1_S,./data/processed/exercises/TCW1_S_E08.txt,"viajé a Francia, Alemania, (Holandesa) [Holanda] y España",conceptual organization,paradigmatic systematization
TCW1_S,./data/processed/exercises/TCW1_S_E05.txt,en agosto [de] este año,productive use of targets,cloze
TCW1_S,./data/processed/exercises/TCW1_S_E02.txt,(special) [especiales],meaning and sense elaboration,metalinguistic reflection
TCW1_S,./data/processed/exercises/TCW1_S_E07.txt,(exquistezes) [exquisiteces],contextual retrieval,"cloze, metalinguistic reflection"
TCW1_S,./data/processed/exercises/TCW1_S_E13.txt,espero volverme (una gente útil) [una persona útil],contextual retrieval,"cloze, metalinguistic reflection"
PNA1_S,./data/processed/exercises/PNA1_S_E10.txt,Nací en enero (en) [de] 2004,"paraphrastic flexibility, productive use of targets","text editing, prompted writing"
PNA1_S,./data/processed/exercises/PNA1_S_E06.txt,(tuvé) [tuve] / (hicé) [hice],conceptual organization,accent marking and read-aloud
PNA1_S,./data/processed/exercises/PNA1_S_E11.txt,"Cuando tenía cinco años, (yo) fui a la escuela","paraphrastic flexibility, meaning and sense elaboration, productive use of targets","text editing, metalinguistic reflection"
PNA1_S,./data/processed/exercises/PNA1_S_E04.txt,(y) [e] hice,contextual retrieval,cloze
PNA1_S,./data/processed/exercises/PNA1_S_E05.txt,(descubré) [descubrí],conceptual organization,metalinguistic reflection
PNA1_S,./data/processed/exercises/PNA1_S_E02.txt,cuando (soy) [tenía] ocho años,"meaning and sense elaboration, productive use of targets","translation, prompted writing"
PNA1_S,./data/processed/exercises/PNA1_S_E12.txt,descubrí [que] Papá Noel no existe,contextual retrieval,cloze
PNA1_S,./data/processed/exercises/PNA1_S_E09.txt,descubrí que (el) Papá Noel no existe,"collocational control, meaning and sense elaboration","text editing, metalinguistic reflection"
PNA1_S,./data/processed/exercises/PNA1_S_E14.txt,(este) [esto] fue horrible,contextual retrieval,cloze
PNA1_S,./data/processed/exercises/PNA1_S_E01.txt,esto (estuvo) [fue] horrible,productive use of targets,sentence reconstruction
PNA1_S,./data/processed/exercises/PNA1_S_E13.txt,esto fue (muy) horrible,"conceptual organization, paraphrastic flexibility","paradigmatic systematization, text editing"
PNA1_S,./data/processed/exercises/PNA1_S_E07.txt,cuando terminé (a) la escuela,"meaning and sense elaboration, contextual retrieval","matching, cloze"
PNA1_S,./data/processed/exercises/PNA1_S_E15.txt,Allí (visté) [visité] a mi tía,contextual retrieval,"discrete choice, metalinguistic reflection"
PNA1_S,./data/processed/exercises/PNA1_S_E03.txt,ahora soy estudiante [de] intercambio,collocational control,discrete choice
PNA1_S,./data/processed/exercises/PNA1_S_E08.txt,soy estudiante de intercambio (a) [en] la Universidad de Navarra,productive use of targets,discrete choice
AKA1_S,./data/processed/exercises/AKA1_S_E04.txt,nací (en) el (primero) [1] de (Julio) [julio] / (en) [de] (dos mil dos) [2002] / desde verano [de] (dos mil veintidós) [2022],"paraphrastic flexibility, productive use of targets","text editing, prompted writing"
AKA1_S,./data/processed/exercises/AKA1_S_E05.txt,en (una) [un] hospital / la escuela (secundario) [secundaria],conceptual organization,cloze
AKA1_S,./data/processed/exercises/AKA1_S_E03.txt,un hospital (en) [de] la ciudad Bielefeld / la escuela secundaria (en) [de] mi pueblo,contextual retrieval,discrete choice
AKA1_S,./data/processed/exercises/AKA1_S_E15.txt,(cuidad) [ciudad] / (juegé) [jugué] / (vaccaciones) [vacaciones] / (graduation) [graduación] / (una banka) [un banco],paraphrastic flexibility,"text editing, prompted writing"
AKA1_S,./data/processed/exercises/AKA1_S_E09.txt,(mis) [mi] tercer cumpleaños,paraphrastic flexibility,text editing
AKA1_S,./data/processed/exercises/AKA1_S_E08.txt,mi (tercero) [tercer] cumpleaños,productive use of targets,sentence reconstruction
AKA1_S,./data/processed/exercises/AKA1_S_E11.txt,(desde) hasta [los] dieciséis años,contextual retrieval,cloze
AKA1_S,./data/processed/exercises/AKA1_S_E07.txt,(fuí) [fui] / (dieciseis) [dieciséis] / (obtuvé) [obtuve] / (dos mil veintedos) [dos mil veintidós],conceptual organization,accent marking and read-aloud
AKA1_S,./data/processed/exercises/AKA1_S_E10.txt,hice [a] mi amiga favorita,contextual retrieval,discrete choice
AKA1_S,./data/processed/exercises/AKA1_S_E14.txt,desde hace siete años (hice) [tengo] un perro,collocational control,discrete choice
AKA1_S,./data/processed/exercises/AKA1_S_E12.txt,pero él vive con mi familia (en) [por] el momento,"meaning and sense elaboration, productive use of targets","translation, prompted writing"
AKA1_S,./data/processed/exercises/AKA1_S_E06.txt,fui (en) [a] Nueva York,productive use of targets,discrete choice
AKA1_S,./data/processed/exercises/AKA1_S_E02.txt,mi [decimoctavo] cumpleaños (de dieciocho),paraphrastic flexibility,text editing
AKA1_S,./data/processed/exercises/AKA1_S_E01.txt,fui a (New) [Nueva] York,"contextual retrieval, meaning and sense elaboration","cloze, translation"
AKA1_S,./data/processed/exercises/AKA1_S_E13.txt,(fue voluntario) [fui voluntaria],contextual retrieval,"cloze, metalinguistic reflection"
AHJ1_S,./data/processed/exercises/AHJ1_S_E11.txt,(hasta tuve 3 años) [hasta que cumplí los 3 años] / (hasta tuve 22 años) [hasta que cumplí los 22 años],contextual retrieval,cloze
AHJ1_S,./data/processed/exercises/AHJ1_S_E07.txt,después nos mudamos (en) [a] una casa grande,productive use of targets,discrete choice
AHJ1_S,./data/processed/exercises/AHJ1_S_E10.txt,(deste) [desde] / (jugé) [jugué] / (voleybol) [voleibol] / (quatro) [cuatro],paraphrastic flexibility,"text editing, prompted writing"
AHJ1_S,./data/processed/exercises/AHJ1_S_E08.txt,(empezé) [empecé],contextual retrieval,"cloze, metalinguistic reflection"
AHJ1_S,./data/processed/exercises/AHJ1_S_E06.txt,(y) [e] hice,contextual retrieval,cloze
AHJ1_S,./data/processed/exercises/AHJ1_S_E12.txt,(obtuve) [hice] una amiga,collocational control,discrete choice
AHJ1_S,./data/processed/exercises/AHJ1_S_E13.txt,para [toda la] vida,"meaning and sense elaboration, productive use of targets","translation, prompted writing"
AHJ1_S,./data/processed/exercises/AHJ1_S_E15.txt,(ella) [su] nombre es Damaris,"pragmatic appropriateness, meaning and sense elaboration","vocabulary extraction and list creation, translation"
AHJ1_S,./data/processed/exercises/AHJ1_S_E05.txt,empecé [a] estudiar,meaning and sense elaboration,"metalinguistic reflection, translation"
AHJ1_S,./data/processed/exercises/AHJ1_S_E09.txt,jugué desde (hace) [los] quince años,contextual retrieval,discrete choice
AHJ1_S,./data/processed/exercises/AHJ1_S_E14.txt,"fui (un) [una] ""au pair"" / como (empleado) [empleada] industrial","conceptual organization, productive use of targets","paradigmatic systematization, metalinguistic reflection"
AHJ1_S,./data/processed/exercises/AHJ1_S_E03.txt,desde julio [de] 2022 hasta agosto [de] 2023,"paraphrastic flexibility, productive use of targets","text editing, prompted writing"
AHJ1_S,./data/processed/exercises/AHJ1_S_E02.txt,(para) [por] un año / (para) [por] cuatro meses,meaning and sense elaboration,"metalinguistic reflection, prompted writing"
AHJ1_S,./data/processed/exercises/AHJ1_S_E04.txt,empecé (una práctica) [unas prácticas],productive use of targets,discrete choice
AHJ1_S,./data/processed/exercises/AHJ1_S_E01.txt,empecé a estudiar (Business Administration) [Administración de Empresas],paraphrastic flexibility,text editing
GMO1_S,./data/processed/exercises/GMO1_S_E04.txt,(biografia) [biografía] / (electronicos) [electrónicos] / (futbol) [fútbol] / (fué) [fue] / (proximos) [próximos] / (tia) [tía] / (dificil) [difícil],conceptual organization,accent marking and read-aloud
GMO1_S,./data/processed/exercises/GMO1_S_E03.txt,en (la central) [el centro] de la ciudad de Atenas,"meaning and sense elaboration, contextual retrieval, productive use of targets","metalinguistic reflection, matching, prompted writing"
GMO1_S,./data/processed/exercises/GMO1_S_E15.txt,puedo recordar (muchas) [mucho] sobre mí mismo,contextual retrieval,discrete choice
GMO1_S,./data/processed/exercises/GMO1_S_E01.txt,sobre (mi) [mí] mismo / porque (el) (él) iba,"meaning and sense elaboration, productive use of targets","matching, prompted writing"
GMO1_S,./data/processed/exercises/GMO1_S_E02.txt,por (exemplo) [ejemplo],"meaning and sense elaboration, collocational control","metalinguistic reflection, paradigmatic systematization, prompted writing"
GMO1_S,./data/processed/exercises/GMO1_S_E05.txt,"dos gatos, una naranja y (un) [el otro] negro",contextual retrieval,"cloze, metalinguistic reflection"
GMO1_S,./data/processed/exercises/GMO1_S_E11.txt,la escuela (primera) [primaria],contextual retrieval,"cloze, metalinguistic reflection"
GMO1_S,./data/processed/exercises/GMO1_S_E12.txt,y mi [mejor] amigo (mejor) / la [mejor] persona (mejor),productive use of targets,sentence reconstruction
GMO1_S,./data/processed/exercises/GMO1_S_E06.txt,no puedo recordar (a) muchas cosas,contextual retrieval,cloze
GMO1_S,./data/processed/exercises/GMO1_S_E14.txt,los años (próximos) [siguientes] fueron,meaning and sense elaboration,"metalinguistic reflection, prompted writing"
GMO1_S,./data/processed/exercises/GMO1_S_E13.txt,él iba (en) [a] una escuela diferente / estoy en Pamplona en España (para) [por] 4 meses,productive use of targets,discrete choice
GMO1_S,./data/processed/exercises/GMO1_S_E08.txt,(tuve el mejor tiempo del mundo) [pasé el mejor momento de mi vida],"meaning and sense elaboration, productive use of targets","translation, prompted writing"
GMO1_S,./data/processed/exercises/GMO1_S_E07.txt,"en (este) [ese] momento, era la mejor persona",paraphrastic flexibility,text editing
GMO1_S,./data/processed/exercises/GMO1_S_E09.txt,desde (a) los 18,contextual retrieval,cloze
GMO1_S,./data/processed/exercises/GMO1_S_E10.txt,por un (program) [programa de] intercambio,collocational control,discrete choice
CGT1_S,./data/processed/exercises/CGT1_S_E14.txt,no recuerdo muchas cosas de (edad 1-6) [mis primeros seis años de vida],paraphrastic flexibility,text editing
CGT1_S,./data/processed/exercises/CGT1_S_E02.txt,recuerdo un (familia) viaje [familiar] a Taiwán,collocational control,discrete choice
CGT1_S,./data/processed/exercises/CGT1_S_E11.txt,(Taiwan) [Taiwán],"contextual retrieval, meaning and sense elaboration","cloze, translation"
CGT1_S,./data/processed/exercises/CGT1_S_E09.txt,conocí [a] la gente local / conocí [a] mi primera mejor amiga,contextual retrieval,discrete choice
CGT1_S,./data/processed/exercises/CGT1_S_E12.txt,"(después de) 3 años [después], hice otro viaje",contextual retrieval,cloze
CGT1_S,./data/processed/exercises/CGT1_S_E08.txt,"3 años después, (tuve) [hice] otro viaje",contextual retrieval,discrete choice
CGT1_S,./data/processed/exercises/CGT1_S_E13.txt,fui con compañeros (en) [de] la escuela / el primer año (en) [de] la escuela secundaria,productive use of targets,translation
CGT1_S,./data/processed/exercises/CGT1_S_E05.txt,"(en) el primer año de la escuela secundaria, fui / (en) el año pasado, enseñé un curso",productive use of targets,cloze
CGT1_S,./data/processed/exercises/CGT1_S_E15.txt,fui (a un) [de] viaje de estudios a Reino Unido,"conceptual organization, productive use of targets","paradigmatic systematization, sentence reconstruction"
CGT1_S,./data/processed/exercises/CGT1_S_E03.txt,conocí a mi primera mejor amiga en (este) [ese] viaje,paraphrastic flexibility,text editing
CGT1_S,./data/processed/exercises/CGT1_S_E04.txt,fueron (el mejor tiempo en) [los mejores momentos de] mi vida,"meaning and sense elaboration, productive use of targets","translation, prompted writing"
CGT1_S,./data/processed/exercises/CGT1_S_E06.txt,conocí a la gente local (muy) [tan] amable,productive use of targets,discrete choice
CGT1_S,./data/processed/exercises/CGT1_S_E01.txt,soy (un) [una] estudiante de intercambio,"conceptual organization, productive use of targets","paradigmatic systematization, metalinguistic reflection"
CGT1_S,./data/processed/exercises/CGT1_S_E07.txt,soy una estudiante de intercambio (a) [en] la Universidad de Navarra,productive use of targets,discrete choice
CGT1_S,./data/processed/exercises/CGT1_S_E10.txt,el primer viaje (sin un padre o maestro) [a solas] con mis amigos,"meaning and sense elaboration, productive use of targets","matching, prompted writing"
CGS1_S,./data/processed/exercises/CGS1_S_E09.txt,"soy de Canada y (yo) nací en 2002 / no recuerdo mucho de mis primeros años de vida, pero (yo) sé","paraphrastic flexibility, meaning and sense elaboration, productive use of targets","text editing, metalinguistic reflection"
CGS1_S,./data/processed/exercises/CGS1_S_E12.txt,pero yo (se) [sé],"meaning and sense elaboration, productive use of targets","matching, prompted writing"
CGS1_S,./data/processed/exercises/CGS1_S_E11.txt,(en) [el] 5 de (Enero) [enero],"paraphrastic flexibility, productive use of targets","text editing, prompted writing"
CGS1_S,./data/processed/exercises/CGS1_S_E10.txt,(uno) [un] año,productive use of targets,sentence reconstruction
CGS1_S,./data/processed/exercises/CGS1_S_E14.txt,conocí [a] mi amiga / adoptamos [a] mis gatos / perdí [a] mis abuelos,contextual retrieval,discrete choice
CGS1_S,./data/processed/exercises/CGS1_S_E04.txt,(tambien) [también] / (proximos) [próximos],conceptual organization,accent marking and read-aloud
CGS1_S,./data/processed/exercises/CGS1_S_E08.txt,"(También, ) [Además, ]",paraphrastic flexibility,sentence reconstruction
CGS1_S,./data/processed/exercises/CGS1_S_E13.txt,"el año (próximo) [siguiente], conocí / los dos años (próximos) [siguientes] fueron difíciles",meaning and sense elaboration,"metalinguistic reflection, prompted writing"
CGS1_S,./data/processed/exercises/CGS1_S_E07.txt,conocí a (una) otra amiga,"contextual retrieval, meaning and sense elaboration","cloze, metalinguistic reflection"
CGS1_S,./data/processed/exercises/CGS1_S_E06.txt,escuela (secundario) [secundaria] / (mucho) [mucha] felicidad,conceptual organization,cloze
CGS1_S,./data/processed/exercises/CGS1_S_E05.txt,(escuala) [escuela] / (secondaria) [secundaria] / (felizidad) [felicidad] / (differentes) [diferentes] / mi (compleaños) [cumpleaños],paraphrastic flexibility,"text editing, prompted writing"
CGS1_S,./data/processed/exercises/CGS1_S_E01.txt,(me da mucha felicidad) [me hace muy feliz],"meaning and sense elaboration, productive use of targets","translation, prompted writing"
CGS1_S,./data/processed/exercises/CGS1_S_E02.txt,mis compañeros de (cuaderno) [clase],"pragmatic appropriateness, meaning and sense elaboration","vocabulary extraction and list creation, translation"
CGS1_S,./data/processed/exercises/CGS1_S_E03.txt,mis compañeros de clase y yo [nos] conocimos,meaning and sense elaboration,"metalinguistic reflection, prompted writing"
CGS1_S,./data/processed/exercises/CGS1_S_E15.txt,estoy (en) [de] intercambio,collocational control,discrete choice
FDS1_S,./data/processed/exercises/FDS1_S_E10.txt,(empiecé) [empecé],conceptual organization,metalinguistic reflection
FDS1_S,./data/processed/exercises/FDS1_S_E04.txt,(Paris) [París] / (Turquia) [Turquía] / (Africa) [África] / (politica) [política],conceptual organization,accent marking and read-aloud
FDS1_S,./data/processed/exercises/FDS1_S_E06.txt,cuando (fui) [tenía] 8 años / cuando (fui) [tenía] 14 años,"meaning and sense elaboration, productive use of targets","translation, prompted writing"
FDS1_S,./data/processed/exercises/FDS1_S_E11.txt,me mudé (en) [a] una nueva casa,productive use of targets,discrete choice
FDS1_S,./data/processed/exercises/FDS1_S_E01.txt,empecé (el) [a hacer] teatro,meaning and sense elaboration,"metalinguistic reflection, translation"
FDS1_S,./data/processed/exercises/FDS1_S_E14.txt,representamos [a] Francia dos veces,contextual retrieval,cloze
FDS1_S,./data/processed/exercises/FDS1_S_E02.txt,mi (tercero) [tercer] viaje,productive use of targets,sentence reconstruction
FDS1_S,./data/processed/exercises/FDS1_S_E08.txt,(sud) [sur],"pragmatic appropriateness, meaning and sense elaboration","vocabulary extraction and list creation, translation"
FDS1_S,./data/processed/exercises/FDS1_S_E05.txt,(deviní) [me hice] voluntaria,productive use of targets,discrete choice
FDS1_S,./data/processed/exercises/FDS1_S_E09.txt,voluntaria (por) [para] Greenpeace,meaning and sense elaboration,"metalinguistic reflection, prompted writing"
FDS1_S,./data/processed/exercises/FDS1_S_E07.txt,durante (todo) [toda] la escuela secundaria / durante (esta) [este] año / (un) [una] enfermedad muy (raro) [rara],conceptual organization,cloze
FDS1_S,./data/processed/exercises/FDS1_S_E12.txt,conocí a mi mejor amiga Sofia durante (esta) [esa] etapa de mi vida,paraphrastic flexibility,text editing
FDS1_S,./data/processed/exercises/FDS1_S_E03.txt,para estudiar (a) [en] la universidad,"contextual retrieval, meaning and sense elaboration","cloze, translation"
FDS1_S,./data/processed/exercises/FDS1_S_E15.txt,(ciensia) [ciencia] / (paralisada) [paralizada],paraphrastic flexibility,"text editing, prompted writing"
FDS1_S,./data/processed/exercises/FDS1_S_E13.txt,y (fui) [quedé] paralizada,meaning and sense elaboration,"matching, prompted writing"
CMJ1_S,./data/processed/exercises/CMJ1_S_E06.txt,conocí [a] mi mejor amiga,contextual retrieval,discrete choice
CMJ1_S,./data/processed/exercises/CMJ1_S_E01.txt,no (hube) [tenía] muchos deberes,collocational control,discrete choice
CMJ1_S,./data/processed/exercises/CMJ1_S_E07.txt,no tenía muchos deberes ni (hice muchas) [viví grandes] cosas,"meaning and sense elaboration, productive use of targets","matching, prompted writing"
CMJ1_S,./data/processed/exercises/CMJ1_S_E09.txt,participé en (alguna) [algunas] competiciones,paraphrastic flexibility,text editing
CMJ1_S,./data/processed/exercises/CMJ1_S_E02.txt,me (pensé) [sentí] muy feliz por cocinar con mi familia,paraphrastic flexibility,text editing
CMJ1_S,./data/processed/exercises/CMJ1_S_E03.txt,me sentí muy feliz [por] cocinar con mi familia,meaning and sense elaboration,metalinguistic reflection
CMJ1_S,./data/processed/exercises/CMJ1_S_E04.txt,"no pude salir, (también) [tampoco] pude ir a la escuela","contextual retrieval, meaning and sense elaboration","cloze, metalinguistic reflection"
CMJ1_S,./data/processed/exercises/CMJ1_S_E10.txt,me (encanta) [encantan] el clima y la comida,productive use of targets,discrete choice
CMJ1_S,./data/processed/exercises/CMJ1_S_E05.txt,no recuerdo (a personas ni eventos) [nada ni a nadie],productive use of targets,text editing
CMJ1_S,./data/processed/exercises/CMJ1_S_E13.txt,no recuerdo nada (y) [ni] a nadie,contextual retrieval,cloze
CMJ1_S,./data/processed/exercises/CMJ1_S_E08.txt,no recuerdo nada ni a nadie [de] antes,meaning and sense elaboration,metalinguistic reflection
CMJ1_S,./data/processed/exercises/CMJ1_S_E11.txt,"[Finalmente, ] [Por último, ] en 2024 llegué",contextual retrieval,cloze
CMJ1_S,./data/processed/exercises/CMJ1_S_E14.txt,allí (comí) [probé] comida deliciosa,paraphrastic flexibility,"text editing, metalinguistic reflection"
CMJ1_S,./data/processed/exercises/CMJ1_S_E15.txt,[me] fui sola a Japón,meaning and sense elaboration,metalinguistic reflection
CMJ1_S,./data/processed/exercises/CMJ1_S_E12.txt,conduzco (el coche) [los coches] de mis amigos,meaning and sense elaboration,"metalinguistic reflection, prompted writing"
CXY1_S,./data/processed/exercises/CXY1_S_E11.txt,viajé a muchas (cuidades) [ciudades],paraphrastic flexibility,"text editing, prompted writing"
CXY1_S,./data/processed/exercises/CXY1_S_E05.txt,con (mis) [mi] familia,paraphrastic flexibility,text editing
CXY1_S,./data/processed/exercises/CXY1_S_E10.txt,(empecé a estudiar) [estudié] en la secundaria de 2008 a 2022,meaning and sense elaboration,"metalinguistic reflection, translation"
CXY1_S,./data/processed/exercises/CXY1_S_E03.txt,(desde) [de] 2008 a 2022 / (desde) [de] 2024 a 2025,contextual retrieval,cloze
CXY1_S,./data/processed/exercises/CXY1_S_E13.txt,"(durante) [a] los 14 años, mi vida era muy ajetreada",productive use of targets,discrete choice
CXY1_S,./data/processed/exercises/CXY1_S_E04.txt,mi vida era muy (ocupada) [ajetreada],"meaning and sense elaboration, productive use of targets","translation, prompted writing"
CXY1_S,./data/processed/exercises/CXY1_S_E09.txt,mi vida era muy (ajetreado) [ajetreada] / fuimos a (muchas) [muchos] lugares,conceptual organization,cloze
CXY1_S,./data/processed/exercises/CXY1_S_E06.txt,pero conocí [a] muchas buenas amigas,contextual retrieval,discrete choice
CXY1_S,./data/processed/exercises/CXY1_S_E07.txt,muchas [buenas] amigas (buenas),productive use of targets,sentence reconstruction
CXY1_S,./data/processed/exercises/CXY1_S_E15.txt,(normalmente) [siempre] estaba feliz de jugar con ellas,meaning and sense elaboration,metalinguistic reflection
CXY1_S,./data/processed/exercises/CXY1_S_E12.txt,tuve un examen importante (hasta) [en] 2022,"productive use of targets, meaning and sense elaboration","text editing, metalinguistic reflection"
CXY1_S,./data/processed/exercises/CXY1_S_E01.txt,fue muy (monumental) [memorable],"conceptual organization, paraphrastic flexibility","paradigmatic systematization, text editing"
CXY1_S,./data/processed/exercises/CXY1_S_E08.txt,(tuve) [hice] una pasantía,paraphrastic flexibility,text editing
CXY1_S,./data/processed/exercises/CXY1_S_E14.txt,hice una (práctica) [pasantía],conceptual organization,paradigmatic systematization
CXY1_S,./data/processed/exercises/CXY1_S_E02.txt,durante (mi vacación) [mis vacaciones] de verano,productive use of targets,discrete choice
CZY1_S,./data/processed/exercises/CZY1_S_E01.txt,para (mi) [mí],"meaning and sense elaboration, productive use of targets","matching, prompted writing"
CZY1_S,./data/processed/exercises/CZY1_S_E03.txt,(Chino) [China] / (Sydney) [Sídney],"contextual retrieval, meaning and sense elaboration","cloze, translation"
CZY1_S,./data/processed/exercises/CZY1_S_E02.txt,"(También, ) [Además, ]",paraphrastic flexibility,sentence reconstruction
CZY1_S,./data/processed/exercises/CZY1_S_E04.txt,antes de (nacir) [nacer] / (jugé) [jugué] / (vivé) [viví],paraphrastic flexibility,"text editing, prompted writing"
CZY1_S,./data/processed/exercises/CZY1_S_E07.txt,estudié chino (antes de nacer) [desde que nací],"productive use of targets, meaning and sense elaboration","text editing, metalinguistic reflection"
CZY1_S,./data/processed/exercises/CZY1_S_E06.txt,hasta [el] año 2010,contextual retrieval,cloze
CZY1_S,./data/processed/exercises/CZY1_S_E11.txt,gané (un medal) [una medalla] en 2019,"pragmatic appropriateness, meaning and sense elaboration","vocabulary extraction and list creation, translation"
CZY1_S,./data/processed/exercises/CZY1_S_E14.txt,(emprezé) [empecé],contextual retrieval,"cloze, metalinguistic reflection"
CZY1_S,./data/processed/exercises/CZY1_S_E10.txt,empecé [a] jugar,meaning and sense elaboration,"metalinguistic reflection, translation"
CZY1_S,./data/processed/exercises/CZY1_S_E15.txt,jugar [al] fútbol,collocational control,syntagmatic systematization
CZY1_S,./data/processed/exercises/CZY1_S_E09.txt,(encontré) [conocí] a mis amigos,"meaning and sense elaboration, productive use of targets","translation, prompted writing"
CZY1_S,./data/processed/exercises/CZY1_S_E08.txt,conocí [a] mis amigos,contextual retrieval,discrete choice
CZY1_S,./data/processed/exercises/CZY1_S_E05.txt,(mi familia y yo gustamos) [a mi familia y a mí nos gustó] la ciudad,paraphrastic flexibility,text editing
CZY1_S,./data/processed/exercises/CZY1_S_E13.txt,(supe) [aprendí a] conducir en el verano de 2022,paraphrastic flexibility,text editing
CZY1_S,./data/processed/exercises/CZY1_S_E12.txt,trabajé en una empresa por dos (mesas) [meses] / he vivido en Pamplona durante (una mesa) [un mes],"productive use of targets, meaning and sense elaboration","matching, prompted writing"
EPA1_C,./data/processed/exercises/EPA1_C_E03.txt,estoy (escribiendole) [escribiéndole] / (ibamos) [íbamos] a vivir / (proxima) [próxima] / (dias) [días] / (todavia) [todavía] /  y (dijó) [dijo],conceptual organization,accent marking and read-aloud
EPA1_C,./data/processed/exercises/EPA1_C_E12.txt,(al pasar dos semanas) [al cabo de dos semanas],contextual retrieval,cloze
EPA1_C,./data/processed/exercises/EPA1_C_E06.txt,de una manera fácil y sin (argumentos) [discusiones],productive use of targets,discrete choice
EPA1_C,./data/processed/exercises/EPA1_C_E05.txt,la comida que yo estaba metiendo en la nevera (se) desaparecía,meaning and sense elaboration,"metalinguistic reflection, prompted writing"
EPA1_C,./data/processed/exercises/EPA1_C_E07.txt,le (pregunte) [pregunté] a mi compañera si había / a (mi) [mí] me pareció / explicarle (como) [cómo] lo resolví / no sabía (que) [qué] hacer,"meaning and sense elaboration, productive use of targets","matching, prompted writing"
EPA1_C,./data/processed/exercises/EPA1_C_E04.txt,alguna posibilidad [de] que / la idea [de] que yo debería / sorprendida [de] que yo la hubiese llamado / aliviada [de] que pudiéramos,productive use of targets,discrete choice
EPA1_C,./data/processed/exercises/EPA1_C_E02.txt,alguna posibilidad de que ella [se] estuviera comiendo mi comida / estaba ella (comiendo) [comiéndose] mi almuerzo,"contextual retrieval, productive use of targets","discrete choice, prompted writing"
EPA1_C,./data/processed/exercises/EPA1_C_E08.txt,[a] la mañana siguiente fui a recoger mi comida,productive use of targets,cloze
EPA1_C,./data/processed/exercises/EPA1_C_E09.txt,estaba (tan) [muy] frustrada y confundida porque la única,productive use of targets,discrete choice
EPA1_C,./data/processed/exercises/EPA1_C_E01.txt,entonces llamé a (nuestra House Manager) [la encargada de nuestro piso],paraphrastic flexibility,text editing
EPA1_C,./data/processed/exercises/EPA1_C_E13.txt,si seguía haciendo eso la iban a (cambiar de) [echar del] piso,"pragmatic appropriateness, meaning and sense elaboration","vocabulary extraction and list creation, translation"
EPA1_C,./data/processed/exercises/EPA1_C_E14.txt,y (paró de comer) [dejó de comerse] mi comida,"collocational control, productive use of targets","syntagmatic systematization, prompted writing"
EPA1_C,./data/processed/exercises/EPA1_C_E15.txt,"íbamos a cenar juntas una vez a la semana, (donde nos turnamos) [turnándonos]","paraphrastic flexibility, productive use of targets","text editing, prompted writing"
EPA1_C,./data/processed/exercises/EPA1_C_E11.txt,(tomando turnos cocinando) [turnándonos para cocinar],"meaning and sense elaboration, productive use of targets","translation, prompted writing"
EPA1_C,./data/processed/exercises/EPA1_C_E10.txt,"entonces, la (próxima) [siguiente] vez que vino a limpiar / la (próxima) [siguiente] vez que cociné",meaning and sense elaboration,"metalinguistic reflection, prompted writing"
ERA1_C,./data/processed/exercises/ERA1_C_E11.txt,Ojalá este semestre [te] esté yendo bien (contigo),"pragmatic appropriateness, meaning and sense elaboration","vocabulary extraction and list creation, translation"
ERA1_C,./data/processed/exercises/ERA1_C_E09.txt,(ultimo) [último] año / (paso) [pasó] / (mas) [más],"meaning and sense elaboration, productive use of targets","matching, prompted writing"
ERA1_C,./data/processed/exercises/ERA1_C_E06.txt,(este) [esta] carta / (nuestro) [nuestra] experiencia,conceptual organization,cloze
ERA1_C,./data/processed/exercises/ERA1_C_E05.txt,(pasó) [surgió] un conflicto / (tengas) [mantengas] un tono conciliador,collocational control,discrete choice
ERA1_C,./data/processed/exercises/ERA1_C_E12.txt,todas (de) nosotras,"contextual retrieval, meaning and sense elaboration","cloze, metalinguistic reflection"
ERA1_C,./data/processed/exercises/ERA1_C_E07.txt,la misma Universidad (en) [de] los Estados Unidos,contextual retrieval,discrete choice
ERA1_C,./data/processed/exercises/ERA1_C_E13.txt,es esencial para el proceso de mediación que no [haya faltas de respeto hacia] (falta del respeto a) nadie,paraphrastic flexibility,text editing
ERA1_C,./data/processed/exercises/ERA1_C_E03.txt,(estabamos) [estábamos] / (queriamos) [queríamos] / (tambien) [también] / (economico) [económico] / (hótel) [hotel] / (facil) [fácil],conceptual organization,accent marking and read-aloud
ERA1_C,./data/processed/exercises/ERA1_C_E14.txt,un tono (calmado) [conciliador],collocational control,syntagmatic systematization
ERA1_C,./data/processed/exercises/ERA1_C_E08.txt,(quieremos) [queremos] / (barrato) [barato] / (necessaria) [necesaria] / (expectitivas) [expectativas] / (nosotoras) [nosotras] / (cádo) [caro],paraphrastic flexibility,"text editing, prompted writing"
ERA1_C,./data/processed/exercises/ERA1_C_E04.txt,insistíamos [en] que eso no sería / elegir (a) un AirBnb,productive use of targets,discrete choice
ERA1_C,./data/processed/exercises/ERA1_C_E10.txt,durante los (fines de semanas) [fines de semana],contextual retrieval,cloze
ERA1_C,./data/processed/exercises/ERA1_C_E15.txt,fueron (algunos) momentos muy incómodos,contextual retrieval,"cloze, metalinguistic reflection"
ERA1_C,./data/processed/exercises/ERA1_C_E02.txt,(scolares) [académicos] / (essential) [esencial],"meaning and sense elaboration, collocational control","metalinguistic reflection, paradigmatic systematization, prompted writing"
ERA1_C,./data/processed/exercises/ERA1_C_E01.txt,necesitábamos (encontrar algún lado común) [llegar a un punto medio],"meaning and sense elaboration, productive use of targets","translation, prompted writing"
BSC1_C,./data/processed/exercises/BSC1_C_E13.txt,escribo para (informar) [informarle a] usted,"pragmatic appropriateness, paraphrastic flexibility","text editing, metalinguistic reflection"
BSC1_C,./data/processed/exercises/BSC1_C_E02.txt,la solución que (pensamos) [encontramos],collocational control,discrete choice
BSC1_C,./data/processed/exercises/BSC1_C_E08.txt,que (nosotras) encontramos,"paraphrastic flexibility, meaning and sense elaboration, productive use of targets","text editing, metalinguistic reflection"
BSC1_C,./data/processed/exercises/BSC1_C_E04.txt,(maquinas) [máquinas] / (deberia) [debería] / (reuni) [reuní] / (proxima) [próxima] / (fué) [fue] / (aqui) [aquí],conceptual organization,accent marking and read-aloud
BSC1_C,./data/processed/exercises/BSC1_C_E10.txt,puede (imaginar) [imaginarse],meaning and sense elaboration,metalinguistic reflection
BSC1_C,./data/processed/exercises/BSC1_C_E12.txt,puede imaginarse (el tamaño) [la magnitud] del desorden,"meaning and sense elaboration, collocational control","matching, paradigmatic systematization"
BSC1_C,./data/processed/exercises/BSC1_C_E01.txt,la magnitud (de la confusión) [del desorden],"meaning and sense elaboration, productive use of targets","matching, metalinguistic reflection"
BSC1_C,./data/processed/exercises/BSC1_C_E11.txt,(pusieron la culpa en) [le echaron la culpa a] las recién llegadas,"meaning and sense elaboration, productive use of targets","translation, prompted writing"
BSC1_C,./data/processed/exercises/BSC1_C_E03.txt,después de esto (dejaron de se) [se dejaron de] hablar / cualquier cosa puede (se tornar) [tornarse] motivo de pelea,productive use of targets,sentence reconstruction
BSC1_C,./data/processed/exercises/BSC1_C_E07.txt,reuní [a] un grupo de chicas,contextual retrieval,discrete choice
BSC1_C,./data/processed/exercises/BSC1_C_E06.txt,la (próxima) [siguiente] chica que desee utilizarla,meaning and sense elaboration,"metalinguistic reflection, prompted writing"
BSC1_C,./data/processed/exercises/BSC1_C_E14.txt,las etiquetas (para identificación) [identificativas],conceptual organization,paradigmatic systematization
BSC1_C,./data/processed/exercises/BSC1_C_E09.txt,en la (gráfica) [imprenta] del barrio,productive use of targets,discrete choice
BSC1_C,./data/processed/exercises/BSC1_C_E05.txt,se (quedaron) [sintieron] ofendidas,"conceptual organization, productive use of targets","paradigmatic systematization, prompted writing"
BSC1_C,./data/processed/exercises/BSC1_C_E15.txt,(sentisen) [sintiesen] / (dejaram) [dejaron] / (quedaram) [quedaron] / (exames) [exámenes],paraphrastic flexibility,"text editing, prompted writing"
IDE1_C,./data/processed/exercises/IDE1_C_E05.txt,espero que todo vaya bien (con usted),"pragmatic appropriateness, meaning and sense elaboration","vocabulary extraction and list creation, translation"
IDE1_C,./data/processed/exercises/IDE1_C_E01.txt,(esta) [está] / (mas) [más] / (mi) [mí],"meaning and sense elaboration, productive use of targets","matching, prompted writing"
IDE1_C,./data/processed/exercises/IDE1_C_E02.txt,(contracto) [contrato],"contextual retrieval, meaning and sense elaboration","cloze, metalinguistic reflection"
IDE1_C,./data/processed/exercises/IDE1_C_E03.txt,con [otras] tres (otras) personas,"contextual retrieval, meaning and sense elaboration","cloze, metalinguistic reflection"
IDE1_C,./data/processed/exercises/IDE1_C_E14.txt,con otras tres (niños) [personas],contextual retrieval,cloze
IDE1_C,./data/processed/exercises/IDE1_C_E09.txt,(simpaticos) [simpáticos] / (unico) [único] / (dia) [día] / (domesticas) [domésticas] / (aqui) [aquí],conceptual organization,accent marking and read-aloud
IDE1_C,./data/processed/exercises/IDE1_C_E12.txt,(frego) [friego],"conceptual organization, meaning and sense elaboration",metalinguistic reflection
IDE1_C,./data/processed/exercises/IDE1_C_E04.txt,las clases son muy (intensivas) [intensas] aquí en la Universidad de Navarra,productive use of targets,discrete choice
IDE1_C,./data/processed/exercises/IDE1_C_E15.txt,tengo muchos deberes y proyectos (para) [que] entregar,"paraphrastic flexibility, productive use of targets","text editing, metalinguistic reflection"
IDE1_C,./data/processed/exercises/IDE1_C_E06.txt,la gente que vive allí (debe) [deben] mantener el piso en buenas condiciones,paraphrastic flexibility,text editing
IDE1_C,./data/processed/exercises/IDE1_C_E08.txt,limpiar (detrás de) [lo que ensucian] mis compañeros / mantener el piso en (una buena condición) [buenas condiciones],"meaning and sense elaboration, productive use of targets","translation, prompted writing"
IDE1_C,./data/processed/exercises/IDE1_C_E11.txt,solo quiero ser responsable (para) [de] mí misma,productive use of targets,discrete choice
IDE1_C,./data/processed/exercises/IDE1_C_E07.txt,(consequencias) [consecuencias],contextual retrieval,cloze
IDE1_C,./data/processed/exercises/IDE1_C_E10.txt,si hay consecuencias (de no hacer nada de ayuda) [por no ser de utilidad] en el apartamento,"meaning and sense elaboration, collocational control",metalinguistic reflection
IDE1_C,./data/processed/exercises/IDE1_C_E13.txt,la que (hace cada cosa) [se encarga de todo] en este apartamento,meaning and sense elaboration,translation
CAJ1_C,./data/processed/exercises/CAJ1_C_E09.txt,un conflicto que (yo) solucioné,"paraphrastic flexibility, meaning and sense elaboration, productive use of targets","text editing, metalinguistic reflection"
CAJ1_C,./data/processed/exercises/CAJ1_C_E02.txt,(habia) [había] / (jabon) [jabón] / (facil) [fácil],conceptual organization,accent marking and read-aloud
CAJ1_C,./data/processed/exercises/CAJ1_C_E11.txt,que todo [el] mundo usaba / (todos entre) [todo el mundo en] el apartamento / todos [los] que viven en el apartamento,meaning and sense elaboration,translation
CAJ1_C,./data/processed/exercises/CAJ1_C_E14.txt,se (pusieron enfadados) [enfadaron] / les pedí que (tomaran un voto) [votaran],paraphrastic flexibility,text editing
CAJ1_C,./data/processed/exercises/CAJ1_C_E13.txt,(escuchamos la) [dimos] voz a todos,collocational control,discrete choice
CAJ1_C,./data/processed/exercises/CAJ1_C_E10.txt,las personas (enfadados) [enfadadas],conceptual organization,cloze
CAJ1_C,./data/processed/exercises/CAJ1_C_E12.txt,(mas) [más] / (como) [cómo] / (tenia) [tenía] / (cuanto) [cuánto],"meaning and sense elaboration, productive use of targets","matching, prompted writing"
CAJ1_C,./data/processed/exercises/CAJ1_C_E15.txt,"cuando (nos pusimos de acuerdo del tiempo) [acordamos una hora], nos encontramos en la cocina","pragmatic appropriateness, meaning and sense elaboration","vocabulary extraction and list creation, translation"
CAJ1_C,./data/processed/exercises/CAJ1_C_E07.txt,compraban (cosas para limpiar) [productos de limpieza] / (cosas de comer) [comida],conceptual organization,paradigmatic systematization
CAJ1_C,./data/processed/exercises/CAJ1_C_E08.txt,(en una) [de] manera,"meaning and sense elaboration, productive use of targets","translation, prompted writing"
CAJ1_C,./data/processed/exercises/CAJ1_C_E06.txt,se dieron cuenta [de] que / se va [a] comprar / sus opiniones (en) [sobre] cómo resolver el conflicto,productive use of targets,discrete choice
CAJ1_C,./data/processed/exercises/CAJ1_C_E05.txt,(unas) [algunas] cosas,contextual retrieval,"cloze, metalinguistic reflection"
CAJ1_C,./data/processed/exercises/CAJ1_C_E03.txt,se tienen que comprar (más frecuente) [con mayor frecuencia],productive use of targets,discrete choice
CAJ1_C,./data/processed/exercises/CAJ1_C_E01.txt,escoger un (tiempo) [momento] para hablar,"meaning and sense elaboration, productive use of targets","matching, discrete choice"
CAJ1_C,./data/processed/exercises/CAJ1_C_E04.txt,(occurió) [ocurrió] / (escojer) [escoger] / jabón de (loca) [loza] / (felic) [feliz] / (frequentemente) [frecuentemente] / (dicución) [discusión],paraphrastic flexibility,"text editing, prompted writing"
IMM1_C,./data/processed/exercises/IMM1_C_E02.txt,estoy aquí desde [hace] dos meses,contextual retrieval,discrete choice
IMM1_C,./data/processed/exercises/IMM1_C_E08.txt,y afortunadamente (yo) he conseguido / por qué (ellas) estaban tan enfadadas,"paraphrastic flexibility, meaning and sense elaboration, productive use of targets","text editing, metalinguistic reflection"
IMM1_C,./data/processed/exercises/IMM1_C_E05.txt,(queriamos) [queríamos] / (dia) [día] / (seguia) [seguía] / (proposito) [propósito],conceptual organization,accent marking and read-aloud
IMM1_C,./data/processed/exercises/IMM1_C_E07.txt,(encontré delante de la clase a Amaia y Ana que se estaban peleando) [vi que Amaia y Ana se estaban peleando delante de la clase],"meaning and sense elaboration, productive use of targets","translation, prompted writing"
IMM1_C,./data/processed/exercises/IMM1_C_E04.txt,les pregunté lo que estaba pasando y (porque) [por qué] estaban tan enfadadas,meaning and sense elaboration,"metalinguistic reflection, prompted writing, translation"
IMM1_C,./data/processed/exercises/IMM1_C_E10.txt,por qué estaban tan enfadadas (la una con la otra),paraphrastic flexibility,"text editing, metalinguistic reflection"
IMM1_C,./data/processed/exercises/IMM1_C_E03.txt,no quería (recibir una) [sacar] mala nota,collocational control,discrete choice
IMM1_C,./data/processed/exercises/IMM1_C_E11.txt,entender [a] ambas partes de la situación,contextual retrieval,discrete choice
IMM1_C,./data/processed/exercises/IMM1_C_E12.txt,y les pusiera (una nota) [un cero] a las dos,"pragmatic appropriateness, meaning and sense elaboration","vocabulary extraction and list creation, translation"
IMM1_C,./data/processed/exercises/IMM1_C_E06.txt,hablé antes con las dos juntas y después (sola) [solo] con Amaia,meaning and sense elaboration,"metalinguistic reflection, prompted writing"
IMM1_C,./data/processed/exercises/IMM1_C_E15.txt,discutimos (sobre) algunos detalles,meaning and sense elaboration,"discrete choice, metalinguistic reflection"
IMM1_C,./data/processed/exercises/IMM1_C_E09.txt,"y que, (para mí) [en mi opinión], usted tenía que saber","paraphrastic flexibility, productive use of targets","metalinguistic reflection, text editing, prompted writing"
IMM1_C,./data/processed/exercises/IMM1_C_E13.txt,"he conseguido conocer a muchas personas (y) [, entre ellas] estudiantes[,] de Pamplona",paraphrastic flexibility,text editing
IMM1_C,./data/processed/exercises/IMM1_C_E14.txt,"(mientras estaba yendo a clase) [al llegar a la universidad, ] vi que Amaia y Ana se estaban peleando delante de la clase",productive use of targets,"sentence reconstruction, prompted writing"
IMM1_C,./data/processed/exercises/IMM1_C_E01.txt,para (mi) [mí],"meaning and sense elaboration, productive use of targets","matching, prompted writing"
RMD1_C,./data/processed/exercises/RMD1_C_E04.txt,(se crean) [surgen] conflictos,collocational control,discrete choice
RMD1_C,./data/processed/exercises/RMD1_C_E07.txt,(aveces) [a veces] / (estube) [estuve] / (seguiente) [siguiente] / (ocurió) [ocurrió],paraphrastic flexibility,"text editing, prompted writing"
RMD1_C,./data/processed/exercises/RMD1_C_E11.txt,a veces hay (pocas copias) [pocos ejemplares],contextual retrieval,"discrete choice, metalinguistic reflection"
RMD1_C,./data/processed/exercises/RMD1_C_E13.txt,a causa de esta falta de libros en línea (surgir un conflicto) [surgen conflictos] entre los estudiantes,contextual retrieval,cloze
RMD1_C,./data/processed/exercises/RMD1_C_E09.txt,(el siguiente) [lo que sigue] es,"meaning and sense elaboration, productive use of targets","translation, prompted writing"
RMD1_C,./data/processed/exercises/RMD1_C_E10.txt,por (respecto) [respeto] a su dignidad,"contextual retrieval, meaning and sense elaboration","cloze, metalinguistic reflection"
RMD1_C,./data/processed/exercises/RMD1_C_E01.txt,los bibliotecarios decían que habia (sola) [solo] un ejemplar,meaning and sense elaboration,"metalinguistic reflection, prompted writing"
RMD1_C,./data/processed/exercises/RMD1_C_E05.txt,que en (el) [ese] momento estaba fuera de la biblioteca,paraphrastic flexibility,text editing
RMD1_C,./data/processed/exercises/RMD1_C_E08.txt,(unos) [algunos] de nosotros,contextual retrieval,"cloze, metalinguistic reflection"
RMD1_C,./data/processed/exercises/RMD1_C_E02.txt,(en) [para] mi sorpresa / limita el acceso en línea (de) [a] su libro / un día el profesor había dicho [de] utilizar su libro / la atención que usted ha puesto (para) [en] leer esta carta,productive use of targets,discrete choice
RMD1_C,./data/processed/exercises/RMD1_C_E12.txt,(el) [él] no tenía,"meaning and sense elaboration, productive use of targets","matching, prompted writing"
RMD1_C,./data/processed/exercises/RMD1_C_E14.txt,(esiendo) [siendo] que yo soy uno de los delegados,"meaning and sense elaboration, collocational control","metalinguistic reflection, paradigmatic systematization, prompted writing"
RMD1_C,./data/processed/exercises/RMD1_C_E15.txt,para ir a (hablar con) [pedirle a] el profesor si podría,productive use of targets,sentence reconstruction
RMD1_C,./data/processed/exercises/RMD1_C_E06.txt,una (carta de verificación) [autorización],conceptual organization,paradigmatic systematization
RMD1_C,./data/processed/exercises/RMD1_C_E03.txt,(eclesiastica) [eclesiástica] / (linea) [línea] / (dia) [día] / (habia) [había] / (despues) [después] / (pregunte) [pregunté],conceptual organization,accent marking and read-aloud
ABA1_C,./data/processed/exercises/ABA1_C_E11.txt,pero ella (digo) [dijo],"conceptual organization, meaning and sense elaboration","paradigmatic systematization, metalinguistic reflection, accent marking and read-aloud"
ABA1_C,./data/processed/exercises/ABA1_C_E08.txt,hemos podido solucionar (al) [el] problema,contextual retrieval,discrete choice
ABA1_C,./data/processed/exercises/ABA1_C_E06.txt,iba a (darnos) [ponernos] un cero,collocational control,discrete choice
ABA1_C,./data/processed/exercises/ABA1_C_E03.txt,el (próximo) [siguiente] día de clase,meaning and sense elaboration,"metalinguistic reflection, prompted writing"
ABA1_C,./data/processed/exercises/ABA1_C_E04.txt,(proximo) [próximo] / (dia) [día] / (despues) [después] / (ocurrio) [ocurrió],conceptual organization,accent marking and read-aloud
ABA1_C,./data/processed/exercises/ABA1_C_E09.txt,su (telefona) [teléfono] estaba roto,"pragmatic appropriateness, meaning and sense elaboration","vocabulary extraction and list creation, translation"
ABA1_C,./data/processed/exercises/ABA1_C_E12.txt,dos (horais) [horas] antes del vencimiento del proyecto,"conceptual organization, meaning and sense elaboration",metalinguistic reflection
ABA1_C,./data/processed/exercises/ABA1_C_E01.txt,(submitir) [entregar] el proyecto,productive use of targets,discrete choice
ABA1_C,./data/processed/exercises/ABA1_C_E07.txt,(tenia) [tenía] / (el) [él] debía / (esta) [está],"meaning and sense elaboration, productive use of targets","matching, prompted writing"
ABA1_C,./data/processed/exercises/ABA1_C_E10.txt,cada persona (en) [de] mi grupo / estaba (en) [a] cargo de algo,productive use of targets,discrete choice
ABA1_C,./data/processed/exercises/ABA1_C_E13.txt,un proyecto en grupo que valía [el] 55% de la nota final,contextual retrieval,cloze
ABA1_C,./data/processed/exercises/ABA1_C_E14.txt,un proyecto en grupo que (era) [valía] el 55% de la nota final,contextual retrieval,"discrete choice, metalinguistic reflection"
ABA1_C,./data/processed/exercises/ABA1_C_E15.txt,la profesora nos había (dado) [asignado] un proyecto en grupo,collocational control,syntagmatic systematization
ABA1_C,./data/processed/exercises/ABA1_C_E05.txt,(occurió) [ocurrió] / (fonciona) [funciona] / (residence) [residencia],paraphrastic flexibility,"text editing, prompted writing"
ABA1_C,./data/processed/exercises/ABA1_C_E02.txt,y (soy) [estoy] en la clase de español,contextual retrieval,"discrete choice, metalinguistic reflection"
LSR1_C,./data/processed/exercises/LSR1_C_E04.txt,es una falta de respeto (de) [a] los estudiantes,productive use of targets,discrete choice
LSR1_C,./data/processed/exercises/LSR1_C_E05.txt,(lo que no es el caso para) [a diferencia de] la residencia,contextual retrieval,cloze
LSR1_C,./data/processed/exercises/LSR1_C_E09.txt,mi dinero [de] el primer mes,productive use of targets,sentence reconstruction
LSR1_C,./data/processed/exercises/LSR1_C_E01.txt,(cama) [habitación],productive use of targets,"prompted writing, metalinguistic reflection"
LSR1_C,./data/processed/exercises/LSR1_C_E11.txt,por los (daños) [inconvenientes],"meaning and sense elaboration, productive use of targets","matching, discrete choice, metalinguistic reflection"
LSR1_C,./data/processed/exercises/LSR1_C_E14.txt,un precio (bajo del) [inferior al] precio original,contextual retrieval,discrete choice
LSR1_C,./data/processed/exercises/LSR1_C_E15.txt,podía (pedir pagar un precio inferior a) [solicitar un descuento sobre] el precio original,"paraphrastic flexibility, productive use of targets",text editing
LSR1_C,./data/processed/exercises/LSR1_C_E12.txt,tenía miedo [de] que,contextual retrieval,"cloze, metalinguistic reflection"
LSR1_C,./data/processed/exercises/LSR1_C_E10.txt,en (el sitio de internet) [la página web],"pragmatic appropriateness, meaning and sense elaboration","vocabulary extraction and list creation, translation"
LSR1_C,./data/processed/exercises/LSR1_C_E02.txt,[en mi habitación no había] ninguna de esas cosas (estaba presente en la habitación),"paraphrastic flexibility, productive use of targets",text editing
LSR1_C,./data/processed/exercises/LSR1_C_E06.txt,ninguna de esas cosas (estaban) [estaba] presente,paraphrastic flexibility,text editing
LSR1_C,./data/processed/exercises/LSR1_C_E08.txt,(acquí) [aquí],contextual retrieval,cloze
LSR1_C,./data/processed/exercises/LSR1_C_E07.txt,(tuvé) [tuve] / (residencía) [residencia] / (principió) [principio] / (habia) [había] / (sitió) [sitio] / (télevisión) [televisión] / (llegue) [llegué],conceptual organization,accent marking and read-aloud
LSR1_C,./data/processed/exercises/LSR1_C_E03.txt,me (paso) [pasó] / (explico) [explicó] / (acepto) [aceptó],"meaning and sense elaboration, productive use of targets","matching, prompted writing"
LSR1_C,./data/processed/exercises/LSR1_C_E13.txt,(estudionte) [estudiante],paraphrastic flexibility,"text editing, prompted writing"
BNS1_C,./data/processed/exercises/BNS1_C_E15.txt,emparejan a compañeras de piso (entre personas parecidas) [con perfiles similares],"pragmatic appropriateness, meaning and sense elaboration","vocabulary extraction and list creation, translation"
BNS1_C,./data/processed/exercises/BNS1_C_E06.txt,(estáva) [estaba] bien,"meaning and sense elaboration, collocational control","metalinguistic reflection, paradigmatic systematization, prompted writing"
BNS1_C,./data/processed/exercises/BNS1_C_E05.txt,(páis) [país] / (calido) [cálido] / (despues) [después] / (reclamaciónes) [reclamaciones],conceptual organization,accent marking and read-aloud
BNS1_C,./data/processed/exercises/BNS1_C_E10.txt,(ya que) [como] viene de un país cálido,productive use of targets,sentence reconstruction
BNS1_C,./data/processed/exercises/BNS1_C_E03.txt,(ella) viene de un país cálido / (ella) tiene la costumbre de ducharse / (ella) tuvo una discusión,"paraphrastic flexibility, meaning and sense elaboration, productive use of targets","text editing, metalinguistic reflection"
BNS1_C,./data/processed/exercises/BNS1_C_E12.txt,una por la mañana y (una) [otra] por la noche,contextual retrieval,"cloze, metalinguistic reflection"
BNS1_C,./data/processed/exercises/BNS1_C_E09.txt,en (esta manera) [este sentido] no somos iguales,contextual retrieval,cloze
BNS1_C,./data/processed/exercises/BNS1_C_E13.txt,ninguna consideración (de) [por] su parte / tengan más cuidado (sobre) [con] las normas culturales,productive use of targets,discrete choice
BNS1_C,./data/processed/exercises/BNS1_C_E04.txt,mi recomendación es que tengan (mas) [más] cuidado,"meaning and sense elaboration, productive use of targets","matching, prompted writing"
BNS1_C,./data/processed/exercises/BNS1_C_E01.txt,"en (este) [ese] momento, yo pensaba que",paraphrastic flexibility,text editing
BNS1_C,./data/processed/exercises/BNS1_C_E11.txt,"Carla, (como un modo de) [para] vengarse de mis quejas","meaning and sense elaboration, productive use of targets","translation, prompted writing"
BNS1_C,./data/processed/exercises/BNS1_C_E08.txt,vengarse de mis (reclamaciones) [quejas],"meaning and sense elaboration, productive use of targets","matching, discrete choice, metalinguistic reflection"
BNS1_C,./data/processed/exercises/BNS1_C_E14.txt,(voy a tener mi dinero de vuelta) [me van a devolver mi dinero],"paraphrastic flexibility, productive use of targets",text editing
BNS1_C,./data/processed/exercises/BNS1_C_E07.txt,"en (lo) [el] peor caso, ¿puedo cambiar de compañera?",contextual retrieval,discrete choice
BNS1_C,./data/processed/exercises/BNS1_C_E02.txt,de que (hacen parejas de) [emparejan a] compañeras de piso,conceptual organization,paradigmatic systematization
RRT1_C,./data/processed/exercises/RRT1_C_E11.txt,entre una familia (nativa) [local] y algunos estudiantes de intercambio,contextual retrieval,cloze
RRT1_C,./data/processed/exercises/RRT1_C_E08.txt,a sus universidades no les importan sus notas (mientras que) [mientras] estudien aquí,"contextual retrieval, productive use of targets","cloze, metalinguistic reflection, prompted writing"
RRT1_C,./data/processed/exercises/RRT1_C_E05.txt,"por eso, han (realizado) [montado] muchas fiestas",collocational control,discrete choice
RRT1_C,./data/processed/exercises/RRT1_C_E02.txt,(casí) [casi] cada noche / (múcho) [mucho] ruido / (instantaneamente) [instantáneamente],conceptual organization,accent marking and read-aloud
RRT1_C,./data/processed/exercises/RRT1_C_E03.txt,pero el (jefe de los pisos) [administrador del edificio] no ha ofrecido,"pragmatic appropriateness, meaning and sense elaboration","vocabulary extraction and list creation, translation"
RRT1_C,./data/processed/exercises/RRT1_C_E01.txt,no (estoy tan cercano) [vivo tan cerca] de los estudiantes,"meaning and sense elaboration, productive use of targets","matching, discrete choice, prompted writing"
RRT1_C,./data/processed/exercises/RRT1_C_E04.txt,no me (dieron) [di] cuenta hasta la semana pasada,"meaning and sense elaboration, contextual retrieval","metalinguistic reflection, cloze"
RRT1_C,./data/processed/exercises/RRT1_C_E12.txt,no les (importa) [molesta] una fiesta de vez en cuando,meaning and sense elaboration,"matching, metalinguistic reflection"
RRT1_C,./data/processed/exercises/RRT1_C_E07.txt,no saben que los (vecino) [vecinos] se han quejado,paraphrastic flexibility,text editing
RRT1_C,./data/processed/exercises/RRT1_C_E06.txt,[me] dirijo a usted porque,meaning and sense elaboration,"metalinguistic reflection, prompted writing"
RRT1_C,./data/processed/exercises/RRT1_C_E14.txt,"(a corto plazo) [en un primer momento], llamé a la policía, pero eso solo funcionó a corto plazo","meaning and sense elaboration, contextual retrieval","sentence reconstruction, cloze"
RRT1_C,./data/processed/exercises/RRT1_C_E10.txt,ofreciera más clubes y oportunidades (de) [para] integrarse,productive use of targets,discrete choice
RRT1_C,./data/processed/exercises/RRT1_C_E13.txt,no podían integrarse (con) [en] la cultura,"collocational control, productive use of targets","syntagmatic systematization, prompted writing"
RRT1_C,./data/processed/exercises/RRT1_C_E09.txt,y casi instantáneamente (había cada vez menos) [se redujeron las] fiestas,"meaning and sense elaboration, productive use of targets","translation, prompted writing"
RRT1_C,./data/processed/exercises/RRT1_C_E15.txt,ofrecerle consejo (con) [sobre] un conflicto,meaning and sense elaboration,translation
CTV1_C,./data/processed/exercises/CTV1_C_E06.txt,(dias) [días] / (caféteria) [cafetería] / (despues) [después] / (preferian) [preferían] / (resolucion) [resolución],conceptual organization,accent marking and read-aloud
CTV1_C,./data/processed/exercises/CTV1_C_E03.txt,estudiante de Erasmus (en) [de] tercer año,contextual retrieval,discrete choice
CTV1_C,./data/processed/exercises/CTV1_C_E07.txt,forma parte (de el) [del] grupo,productive use of targets,discrete choice
CTV1_C,./data/processed/exercises/CTV1_C_E13.txt,"(tristemente) [lamentablemente], en menos de una semana",contextual retrieval,cloze
CTV1_C,./data/processed/exercises/CTV1_C_E02.txt,el problema (se trata de) [consiste en],productive use of targets,discrete choice
CTV1_C,./data/processed/exercises/CTV1_C_E04.txt,(empéso) [empezó] / (empíoro) [empeoró] / (associacion) [asociación] / (dijieron) [dijeron] / (demonstró) [demostró],paraphrastic flexibility,"text editing, prompted writing"
CTV1_C,./data/processed/exercises/CTV1_C_E11.txt,la cantidad de horas que estaban trabajando (se) había aumentado / el problema ya (se) había mejorado,meaning and sense elaboration,"metalinguistic reflection, prompted writing"
CTV1_C,./data/processed/exercises/CTV1_C_E05.txt,no tenían ganas de ir a la cafetería (o) [ni] a las áreas comunes,contextual retrieval,cloze
CTV1_C,./data/processed/exercises/CTV1_C_E01.txt,a la cafetería ni a (los espacios libres) [las áreas comunes],"meaning and sense elaboration, contextual retrieval, productive use of targets","metalinguistic reflection, matching, prompted writing"
CTV1_C,./data/processed/exercises/CTV1_C_E14.txt,preferían (no comer) [saltarse la comida],conceptual organization,paradigmatic systematization
CTV1_C,./data/processed/exercises/CTV1_C_E12.txt,o (perder) [faltar a] clase,meaning and sense elaboration,matching
CTV1_C,./data/processed/exercises/CTV1_C_E08.txt,para encontrar una (resolución) [solución],collocational control,discrete choice
CTV1_C,./data/processed/exercises/CTV1_C_E10.txt,(en todas partes de) [por toda] la cafetería,meaning and sense elaboration,translation
CTV1_C,./data/processed/exercises/CTV1_C_E09.txt,estos letreros (leían) [decían],"meaning and sense elaboration, productive use of targets","translation, prompted writing"
CTV1_C,./data/processed/exercises/CTV1_C_E15.txt,"(a la misma vez) [al mismo tiempo], una persona del equipo",conceptual organization,discrete choice
RWA1_D,./data/processed/exercises/RWA1_D_E15.txt,(sino) [si no] recibo nada voy a tomar acciones legales,contextual retrieval,discrete choice
RWA1_D,./data/processed/exercises/RWA1_D_E08.txt,fui a recoger mi maleta solo para (realizar) [descubrir] que alguien me la había robado,productive use of targets,discrete choice
RWA1_D,./data/processed/exercises/RWA1_D_E13.txt,estaba listo el vuelo y (nos) podíamos abordar el avión / la situación (se) empeoró,meaning and sense elaboration,"metalinguistic reflection, prompted writing"
RWA1_D,./data/processed/exercises/RWA1_D_E05.txt,cuando la gente está pagando una fortuna (para) [por] este servicio,meaning and sense elaboration,"metalinguistic reflection, prompted writing"
RWA1_D,./data/processed/exercises/RWA1_D_E11.txt,la gente se estaba poniendo muy (molestos) [molesta] con la recepción,paraphrastic flexibility,text editing
RWA1_D,./data/processed/exercises/RWA1_D_E12.txt,después de haber esperado 3 horas y (medio) [media] / fui a recoger mi maleta solo para descubrir que alguien me (lo) [la] había robado,conceptual organization,cloze
RWA1_D,./data/processed/exercises/RWA1_D_E07.txt,"normalmente, no me (cejaría) [quejaría] de esto",contextual retrieval,"cloze, metalinguistic reflection"
RWA1_D,./data/processed/exercises/RWA1_D_E10.txt,ni siquiera tuvo la decencia de explicarme (porque) [por qué] había sucedido,meaning and sense elaboration,"metalinguistic reflection, prompted writing, translation"
RWA1_D,./data/processed/exercises/RWA1_D_E14.txt,no estaba (en ninguna forma para) [en condiciones de] ser muy paciente con él,"meaning and sense elaboration, productive use of targets","translation, prompted writing"
RWA1_D,./data/processed/exercises/RWA1_D_E06.txt,intenté (a) averiguar,productive use of targets,discrete choice
RWA1_D,./data/processed/exercises/RWA1_D_E03.txt,cuando (intente) [intenté] / me (trato) [trató] / (empeoro) [empeoró] / me (toco) [tocó] / (si) [sí] / (remplazaran) [remplazarán],"meaning and sense elaboration, productive use of targets","matching, prompted writing"
RWA1_D,./data/processed/exercises/RWA1_D_E01.txt,"(primero que todo) [antes que nada] / (tal cual) [así pues], si ustedes tienen / (a) [para] mi sorpresa",contextual retrieval,cloze
RWA1_D,./data/processed/exercises/RWA1_D_E02.txt,(aureolina) [aerolínea],"conceptual organization, productive use of targets","syntagmatic systematization, prompted writing"
RWA1_D,./data/processed/exercises/RWA1_D_E09.txt,"me dirijo a usted para expresar mi insatisfacción con (tu) [su] aerolínea / si ustedes tienen algún tipo de oferta para resolver esta situación, por favor, (contáctame) [contáctenme]","pragmatic appropriateness, paraphrastic flexibility","text editing, metalinguistic reflection"
RWA1_D,./data/processed/exercises/RWA1_D_E04.txt,me (dirigió) [dirijo] a usted,"meaning and sense elaboration, paraphrastic flexibility","metalinguistic reflection, translation, text editing"
RSA1_D,./data/processed/exercises/RSA1_D_E08.txt,"(También, ) [Además, ]",paraphrastic flexibility,sentence reconstruction
RSA1_D,./data/processed/exercises/RSA1_D_E14.txt,en mis (ensayos) [redacciones],productive use of targets,discrete choice
RSA1_D,./data/processed/exercises/RSA1_D_E13.txt,cerca (a) [de] Escocia,"meaning and sense elaboration, contextual retrieval","matching, metalinguistic reflection, discrete choice"
RSA1_D,./data/processed/exercises/RSA1_D_E06.txt,prioriza las buenas notas (a pesar de) [a costa de] la salud mental de los estudiantes,"meaning and sense elaboration, productive use of targets","translation, prompted writing"
RSA1_D,./data/processed/exercises/RSA1_D_E11.txt,aunque (yo) sé que es parte del proceso de aprendizaje,"paraphrastic flexibility, meaning and sense elaboration, productive use of targets","text editing, metalinguistic reflection"
RSA1_D,./data/processed/exercises/RSA1_D_E15.txt,pienso que (personas deberían) [la gente debería] tener acceso a más información,"contextual retrieval, meaning and sense elaboration","cloze, prompted writing"
RSA1_D,./data/processed/exercises/RSA1_D_E10.txt,denunciar (al) [el] número del estafador / y encontrar [a] la persona responsable,contextual retrieval,discrete choice
RSA1_D,./data/processed/exercises/RSA1_D_E07.txt,incompetentes (y) [e] inútiles,contextual retrieval,cloze
RSA1_D,./data/processed/exercises/RSA1_D_E09.txt,(el índole) [la índole] / (todo) [toda] la evaluación / el fin de semana (pasada) [pasado] / videos (falsas) [falsos],conceptual organization,cloze
RSA1_D,./data/processed/exercises/RSA1_D_E05.txt,(numero) [número],"meaning and sense elaboration, productive use of targets","matching, prompted writing"
RSA1_D,./data/processed/exercises/RSA1_D_E03.txt,mi abuela (recibío) [recibió] / (pidiendole) [pidiéndole] / (indole) [índole] / (utíl) [útil] / (titulos) [títulos] / (utiles) [útiles] / (sólo) [solo],conceptual organization,accent marking and read-aloud
RSA1_D,./data/processed/exercises/RSA1_D_E12.txt,(comuncarle) [comunicarle] / (abula) [abuela] / (insuaron) [insinuaron],paraphrastic flexibility,"text editing, prompted writing"
RSA1_D,./data/processed/exercises/RSA1_D_E02.txt,con respecto [a] su respuesta,contextual retrieval,cloze
RSA1_D,./data/processed/exercises/RSA1_D_E04.txt,con (respeto) [respecto] a su respuesta,"contextual retrieval, meaning and sense elaboration","discrete choice, translation, metalinguistic reflection"
RSA1_D,./data/processed/exercises/RSA1_D_E01.txt,me (dirigo) [dirijo] a usted,"conceptual organization, meaning and sense elaboration","paradigmatic systematization, metalinguistic reflection, accent marking and read-aloud"
RBC1_D,./data/processed/exercises/RBC1_D_E03.txt,(cuando tenía entre 5 y 12 años) [de los 5 a los 12 años],"meaning and sense elaboration, conceptual organization, contextual retrieval","metalinguistic reflection, cloze"
RBC1_D,./data/processed/exercises/RBC1_D_E12.txt,(ajustar) [fijar] metas,collocational control,discrete choice
RBC1_D,./data/processed/exercises/RBC1_D_E14.txt,diría que en este momento (normalmente) [en general] puedo entender,"meaning and sense elaboration, paraphrastic flexibility","metalinguistic reflection, text editing"
RBC1_D,./data/processed/exercises/RBC1_D_E11.txt,(un) [una] gran desventaja,conceptual organization,cloze
RBC1_D,./data/processed/exercises/RBC1_D_E08.txt,aprender sobre cualquier cosa que (cualquiera) [uno] quiera,meaning and sense elaboration,translation
RBC1_D,./data/processed/exercises/RBC1_D_E13.txt,para (descubrir) [averiguar] el significado de las palabras,"meaning and sense elaboration, contextual retrieval","matching, cloze"
RBC1_D,./data/processed/exercises/RBC1_D_E06.txt,cuando se trata de hablar (me congelo) [me quedo en blanco],"meaning and sense elaboration, productive use of targets","translation, prompted writing"
RBC1_D,./data/processed/exercises/RBC1_D_E09.txt,soy una jugadora de hockey de alto rendimiento (en casa) [en mi país],"meaning and sense elaboration, productive use of targets","matching, metalinguistic reflection, prompted writing"
RBC1_D,./data/processed/exercises/RBC1_D_E07.txt,"sin embargo, siempre [me] ha gustado","meaning and sense elaboration, conceptual organization",metalinguistic reflection
RBC1_D,./data/processed/exercises/RBC1_D_E02.txt,la autenticación (en dos factores) [de doble factor],meaning and sense elaboration,"matching, metalinguistic reflection, translation"
RBC1_D,./data/processed/exercises/RBC1_D_E10.txt,"el logotipo del banco, el diseño y hasta la dirección del remitente (parecía) [parecían] auténticos",productive use of targets,discrete choice
RBC1_D,./data/processed/exercises/RBC1_D_E04.txt,era lo (suficiente) [suficientemente] urgente,productive use of targets,discrete choice
RBC1_D,./data/processed/exercises/RBC1_D_E05.txt,"ya que he cumplido con todas las condiciones de la compra [, pero] ustedes no han entregado el producto conforme a lo acordado",paraphrastic flexibility,text editing
RBC1_D,./data/processed/exercises/RBC1_D_E01.txt,el (monto total) [importe íntegro] pagado,"pragmatic appropriateness, meaning and sense elaboration","vocabulary extraction and list creation, translation"
RBC1_D,./data/processed/exercises/RBC1_D_E15.txt,me he visto (afectado) [afectada] / me veré (obligado) [obligada] a proceder / estoy muy (emocionado) [emocionada] / soy (un jugador) [una jugadora],pragmatic appropriateness,"text editing, metalinguistic reflection"
RBD1_D,./data/processed/exercises/RBD1_D_E07.txt,después de (intercambiando) [intercambiarnos] mensajes,"paraphrastic flexibility, productive use of targets","text editing, prompted writing"
RBD1_D,./data/processed/exercises/RBD1_D_E08.txt,hay elementos (extras) [extra] como un narrador,contextual retrieval,cloze
RBD1_D,./data/processed/exercises/RBD1_D_E09.txt,la IA (reduce cuánto se está aprendiendo) [dificulta el aprendizaje],"meaning and sense elaboration, productive use of targets","translation, prompted writing"
RBD1_D,./data/processed/exercises/RBD1_D_E02.txt,ser (un) [una] trampa,conceptual organization,cloze
RBD1_D,./data/processed/exercises/RBD1_D_E15.txt,tomaos un poco más [de] tiempo para,meaning and sense elaboration,"metalinguistic reflection, prompted writing"
RBD1_D,./data/processed/exercises/RBD1_D_E04.txt,(edicion) [edición] / (tomense) [tómense],conceptual organization,accent marking and read-aloud
RBD1_D,./data/processed/exercises/RBD1_D_E01.txt,aseguraos vosotros mismos de que es una página real y (tómense) [tomaos] un poco más de tiempo,"pragmatic appropriateness, paraphrastic flexibility","text editing, metalinguistic reflection"
RBD1_D,./data/processed/exercises/RBD1_D_E10.txt,requiero que se me reembolse la cantidad pagada o (por otro lado) [en su defecto] recibir las zapatillas que ya he pagado,contextual retrieval,cloze
RBD1_D,./data/processed/exercises/RBD1_D_E13.txt,tipos de (engaños) [engaño],productive use of targets,"sentence reconstruction, metalinguistic reflection"
RBD1_D,./data/processed/exercises/RBD1_D_E12.txt,(estes) [estos] tipos de engaño,contextual retrieval,cloze
RBD1_D,./data/processed/exercises/RBD1_D_E06.txt,lo que confirma que (yo) he sido una víctima,"paraphrastic flexibility, meaning and sense elaboration, productive use of targets","text editing, metalinguistic reflection"
RBD1_D,./data/processed/exercises/RBD1_D_E05.txt,(el) [él] me aseguró que las zapatillas eran nuevas / (pagina) [página] / (esta) [está],"meaning and sense elaboration, productive use of targets","matching, prompted writing"
RBD1_D,./data/processed/exercises/RBD1_D_E11.txt,decidí contactar (el) [al] vendedor,contextual retrieval,discrete choice
RBD1_D,./data/processed/exercises/RBD1_D_E14.txt,por un precio inferior [al] que se suele ofrecer,contextual retrieval,discrete choice
RBD1_D,./data/processed/exercises/RBD1_D_E03.txt,la ayuda (de) [en] esta situación,productive use of targets,discrete choice
RKD1_D,./data/processed/exercises/RKD1_D_E10.txt,curso (los estudios en) [el grado en lingüística de] la Universidad Estatal de Moscú (obteniendo el grado en lingüística),"pragmatic appropriateness, meaning and sense elaboration","vocabulary extraction and list creation, translation"
RKD1_D,./data/processed/exercises/RKD1_D_E09.txt,datos falsos que uno no va a (chaquear) [chequear],paraphrastic flexibility,"text editing, prompted writing"
RKD1_D,./data/processed/exercises/RKD1_D_E07.txt,estoy escribiendo mi tesis (relacionado) [relacionada] con el tema,conceptual organization,cloze
RKD1_D,./data/processed/exercises/RKD1_D_E08.txt,obtener una nueva visión (al) [del] proceso de aprendizaje,productive use of targets,discrete choice
RKD1_D,./data/processed/exercises/RKD1_D_E05.txt,es importante (como) [tanto] para los estudiantes como para los profesores,productive use of targets,"discrete choice, sentence reconstruction"
RKD1_D,./data/processed/exercises/RKD1_D_E04.txt,(partes) [puntos] débiles,paraphrastic flexibility,text editing
RKD1_D,./data/processed/exercises/RKD1_D_E11.txt,(asignar) [señalar] puntos débiles,collocational control,discrete choice
RKD1_D,./data/processed/exercises/RKD1_D_E15.txt,entender (que) [qué] hay que mejorar,"meaning and sense elaboration, conceptual organization",metalinguistic reflection
RKD1_D,./data/processed/exercises/RKD1_D_E12.txt,fingiendo ser (mí) [yo],"meaning and sense elaboration, productive use of targets","translation, prompted writing"
RKD1_D,./data/processed/exercises/RKD1_D_E14.txt,tuve que reestablecer la contraseña para (devolverlo) [recuperarlo],"meaning and sense elaboration, contextual retrieval","matching, cloze"
RKD1_D,./data/processed/exercises/RKD1_D_E01.txt,(mi) [mí],"meaning and sense elaboration, productive use of targets","matching, prompted writing"
RKD1_D,./data/processed/exercises/RKD1_D_E02.txt,y (pretendieron) [fingieron] ser yo,productive use of targets,discrete choice
RKD1_D,./data/processed/exercises/RKD1_D_E13.txt,sacar provecho de las (maldades) [bondades] de la gente,collocational control,text editing
RKD1_D,./data/processed/exercises/RKD1_D_E03.txt,han aparecido (nuevo tipo de estafas) [nuevos tipos de estafa],productive use of targets,"sentence reconstruction, metalinguistic reflection"
RKD1_D,./data/processed/exercises/RKD1_D_E06.txt,(y) [e] imagínense,contextual retrieval,cloze
RBE1_D,./data/processed/exercises/RBE1_D_E10.txt,(usando) [poniendo] el material en práctica,"conceptual organization, meaning and sense elaboration","paradigmatic systematization, translation"
RBE1_D,./data/processed/exercises/RBE1_D_E09.txt,ambas personas (son en el) [están al] mismo nivel,contextual retrieval,"discrete choice, metalinguistic reflection"
RBE1_D,./data/processed/exercises/RBE1_D_E08.txt,para (hacer) [sacar] una conclusión sobre su calidad,collocational control,discrete choice
RBE1_D,./data/processed/exercises/RBE1_D_E11.txt,para (obtener el seguro) [ir sobre seguro],"meaning and sense elaboration, contextual retrieval","matching, cloze"
RBE1_D,./data/processed/exercises/RBE1_D_E14.txt,para (estar de moda) [ir a la moda],meaning and sense elaboration,translation
RBE1_D,./data/processed/exercises/RBE1_D_E15.txt,una estafa que (ocurrió conmigo) [me ocurrió],"meaning and sense elaboration, conceptual organization",metalinguistic reflection
RBE1_D,./data/processed/exercises/RBE1_D_E12.txt,la aparición de unas (copias) [réplicas] de páginas web,contextual retrieval,"discrete choice, metalinguistic reflection"
RBE1_D,./data/processed/exercises/RBE1_D_E13.txt,la autenticidad (del recurso) [de la página web],"pragmatic appropriateness, meaning and sense elaboration","vocabulary extraction and list creation, translation"
RBE1_D,./data/processed/exercises/RBE1_D_E01.txt,verifiqué la (originalidad) [autenticidad] de la página web,"meaning and sense elaboration, productive use of targets","matching, metalinguistic reflection"
RBE1_D,./data/processed/exercises/RBE1_D_E06.txt,(verifié) [verifiqué],"meaning and sense elaboration, collocational control","metalinguistic reflection, paradigmatic systematization, prompted writing"
RBE1_D,./data/processed/exercises/RBE1_D_E07.txt,para que se (de) [dé] cuenta de que / para (mi) [mí],"meaning and sense elaboration, productive use of targets","matching, prompted writing"
RBE1_D,./data/processed/exercises/RBE1_D_E02.txt,olvidarse de tomar precauciones ante estafas y (su sesgo) [los factores que influyen en su percepción],"meaning and sense elaboration, productive use of targets","translation, prompted writing"
RBE1_D,./data/processed/exercises/RBE1_D_E04.txt,precauciones (sobre) [ante] estafas,productive use of targets,discrete choice
RBE1_D,./data/processed/exercises/RBE1_D_E05.txt,les hace (olvidar) [olvidarse] de tomar precauciones,meaning and sense elaboration,metalinguistic reflection
RBE1_D,./data/processed/exercises/RBE1_D_E03.txt,con (respeto) [respecto] a,"contextual retrieval, meaning and sense elaboration","discrete choice, translation, metalinguistic reflection"
FTE1_D,./data/processed/exercises/FTE1_D_E01.txt,me permite (tener) [encontrar] más información,contextual retrieval,discrete choice
FTE1_D,./data/processed/exercises/FTE1_D_E13.txt,practicar (hablar) [la interacción oral] con nativos,collocational control,syntagmatic systematization
FTE1_D,./data/processed/exercises/FTE1_D_E10.txt,"sin embargo, (abriendo) [al abrir] el paquete","paraphrastic flexibility, productive use of targets","text editing, prompted writing"
FTE1_D,./data/processed/exercises/FTE1_D_E14.txt,1299€ [se] fueron al bolsillo de otra persona,meaning and sense elaboration,metalinguistic reflection
FTE1_D,./data/processed/exercises/FTE1_D_E11.txt,(presenté) [interpuse] una denuncia,conceptual organization,metalinguistic reflection
FTE1_D,./data/processed/exercises/FTE1_D_E12.txt,me permite tener (más informaciones) [más información],productive use of targets,discrete choice
FTE1_D,./data/processed/exercises/FTE1_D_E07.txt,acalarar [lo] que no he comprendido,paraphrastic flexibility,sentence reconstruction
FTE1_D,./data/processed/exercises/FTE1_D_E08.txt,(linguisticas) [lingüísticas],contextual retrieval,"cloze, metalinguistic reflection"
FTE1_D,./data/processed/exercises/FTE1_D_E03.txt,"su servicio al cliente, (quien ayudó a nadie) [que no ayudó a nadie]",paraphrastic flexibility,text editing
FTE1_D,./data/processed/exercises/FTE1_D_E15.txt,servicio [al] cliente,productive use of targets,discrete choice
FTE1_D,./data/processed/exercises/FTE1_D_E06.txt,contacté tantas veces [a] su servicio / contacté [a] una asociación de consumidores,contextual retrieval,discrete choice
FTE1_D,./data/processed/exercises/FTE1_D_E05.txt,(ademas) [además] / (inglès) [inglés],conceptual organization,accent marking and read-aloud
FTE1_D,./data/processed/exercises/FTE1_D_E02.txt,(que) [qué] buena broma,"meaning and sense elaboration, conceptual organization",metalinguistic reflection
FTE1_D,./data/processed/exercises/FTE1_D_E09.txt,"descubrí, (al) [en] lugar del producto, tres manzanas",contextual retrieval,cloze
FTE1_D,./data/processed/exercises/FTE1_D_E04.txt,un pedido realizado en su sitio [web],"pragmatic appropriateness, meaning and sense elaboration","vocabulary extraction and list creation, translation"
BGE1_D,./data/processed/exercises/BGE1_D_E06.txt,escuchando e imitando [a] hablantes nativos,contextual retrieval,discrete choice
BGE1_D,./data/processed/exercises/BGE1_D_E08.txt,cometer errores (sólo) [solo] es beneficioso,conceptual organization,accent marking and read-aloud
BGE1_D,./data/processed/exercises/BGE1_D_E11.txt,beneficioso (por) [para] el proceso de aprendizaje,meaning and sense elaboration,"metalinguistic reflection, prompted writing"
BGE1_D,./data/processed/exercises/BGE1_D_E09.txt,cometer errores solo es (beneficial) [beneficioso],productive use of targets,discrete choice
BGE1_D,./data/processed/exercises/BGE1_D_E15.txt,presión (de rendimiento) [para rendir],"pragmatic appropriateness, meaning and sense elaboration","vocabulary extraction and list creation, translation"
BGE1_D,./data/processed/exercises/BGE1_D_E03.txt,entonces (se) ponen mucho énfasis en lo escrito,meaning and sense elaboration,"metalinguistic reflection, prompted writing"
BGE1_D,./data/processed/exercises/BGE1_D_E10.txt,las formas más idiomáticas (para) [de] expresarse / tengo miedo (para) [de] cometer errores,productive use of targets,discrete choice
BGE1_D,./data/processed/exercises/BGE1_D_E07.txt,que yo (mismo) [misma] no habría advertido,pragmatic appropriateness,"text editing, metalinguistic reflection"
BGE1_D,./data/processed/exercises/BGE1_D_E13.txt,"hay (""peer"" evaluación) [revisión por pares]",paraphrastic flexibility,text editing
BGE1_D,./data/processed/exercises/BGE1_D_E12.txt,"esa persona vuelve a (dar) [generar] un ""output""",collocational control,discrete choice
BGE1_D,./data/processed/exercises/BGE1_D_E04.txt,"las diferentes producciones (u) [o] ""outputs""",contextual retrieval,cloze
BGE1_D,./data/processed/exercises/BGE1_D_E02.txt,"no se trataba de un mensaje de CardStop, sino de un (bulo) [intento de estafa]","meaning and sense elaboration, contextual retrieval","matching, cloze"
BGE1_D,./data/processed/exercises/BGE1_D_E14.txt,dudaron (para decidirse a) [sobre si] llamar,"collocational control, productive use of targets","syntagmatic systematization, prompted writing"
BGE1_D,./data/processed/exercises/BGE1_D_E05.txt,(las máquinas de traducción) [la traducción automática] también (pueden) [puede] ser muy útil a veces,"meaning and sense elaboration, productive use of targets","translation, prompted writing"
BGE1_D,./data/processed/exercises/BGE1_D_E01.txt,solo uso la IA como punto de (partido) [partida],contextual retrieval,"discrete choice, metalinguistic reflection, prompted writing"
RME1_D,./data/processed/exercises/RME1_D_E07.txt,"no iban a hacer nada para resolver el asunto, (o) [ni] por mí, (o) [ni] por la otra gente",contextual retrieval,cloze
RME1_D,./data/processed/exercises/RME1_D_E06.txt,"no iban a hacer nada para resolver el asunto, ni (para) [por] mí, ni (para) [por] la otra gente",meaning and sense elaboration,"metalinguistic reflection, prompted writing"
RME1_D,./data/processed/exercises/RME1_D_E02.txt,que (al fin) [al final] me ha costado 200 euros,"paraphrastic flexibility, productive use of targets","text editing, prompted writing"
RME1_D,./data/processed/exercises/RME1_D_E05.txt,después de contactar [a] mi banco,contextual retrieval,discrete choice
RME1_D,./data/processed/exercises/RME1_D_E04.txt,vi (unas cargas extrañas) [unos cargos extraños] en mi cuenta bancaria,contextual retrieval,"discrete choice, metalinguistic reflection, prompted writing"
RME1_D,./data/processed/exercises/RME1_D_E08.txt,para introducir (mis detalles) [mi información personal],productive use of targets,discrete choice
RME1_D,./data/processed/exercises/RME1_D_E09.txt,para (entrar) [introducir] mi información personal,collocational control,discrete choice
RME1_D,./data/processed/exercises/RME1_D_E13.txt,para que sus clientes puedan continuar (a apoyar) [apoyando] su marca,contextual retrieval,"cloze, metalinguistic reflection"
RME1_D,./data/processed/exercises/RME1_D_E01.txt,hacer clic en el enlace que me (trajera) [llevara] a otra plataforma,productive use of targets,"prompted writing, metalinguistic reflection"
RME1_D,./data/processed/exercises/RME1_D_E10.txt,mi ropa me fue entregada rápidamente y (en buena condición) [en buenas condiciones],productive use of targets,discrete choice
RME1_D,./data/processed/exercises/RME1_D_E14.txt,mi ropa (apareció) [me fue entregada] rápidamente,"pragmatic appropriateness, meaning and sense elaboration","vocabulary extraction and list creation, translation"
RME1_D,./data/processed/exercises/RME1_D_E15.txt,de un timo (online) [en línea],paraphrastic flexibility,text editing
RME1_D,./data/processed/exercises/RME1_D_E03.txt,he (estado) [sido] una cliente leal,productive use of targets,sentence reconstruction
RME1_D,./data/processed/exercises/RME1_D_E12.txt,le escribo (porqué) [porque],meaning and sense elaboration,"metalinguistic reflection, prompted writing, translation"
RME1_D,./data/processed/exercises/RME1_D_E11.txt,los (daños ya hechos) [desperfectos causados],"meaning and sense elaboration, productive use of targets","translation, prompted writing"
RWF1_D,./data/processed/exercises/RWF1_D_E05.txt,cientos de (libros) [libras],contextual retrieval,"discrete choice, metalinguistic reflection, prompted writing"
RWF1_D,./data/processed/exercises/RWF1_D_E06.txt,mi abuelo [se] percató de los cargos,meaning and sense elaboration,"metalinguistic reflection, prompted writing"
RWF1_D,./data/processed/exercises/RWF1_D_E08.txt,"a menudo, los ancianos (están) [son] más vulnerables",productive use of targets,sentence reconstruction
RWF1_D,./data/processed/exercises/RWF1_D_E07.txt,sus (detalles) [datos] bancarios,productive use of targets,discrete choice
RWF1_D,./data/processed/exercises/RWF1_D_E13.txt,mis abuelos han sido (los) [las] víctimas / (uno) [una] de las más severas estafas / preguntó por sus datos (bancarias) [bancarios],conceptual organization,cloze
RWF1_D,./data/processed/exercises/RWF1_D_E15.txt,por (lo) [el] contrario,contextual retrieval,cloze
RWF1_D,./data/processed/exercises/RWF1_D_E11.txt,me creé (una página nueva) [un perfil nuevo],contextual retrieval,"discrete choice, metalinguistic reflection"
RWF1_D,./data/processed/exercises/RWF1_D_E14.txt,cargos en su extracto bancario (para) [de] cientos de libras,productive use of targets,discrete choice
RWF1_D,./data/processed/exercises/RWF1_D_E10.txt,me creé una (pagina) [página] nueva / (victimas) [víctimas] / (mas) [más],"meaning and sense elaboration, productive use of targets","matching, prompted writing"
RWF1_D,./data/processed/exercises/RWF1_D_E03.txt,el reembolso del (saldo total) [importe íntegro],"pragmatic appropriateness, meaning and sense elaboration","vocabulary extraction and list creation, translation"
RWF1_D,./data/processed/exercises/RWF1_D_E04.txt,tiene la obligación de protegerlos contra (bulos como este) [estafas como esta],"meaning and sense elaboration, contextual retrieval","matching, cloze"
RWF1_D,./data/processed/exercises/RWF1_D_E12.txt,le (ordenaron) [pidieron] que transfiriera el dinero,conceptual organization,metalinguistic reflection
RWF1_D,./data/processed/exercises/RWF1_D_E09.txt,"me veo en la obligación de comunicarle este problema grave, y busco (tu) [su] ayuda para resolverlo sin demora","pragmatic appropriateness, paraphrastic flexibility","text editing, metalinguistic reflection"
RWF1_D,./data/processed/exercises/RWF1_D_E02.txt,me veo en la obligación de comunicarle (esto) [este] problema grave,contextual retrieval,cloze
RWF1_D,./data/processed/exercises/RWF1_D_E01.txt,con (respeto) [respecto] a,"contextual retrieval, meaning and sense elaboration","discrete choice, translation, metalinguistic reflection"
CDG1_D,./data/processed/exercises/CDG1_D_E08.txt,(incorperarlo) [incorporarlo] demasiado / (perda) [pierda],paraphrastic flexibility,"text editing, prompted writing"
CDG1_D,./data/processed/exercises/CDG1_D_E02.txt,la uso (solo) [sólo] para encontrar / (comprénsion) [comprensión],conceptual organization,accent marking and read-aloud
CDG1_D,./data/processed/exercises/CDG1_D_E07.txt,me ayuda mucho a buscar (informaciones) [información],productive use of targets,discrete choice
CDG1_D,./data/processed/exercises/CDG1_D_E01.txt,"en la biblioteca, donde debo (ser) [estar] tranquila",productive use of targets,sentence reconstruction
CDG1_D,./data/processed/exercises/CDG1_D_E04.txt,para mi (primero) [primer] Erasmus,productive use of targets,sentence reconstruction
CDG1_D,./data/processed/exercises/CDG1_D_E10.txt,la satisfacción puede (venir) [alcanzarse] cuando,collocational control,discrete choice
CDG1_D,./data/processed/exercises/CDG1_D_E09.txt,"depende mucho de la situación en la que soy (evaluado) [evaluada] / mudarse con (nosotros) [nosotras], mi hermana y yo",pragmatic appropriateness,"text editing, metalinguistic reflection"
CDG1_D,./data/processed/exercises/CDG1_D_E11.txt,depende mucho de la situación en la que (estoy) [soy] evaluada,meaning and sense elaboration,"matching, prompted writing"
CDG1_D,./data/processed/exercises/CDG1_D_E03.txt,para (mi) [mí],"meaning and sense elaboration, productive use of targets","matching, prompted writing"
CDG1_D,./data/processed/exercises/CDG1_D_E12.txt,(eso) [esto] refleja el énfasis,contextual retrieval,cloze
CDG1_D,./data/processed/exercises/CDG1_D_E13.txt,aplicar este conocimiento (en) [a] situaciones reales / resulte (a) [en],productive use of targets,discrete choice
CDG1_D,./data/processed/exercises/CDG1_D_E14.txt,como (resulto) [resultado],productive use of targets,discrete choice
CDG1_D,./data/processed/exercises/CDG1_D_E05.txt,"(para) [en] mi primer Erasmus, fui a","contextual retrieval, meaning and sense elaboration","cloze, translation"
CDG1_D,./data/processed/exercises/CDG1_D_E06.txt,que también resulte en ya no ser creativo (su) [por sí] mismo,paraphrastic flexibility,text editing
CDG1_D,./data/processed/exercises/CDG1_D_E15.txt,un electrodoméstico que (se encontraba) [estaba] defectuoso,contextual retrieval,"discrete choice, metalinguistic reflection"
ROG1_D,./data/processed/exercises/ROG1_D_E02.txt,a través de (la ingesta) [el consumo] de medios de comunicación,collocational control,discrete choice
ROG1_D,./data/processed/exercises/ROG1_D_E06.txt,(el idioma de destino) [la lengua meta],"pragmatic appropriateness, meaning and sense elaboration","vocabulary extraction and list creation, translation"
ROG1_D,./data/processed/exercises/ROG1_D_E04.txt,en la universidad (en) [de] Inglaterra,contextual retrieval,discrete choice
ROG1_D,./data/processed/exercises/ROG1_D_E15.txt,(la emoción con la) [las emociones con las] que más asocio la evaluación (es) [son] la lucha y la dificultad,productive use of targets,discrete choice
ROG1_D,./data/processed/exercises/ROG1_D_E01.txt,los profesores califican a los alumnos con (esquemas de calificación) [rúbricas de evaluación],"productive use of targets, meaning and sense elaboration","matching, metalinguistic reflection, prompted writing"
ROG1_D,./data/processed/exercises/ROG1_D_E05.txt,hay un gran valor que se puede (tomar) [sacar] de los alumnos que se evalúan entre sí,"conceptual organization, meaning and sense elaboration","paradigmatic systematization, translation"
ROG1_D,./data/processed/exercises/ROG1_D_E12.txt,(concesión) [asignación] de notas,collocational control,matching
ROG1_D,./data/processed/exercises/ROG1_D_E13.txt,para el español ya hay (muchos lugares de confianza a los) [muchas fuentes fiables a las] que acudir,contextual retrieval,"discrete choice, metalinguistic reflection"
ROG1_D,./data/processed/exercises/ROG1_D_E03.txt,en la misma cadena (de) [que] mi hermano,contextual retrieval,cloze
ROG1_D,./data/processed/exercises/ROG1_D_E14.txt,el (desagradable) [maldito] estafador,meaning and sense elaboration,"matching, metalinguistic reflection"
ROG1_D,./data/processed/exercises/ROG1_D_E09.txt,tanto a gran (escala) como a pequeña escala,paraphrastic flexibility,"text editing, metalinguistic reflection"
ROG1_D,./data/processed/exercises/ROG1_D_E08.txt,que en parar [a] los verdaderos criminales,contextual retrieval,discrete choice
ROG1_D,./data/processed/exercises/ROG1_D_E11.txt,el fútbol es un deporte (para el trabajador) [obrero],conceptual organization,paradigmatic systematization
ROG1_D,./data/processed/exercises/ROG1_D_E07.txt,(esta táctica clandestina de aumento de precios) [este aumento encubierto de precios] es una estafa en sí misma,"meaning and sense elaboration, productive use of targets","translation, prompted writing"
ROG1_D,./data/processed/exercises/ROG1_D_E10.txt,entradas (a) [por] la mitad del precio que vi en Internet / evaluar es reflexionar y descifrar (sobre) algo / (con) [para] el español ya hay muchas fuentes fiables,productive use of targets,discrete choice
RPG1_D,./data/processed/exercises/RPG1_D_E05.txt,los profesores a menudo evalúan el trabajo de sus alumnos (por leer) [leyendo] sus ideas,"meaning and sense elaboration, productive use of targets","translation, prompted writing"
RPG1_D,./data/processed/exercises/RPG1_D_E07.txt,la gente [se] puede evaluar a sí misma,meaning and sense elaboration,"metalinguistic reflection, prompted writing"
RPG1_D,./data/processed/exercises/RPG1_D_E15.txt,y te preguntas (por que) [por qué] la gente tiene miedo de alquilar,meaning and sense elaboration,"metalinguistic reflection, prompted writing, translation"
RPG1_D,./data/processed/exercises/RPG1_D_E02.txt,"no solo esto, sino que también me llamaron incompetente y (descuidado) [descuidada] / la gente se puede evaluar a sí (mismo) [misma]",pragmatic appropriateness,"text editing, metalinguistic reflection"
RPG1_D,./data/processed/exercises/RPG1_D_E04.txt,me dio consejos que implementé en mi (próximo) [siguiente] proyecto,meaning and sense elaboration,"metalinguistic reflection, prompted writing"
RPG1_D,./data/processed/exercises/RPG1_D_E03.txt,cuando (llegue) [llegué] / a (si) [sí] misma / y me (pregunto) [preguntó],"meaning and sense elaboration, productive use of targets","matching, prompted writing"
RPG1_D,./data/processed/exercises/RPG1_D_E08.txt,"a partir de (este) [ese] momento, todo salió mal",paraphrastic flexibility,text editing
RPG1_D,./data/processed/exercises/RPG1_D_E06.txt,para (mostrar) [garantizar mi] compromiso,collocational control,discrete choice
RPG1_D,./data/processed/exercises/RPG1_D_E12.txt,me recibieron sin remordimiento ni (simpatía) [compasión],productive use of targets,discrete choice
RPG1_D,./data/processed/exercises/RPG1_D_E13.txt,uno de mis compañeros de piso tenía 40 (anos) [años],meaning and sense elaboration,translation
RPG1_D,./data/processed/exercises/RPG1_D_E11.txt,ya me sentía estresada al estar tan lejos de (caso) [casa],contextual retrieval,"discrete choice, metalinguistic reflection, prompted writing"
RPG1_D,./data/processed/exercises/RPG1_D_E09.txt,al entrar [en] el piso,productive use of targets,discrete choice
RPG1_D,./data/processed/exercises/RPG1_D_E10.txt,tenía muchas ganas de (alojarme) [instalarme] en un hermoso apartamento,"meaning and sense elaboration, contextual retrieval","matching, cloze"
RPG1_D,./data/processed/exercises/RPG1_D_E14.txt,aunque yo (suporté) [experimenté] todo lo contrario,conceptual organization,metalinguistic reflection
RPG1_D,./data/processed/exercises/RPG1_D_E01.txt,escogí su agencia porque encontré (tantas) [muchas] críticas positivas,productive use of targets,discrete choice
RKG1_D,./data/processed/exercises/RKG1_D_E15.txt,un nivel de español que me (deje) [permita] tener conversaciones con hablantes nativos,"meaning and sense elaboration, contextual retrieval","matching, cloze"
RKG1_D,./data/processed/exercises/RKG1_D_E13.txt,el nombre de mi (carrera) [grado] es,meaning and sense elaboration,matching
RKG1_D,./data/processed/exercises/RKG1_D_E14.txt,resolver este asunto lo (más) antes posible,contextual retrieval,discrete choice
RKG1_D,./data/processed/exercises/RKG1_D_E05.txt,les (insisto) [insto] a resolver este asunto,"collocational control, productive use of targets","syntagmatic systematization, prompted writing"
RKG1_D,./data/processed/exercises/RKG1_D_E11.txt,ponerme en contacto con (los que trabajan en Etsy de verdad) [los verdaderos empleados de Etsy],"meaning and sense elaboration, productive use of targets","translation, prompted writing"
RKG1_D,./data/processed/exercises/RKG1_D_E12.txt,(tres cientos) [trescientos],paraphrastic flexibility,"text editing, prompted writing"
RKG1_D,./data/processed/exercises/RKG1_D_E08.txt,Aquí en la Pompeu estudio los idiomas (Español) [español] y (Catalán) [catalán] / el día 7 de (Octubre) [octubre],productive use of targets,discrete choice
RKG1_D,./data/processed/exercises/RKG1_D_E02.txt,al que me envió un (link) [enlace] / un ejemplo es (el 'peer review') [la revisión por pares],paraphrastic flexibility,text editing
RKG1_D,./data/processed/exercises/RKG1_D_E01.txt,unos (detalles) [datos] personales,productive use of targets,discrete choice
RKG1_D,./data/processed/exercises/RKG1_D_E10.txt,(unas) [unos] detalles,conceptual organization,cloze
RKG1_D,./data/processed/exercises/RKG1_D_E07.txt,un cliente mío me (contacto) [contactó] / me (informo) [informó],"meaning and sense elaboration, productive use of targets","matching, prompted writing"
RKG1_D,./data/processed/exercises/RKG1_D_E09.txt,dependencia (en el) [del] uso de la inteligencia artificial,productive use of targets,discrete choice
RKG1_D,./data/processed/exercises/RKG1_D_E03.txt,espero poder comprender las respuestas más (rápida) [rápidamente],productive use of targets,discrete choice
RKG1_D,./data/processed/exercises/RKG1_D_E06.txt,me ocurrió mientras (usaba) [navegaba por] el sitio web Etsy,"pragmatic appropriateness, meaning and sense elaboration","vocabulary extraction and list creation, translation"
RKG1_D,./data/processed/exercises/RKG1_D_E04.txt,con (respeto) [respecto] a,"contextual retrieval, meaning and sense elaboration","discrete choice, translation, metalinguistic reflection"
ABJ1_D,./data/processed/exercises/ABJ1_D_E03.txt,toco la flauta desde (hace) [que] tengo ocho años,productive use of targets,"discrete choice, prompted writing"
ABJ1_D,./data/processed/exercises/ABJ1_D_E02.txt,(aerobics) [aeróbic],paraphrastic flexibility,text editing
ABJ1_D,./data/processed/exercises/ABJ1_D_E04.txt,me han ayudado mucho (para) [a] mejorar,productive use of targets,discrete choice
ABJ1_D,./data/processed/exercises/ABJ1_D_E05.txt,los exámenes siempre (están) [son] evaluados por los profesores,meaning and sense elaboration,"matching, prompted writing"
ABJ1_D,./data/processed/exercises/ABJ1_D_E06.txt,en cuanto (en) [a] sus conocimientos lingüísticos,contextual retrieval,cloze
ABJ1_D,./data/processed/exercises/ABJ1_D_E07.txt,ver cómo la persona (se) ha mejorado en cuanto a / también los demás estudiantes [se] pueden evaluar entre ellos,meaning and sense elaboration,"metalinguistic reflection, prompted writing"
ABJ1_D,./data/processed/exercises/ABJ1_D_E08.txt,como ya dije (anterior) [anteriormente],productive use of targets,discrete choice
ABJ1_D,./data/processed/exercises/ABJ1_D_E11.txt,"no es valorar a la persona en sí misma, (pero) [sino] su trabajo",meaning and sense elaboration,metalinguistic reflection
ABJ1_D,./data/processed/exercises/ABJ1_D_E12.txt,no es valorar [a] la persona en sí misma,contextual retrieval,discrete choice
ABJ1_D,./data/processed/exercises/ABJ1_D_E10.txt,para que me (reclamaran) [reembolsaran] el depósito,contextual retrieval,"discrete choice, metalinguistic reflection"
ABJ1_D,./data/processed/exercises/ABJ1_D_E01.txt,porque tenía la (oportunidad) [opción] de escribirles,"productive use of targets, meaning and sense elaboration","matching, metalinguistic reflection, prompted writing"
ABJ1_D,./data/processed/exercises/ABJ1_D_E09.txt,y (yo) siempre dije que había pagado,"paraphrastic flexibility, meaning and sense elaboration, productive use of targets","text editing, metalinguistic reflection"
ABJ1_D,./data/processed/exercises/ABJ1_D_E13.txt,(escribí mucho con ellos) [les escribí mucho],"meaning and sense elaboration, productive use of targets","translation, prompted writing"
ABJ1_D,./data/processed/exercises/ABJ1_D_E14.txt,la (agencia de alquiler) [agencia inmobiliaria],"pragmatic appropriateness, meaning and sense elaboration","vocabulary extraction and list creation, translation"
ABJ1_D,./data/processed/exercises/ABJ1_D_E15.txt,(cuáles) [qué] problemas tuve con la agencia,contextual retrieval,"discrete choice, metalinguistic reflection"
CPJ1_D,./data/processed/exercises/CPJ1_D_E10.txt,creo que será más (esencial) [útil] que lo que aprendí en China,"conceptual organization, paraphrastic flexibility","paradigmatic systematization, text editing"
CPJ1_D,./data/processed/exercises/CPJ1_D_E11.txt,intentaré (a) absorber completamente el contenido enseñado,"collocational control, productive use of targets","syntagmatic systematization, prompted writing"
CPJ1_D,./data/processed/exercises/CPJ1_D_E01.txt,también quiero (cultivar mi poder) [mejorar mi capacidad] de comunicarme con los demás,"meaning and sense elaboration, productive use of targets","translation, prompted writing"
CPJ1_D,./data/processed/exercises/CPJ1_D_E03.txt,he obtenido el (DELE B2) certificado [DELE de nivel B2],"meaning and sense elaboration, productive use of targets","metalinguistic reflection, prompted writing"
CPJ1_D,./data/processed/exercises/CPJ1_D_E12.txt,el papel de (recopile y organice cantidades masivas de datos) [recopilador y organizador de cantidades masivas de datos],paraphrastic flexibility,text editing
CPJ1_D,./data/processed/exercises/CPJ1_D_E07.txt,evaluar (la resulta) [los resultados] de la enseñanza,productive use of targets,discrete choice
CPJ1_D,./data/processed/exercises/CPJ1_D_E06.txt,a través de varios exámenes y (quiz) [pruebas],paraphrastic flexibility,text editing
CPJ1_D,./data/processed/exercises/CPJ1_D_E08.txt,evaluar (significa) [es] una herramienta,contextual retrieval,"discrete choice, metalinguistic reflection"
CPJ1_D,./data/processed/exercises/CPJ1_D_E13.txt,despegar (normalmente) [como estaba previsto],meaning and sense elaboration,"metalinguistic reflection, prompted writing"
CPJ1_D,./data/processed/exercises/CPJ1_D_E14.txt,el avión estaba (estropeado) [averiado],collocational control,discrete choice
CPJ1_D,./data/processed/exercises/CPJ1_D_E09.txt,(del) [desde el] número de vuelo (a) [hasta] mi número de DNI,contextual retrieval,cloze
CPJ1_D,./data/processed/exercises/CPJ1_D_E15.txt,(le) confié [en él] profundamente,contextual retrieval,"discrete choice, metalinguistic reflection"
CPJ1_D,./data/processed/exercises/CPJ1_D_E05.txt,con (los) datos (muy) [tan] privados,productive use of targets,discrete choice
CPJ1_D,./data/processed/exercises/CPJ1_D_E04.txt,debido a (un) [una] avería / me envió (una) [un] enlace / capacidades más (avanzados) [avanzadas],conceptual organization,cloze
CPJ1_D,./data/processed/exercises/CPJ1_D_E02.txt,explorar la existencia y la información relacionada (de) [con] cosas que,productive use of targets,discrete choice
RHJ1_D,./data/processed/exercises/RHJ1_D_E15.txt,porque he (llevado) [pasado] el verano entero,contextual retrieval,"discrete choice, metalinguistic reflection"
RHJ1_D,./data/processed/exercises/RHJ1_D_E13.txt,puede (llevar) [conllevar] beneficios / quiero (sacar) [obtener] buenos resultados,collocational control,discrete choice
RHJ1_D,./data/processed/exercises/RHJ1_D_E14.txt,lecturas que me (tardaban) [tardaba] más de una hora,meaning and sense elaboration,"metalinguistic reflection, prompted writing"
RHJ1_D,./data/processed/exercises/RHJ1_D_E11.txt,otros (tipos de coursework) [trabajos prácticos],paraphrastic flexibility,text editing
RHJ1_D,./data/processed/exercises/RHJ1_D_E09.txt,una experiencia de servicio inadecuada (de todas formas) [en todos los aspectos],paraphrastic flexibility,"discrete choice, text editing"
RHJ1_D,./data/processed/exercises/RHJ1_D_E05.txt,un reembolso apropiado (por) [para] una experiencia,meaning and sense elaboration,"metalinguistic reflection, prompted writing"
RHJ1_D,./data/processed/exercises/RHJ1_D_E01.txt,se atreve [a] mentirme sobre la calidad / tardaba más de una hora (para) [en] completar,"collocational control, productive use of targets","syntagmatic systematization, prompted writing"
RHJ1_D,./data/processed/exercises/RHJ1_D_E08.txt,¿En qué universo cree usted que eso es aceptable? ¿Cómo (te atreves) [se atreve] a mentirme?,"pragmatic appropriateness, paraphrastic flexibility","text editing, metalinguistic reflection"
RHJ1_D,./data/processed/exercises/RHJ1_D_E07.txt,en Reino Unido (nuestra tuición) [el precio de nuestra matrícula],productive use of targets,discrete choice
RHJ1_D,./data/processed/exercises/RHJ1_D_E06.txt,me gustaría ganar un poquito más [de] confianza,meaning and sense elaboration,"metalinguistic reflection, prompted writing"
RHJ1_D,./data/processed/exercises/RHJ1_D_E12.txt,trabajar (virtualmente) [en remoto],"meaning and sense elaboration, contextual retrieval","matching, cloze"
RHJ1_D,./data/processed/exercises/RHJ1_D_E02.txt,el día siguiente (yo) tuve que trabajar,"paraphrastic flexibility, meaning and sense elaboration, productive use of targets","text editing, metalinguistic reflection"
RHJ1_D,./data/processed/exercises/RHJ1_D_E10.txt,llegó (una hora entera tarde) [con una hora de retraso],"meaning and sense elaboration, productive use of targets","translation, prompted writing"
RHJ1_D,./data/processed/exercises/RHJ1_D_E03.txt,el tren no (sólo) [solo] llegó a la estación de Guildford / si (alguién) [alguien],conceptual organization,accent marking and read-aloud
RHJ1_D,./data/processed/exercises/RHJ1_D_E04.txt,el 22 de septiembre [de] 2024,"paraphrastic flexibility, productive use of targets","text editing, prompted writing"
BGL1_D,./data/processed/exercises/BGL1_D_E09.txt,la cuenta del (transmisor) [remitente] para después,"pragmatic appropriateness, meaning and sense elaboration","vocabulary extraction and list creation, translation"
BGL1_D,./data/processed/exercises/BGL1_D_E12.txt,no nos robaran (nuestras) [las] maletas,"paraphrastic flexibility, meaning and sense elaboration, productive use of targets","text editing, metalinguistic reflection"
BGL1_D,./data/processed/exercises/BGL1_D_E15.txt,(por) [a] causa de,productive use of targets,discrete choice
BGL1_D,./data/processed/exercises/BGL1_D_E14.txt,los estafadores le (quitaron) [robaron] más dinero,"meaning and sense elaboration, contextual retrieval","matching, cloze"
BGL1_D,./data/processed/exercises/BGL1_D_E01.txt,antes de recibir (este) [ese] cupón / nosotros en (este) [ese] momento ni siquiera,paraphrastic flexibility,text editing
BGL1_D,./data/processed/exercises/BGL1_D_E10.txt,aterrizamos (el) [al] día siguiente,productive use of targets,cloze
BGL1_D,./data/processed/exercises/BGL1_D_E08.txt,que luego copian para (completar) [hacer] sus deberes,collocational control,discrete choice
BGL1_D,./data/processed/exercises/BGL1_D_E07.txt,aprenderla (algunas) [unas] semanas antes de la prueba / en tan solo (algunos) [unos] segundos,contextual retrieval,"cloze, metalinguistic reflection"
BGL1_D,./data/processed/exercises/BGL1_D_E11.txt,"tenemos nuestro gran examen final, (por) [para] el que tenemos que",meaning and sense elaboration,"metalinguistic reflection, prompted writing"
BGL1_D,./data/processed/exercises/BGL1_D_E03.txt,como (todos estos pequeños detalles) [cada pequeño detalle],"meaning and sense elaboration, productive use of targets","translation, prompted writing"
BGL1_D,./data/processed/exercises/BGL1_D_E13.txt,decidió (darle) [enviarle] el dinero,contextual retrieval,cloze
BGL1_D,./data/processed/exercises/BGL1_D_E02.txt,las torres de control (en) [de] Francia,"contextual retrieval, meaning and sense elaboration","cloze, translation"
BGL1_D,./data/processed/exercises/BGL1_D_E04.txt,no entiendo por qué el personal del aeropuerto no nos quería comunicar que (esto) [esta] era la causa,contextual retrieval,cloze
BGL1_D,./data/processed/exercises/BGL1_D_E05.txt,lo único que nos dieron como compensación fue un (voucher) [cupón] para comer,paraphrastic flexibility,text editing
BGL1_D,./data/processed/exercises/BGL1_D_E06.txt,(en el medio de la noche) [en plena noche],conceptual organization,paradigmatic systematization
RCF1_D,./data/processed/exercises/RCF1_D_E01.txt,la calidad de una (casa) [cosa],"productive use of targets, meaning and sense elaboration","matching, prompted writing"
RCF1_D,./data/processed/exercises/RCF1_D_E07.txt,un papel (significante) [significativo] para mí,productive use of targets,discrete choice
RCF1_D,./data/processed/exercises/RCF1_D_E13.txt,(informaciónes) [informaciones] / (evalua) [evalúa],conceptual organization,accent marking and read-aloud
RCF1_D,./data/processed/exercises/RCF1_D_E14.txt,acceso al (sistemo) [sistema] / no debería hacerles (case) [caso] /,paraphrastic flexibility,"text editing, prompted writing"
RCF1_D,./data/processed/exercises/RCF1_D_E15.txt,las instrucciones que le (dijeron) [dieron],collocational control,discrete choice
RCF1_D,./data/processed/exercises/RCF1_D_E03.txt,sobre estas llamadas (estafadoras) [fraudulentas],"meaning and sense elaboration, contextual retrieval","matching, cloze"
RCF1_D,./data/processed/exercises/RCF1_D_E02.txt,es inaceptable que existan estas llamadas y el (siguiente) [consiguiente] robo de datos,contextual retrieval,cloze
RCF1_D,./data/processed/exercises/RCF1_D_E11.txt,queríamos (hacerles conscientes) [informarles] de que estas llamadas existen / mucho ruido (en el trasfondo) [de fondo],"meaning and sense elaboration, productive use of targets","translation, prompted writing"
RCF1_D,./data/processed/exercises/RCF1_D_E12.txt,estamos seguros [de] que / ella escuchó (a) las instrucciones / nos llaman frecuentemente (en el) [al] teléfono de casa,productive use of targets,discrete choice
RCF1_D,./data/processed/exercises/RCF1_D_E04.txt,nosotros (somos) [estamos] seguros de que,productive use of targets,sentence reconstruction
RCF1_D,./data/processed/exercises/RCF1_D_E10.txt,(nosotros) estamos seguros de que,"paraphrastic flexibility, meaning and sense elaboration, productive use of targets","text editing, metalinguistic reflection"
RCF1_D,./data/processed/exercises/RCF1_D_E05.txt,el programa de Microsoft (en) [de] nuestro ordenador,contextual retrieval,discrete choice
RCF1_D,./data/processed/exercises/RCF1_D_E06.txt,(informaciones) [información] como nuestros datos bancarios,productive use of targets,discrete choice
RCF1_D,./data/processed/exercises/RCF1_D_E08.txt,nos llaman (frequentemente) [frecuentemente],contextual retrieval,"cloze, metalinguistic reflection"
RCF1_D,./data/processed/exercises/RCF1_D_E09.txt,equipo de (Microsoft Customer Service) [Servicio de Atención al Cliente de Microsoft],paraphrastic flexibility,text editing
RDL1_D,./data/processed/exercises/RDL1_D_E02.txt,me dirijo a (tu) [ti],paraphrastic flexibility,text editing
RDL1_D,./data/processed/exercises/RDL1_D_E10.txt,"me dirijo a (ti) [usted] / (gracias) [atentamente, ]","pragmatic appropriateness, paraphrastic flexibility","text editing, metalinguistic reflection"
RDL1_D,./data/processed/exercises/RDL1_D_E11.txt,una queja formal relativa (de) [a] estafas y fraudes,productive use of targets,discrete choice
RDL1_D,./data/processed/exercises/RDL1_D_E03.txt,me dirijo [a] ti / las estafas y los fraudes afectan [a] las personas de todo el mundo / atrapar y castigar [a] los estafadores / proteger [a] los consumidores,contextual retrieval,discrete choice
RDL1_D,./data/processed/exercises/RDL1_D_E07.txt,me engañó (uno) [una] tienda (falso) [falsa] en línea / llamadas telefónicas (fraudulentos) [fraudulentas] / combatir (esta) [este] problema creciente,conceptual organization,cloze
RDL1_D,./data/processed/exercises/RDL1_D_E09.txt,"a menudo parecen muy reales y convincentes, [lo] que facilita que la gente caiga en ellas",paraphrastic flexibility,sentence reconstruction
RDL1_D,./data/processed/exercises/RDL1_D_E05.txt,esto no solo causa (perdidas) [pérdidas] económicas / (mas) [más] estrictas,"meaning and sense elaboration, productive use of targets","matching, prompted writing"
RDL1_D,./data/processed/exercises/RDL1_D_E14.txt,(ademas) [además],conceptual organization,accent marking and read-aloud
RDL1_D,./data/processed/exercises/RDL1_D_E06.txt,educar (al público) [a la población] sobre los riesgos,meaning and sense elaboration,metalinguistic reflection
RDL1_D,./data/processed/exercises/RDL1_D_E08.txt,es un (bien) [buen] comienzo,contextual retrieval,"discrete choice, metalinguistic reflection"
RDL1_D,./data/processed/exercises/RDL1_D_E15.txt,puede (estar) dificultar el éxito,"meaning and sense elaboration, productive use of targets","translation, prompted writing"
RDL1_D,./data/processed/exercises/RDL1_D_E12.txt,(pro activo) [proactivo],"conceptual organization, productive use of targets",prompted writing
RDL1_D,./data/processed/exercises/RDL1_D_E01.txt,estaba muy (emocionado) [emocionada] / me sentí (afortunado) [afortunada] / estaba muy (asustado) [asustada],pragmatic appropriateness,"text editing, metalinguistic reflection"
RDL1_D,./data/processed/exercises/RDL1_D_E13.txt,estaba (tan) [muy] asustada mientras buscaba en línea,productive use of targets,discrete choice
RDL1_D,./data/processed/exercises/RDL1_D_E04.txt,estaba muy triste por (haberme) [haber] caído en una estafa,meaning and sense elaboration,"metalinguistic reflection, prompted writing"
ASM1_D,./data/processed/exercises/ASM1_D_E14.txt,el nerviosismo me (dejaba) [hacía] olvidar que tenía que cargar mi portátil,meaning and sense elaboration,"matching, metalinguistic reflection"
ASM1_D,./data/processed/exercises/ASM1_D_E09.txt,y (vine) [fui] con mi madre allí,productive use of targets,"prompted writing, metalinguistic reflection"
ASM1_D,./data/processed/exercises/ASM1_D_E12.txt,alguien me (vendó) [vendió] un billete,"productive use of targets, meaning and sense elaboration","matching, prompted writing"
ASM1_D,./data/processed/exercises/ASM1_D_E15.txt,confío [en] que este problema sea tratado / estaba esperando frente (de) [a] mi portátil / luché [para] encenderlo otra vez,productive use of targets,discrete choice
ASM1_D,./data/processed/exercises/ASM1_D_E06.txt,que solo [se] quieren (provechar) [beneficiar] de las compras,"meaning and sense elaboration, productive use of targets","translation, prompted writing"
ASM1_D,./data/processed/exercises/ASM1_D_E10.txt,(yo) estaba muy triste,"paraphrastic flexibility, meaning and sense elaboration, productive use of targets","text editing, metalinguistic reflection"
ASM1_D,./data/processed/exercises/ASM1_D_E07.txt,estoy harta de (expresas) [empresas] como la suya,contextual retrieval,"discrete choice, metalinguistic reflection"
ASM1_D,./data/processed/exercises/ASM1_D_E11.txt,el portátil [se] apagó,meaning and sense elaboration,"metalinguistic reflection, prompted writing"
ASM1_D,./data/processed/exercises/ASM1_D_E01.txt,(recelo) [desconfío] mucho [de] la veracidad de estas promesas,contextual retrieval,"discrete choice, metalinguistic reflection"
ASM1_D,./data/processed/exercises/ASM1_D_E08.txt,estoy (harto) [harta] de empresas como la suya,pragmatic appropriateness,"text editing, metalinguistic reflection"
ASM1_D,./data/processed/exercises/ASM1_D_E13.txt,me contó que ese billete no era (real) [auténtico],"meaning and sense elaboration, contextual retrieval","matching, cloze"
ASM1_D,./data/processed/exercises/ASM1_D_E05.txt,me contó que (este) [ese] billete no era auténtico,paraphrastic flexibility,text editing
ASM1_D,./data/processed/exercises/ASM1_D_E03.txt,la mujer (en) [de] la entrada,contextual retrieval,discrete choice
ASM1_D,./data/processed/exercises/ASM1_D_E04.txt,mi madre encontró (un livestream) [una transmisión en vivo] en Instagram,paraphrastic flexibility,text editing
ASM1_D,./data/processed/exercises/ASM1_D_E02.txt,con (respeto) [respecto] a,"contextual retrieval, meaning and sense elaboration","discrete choice, translation, metalinguistic reflection"
RHO1_D,./data/processed/exercises/RHO1_D_E13.txt,400 libras de mis (propias finanzas) [propios ahorros],productive use of targets,discrete choice
RHO1_D,./data/processed/exercises/RHO1_D_E12.txt,he perdido más (que) [de] 400 libras,contextual retrieval,discrete choice
RHO1_D,./data/processed/exercises/RHO1_D_E11.txt,(yo) tuviera la peor experiencia de mi vida,"paraphrastic flexibility, meaning and sense elaboration, productive use of targets","text editing, metalinguistic reflection"
RHO1_D,./data/processed/exercises/RHO1_D_E07.txt,es (abominable) [inaceptable] que,conceptual organization,metalinguistic reflection
RHO1_D,./data/processed/exercises/RHO1_D_E02.txt,recibir comentarios condescendientes y muy poco comprensivos (de) [por parte de] su centro de atención telefónica,contextual retrieval,cloze
RHO1_D,./data/processed/exercises/RHO1_D_E08.txt,expliqué mi experiencia (sólo) [solo] para recibir comentarios,conceptual organization,accent marking and read-aloud
RHO1_D,./data/processed/exercises/RHO1_D_E01.txt,aseguró mi cuenta (por congelarla) [congelándola],"meaning and sense elaboration, productive use of targets","translation, metalinguistic reflection"
RHO1_D,./data/processed/exercises/RHO1_D_E05.txt,después de unas largas horas de (lucha) [esfuerzo],"meaning and sense elaboration, productive use of targets","matching, metalinguistic reflection"
RHO1_D,./data/processed/exercises/RHO1_D_E04.txt,a pesar de que el (banquero) [asesor bancario] no tuvo éxito,"pragmatic appropriateness, meaning and sense elaboration","vocabulary extraction and list creation, translation"
RHO1_D,./data/processed/exercises/RHO1_D_E09.txt,(¿Seguramente usted puede estar de acuerdo con el hecho de que esto no es aceptable?) [Estará de acuerdo en que esto es inaceptable],"meaning and sense elaboration, productive use of targets","translation, prompted writing"
RHO1_D,./data/processed/exercises/RHO1_D_E10.txt,podía acceder [a] mis datos personales,"collocational control, productive use of targets","syntagmatic systematization, prompted writing"
RHO1_D,./data/processed/exercises/RHO1_D_E06.txt,contemplando (como) [cómo] alguien,"meaning and sense elaboration, productive use of targets","matching, prompted writing"
RHO1_D,./data/processed/exercises/RHO1_D_E15.txt,es importante llamar su atención (a) [sobre] la necesidad de proteger a sus clientes / me alertó [de] que alguien,productive use of targets,discrete choice
RHO1_D,./data/processed/exercises/RHO1_D_E03.txt,una compra (de) [en] la plataforma digital,contextual retrieval,discrete choice
RHO1_D,./data/processed/exercises/RHO1_D_E14.txt,tuviera la peor experiencia [de mi vida],"paraphrastic flexibility, meaning and sense elaboration, productive use of targets","text editing, metalinguistic reflection"
CCQ1_D,./data/processed/exercises/CCQ1_D_E03.txt,la chica (recogió) [se quedó] el dinero,"meaning and sense elaboration, productive use of targets","translation, prompted writing"
CCQ1_D,./data/processed/exercises/CCQ1_D_E01.txt,para (atraerla a) [convencerla de] transferir el dinero,"meaning and sense elaboration, productive use of targets","matching, metalinguistic reflection"
CCQ1_D,./data/processed/exercises/CCQ1_D_E15.txt,que me causaron durante (mi) [el] viaje,"paraphrastic flexibility, meaning and sense elaboration, productive use of targets","text editing, metalinguistic reflection"
CCQ1_D,./data/processed/exercises/CCQ1_D_E14.txt,las molestias y (las inconveniencias) [los inconvenientes],productive use of targets,"prompted writing, metalinguistic reflection"
CCQ1_D,./data/processed/exercises/CCQ1_D_E13.txt,para (recuperar) [compensar] las molestias,"meaning and sense elaboration, contextual retrieval","matching, cloze"
CCQ1_D,./data/processed/exercises/CCQ1_D_E09.txt,pagado junto con una (recompensa) [indemnización] de 500 euros,meaning and sense elaboration,"matching, metalinguistic reflection"
CCQ1_D,./data/processed/exercises/CCQ1_D_E08.txt,exijo una compensación (correctiva) [económica],collocational control,discrete choice
CCQ1_D,./data/processed/exercises/CCQ1_D_E12.txt,exijo una compensación correctiva (y) [e] inmediata,contextual retrieval,cloze
CCQ1_D,./data/processed/exercises/CCQ1_D_E11.txt,se desentendió totalmente de nuestra (circunstancia) [situación],contextual retrieval,discrete choice
CCQ1_D,./data/processed/exercises/CCQ1_D_E05.txt,su agente se (desatendió) [desentendió] totalmente,contextual retrieval,"discrete choice, metalinguistic reflection"
CCQ1_D,./data/processed/exercises/CCQ1_D_E02.txt,"(de acuerdo con) [ante] semejante situación, les llamé inmediatamente",contextual retrieval,cloze
CCQ1_D,./data/processed/exercises/CCQ1_D_E07.txt,que la habitación (fuera) [estuviera] tan desordenada y sucia,productive use of targets,sentence reconstruction
CCQ1_D,./data/processed/exercises/CCQ1_D_E06.txt,la habitación no [se] correspondía con las fotos en ningún aspecto,meaning and sense elaboration,"metalinguistic reflection, prompted writing"
CCQ1_D,./data/processed/exercises/CCQ1_D_E04.txt,cerca de (las costas) [la costa],productive use of targets,discrete choice
CCQ1_D,./data/processed/exercises/CCQ1_D_E10.txt,(debiá) [debía] ser / que se (sitúaba) [situaba],conceptual organization,accent marking and read-aloud
AWA1_D,./data/processed/exercises/AWA1_D_E13.txt,a su número [de] teléfono,"pragmatic appropriateness, meaning and sense elaboration","vocabulary extraction and list creation, translation"
AWA1_D,./data/processed/exercises/AWA1_D_E14.txt,no tuvo tanta (suerto) [suerte],"paraphrastic flexibility, productive use of targets","text editing, prompted writing"
AWA1_D,./data/processed/exercises/AWA1_D_E08.txt,no tuvo (tan) [tanta] suerte,contextual retrieval,cloze
AWA1_D,./data/processed/exercises/AWA1_D_E07.txt,hasta ahora (estaba) [era] fácil para mí,productive use of targets,sentence reconstruction
AWA1_D,./data/processed/exercises/AWA1_D_E12.txt,uno de (estes) [estos] mensajes,contextual retrieval,cloze
AWA1_D,./data/processed/exercises/AWA1_D_E03.txt,con el (envió) [envío] / (mi) [mí],"meaning and sense elaboration, productive use of targets","matching, prompted writing"
AWA1_D,./data/processed/exercises/AWA1_D_E11.txt,espero una solución rápida (de) [a] esta situación / el pago realizado (de) [por] la renta / lo descargó (a) [en] su móvil,productive use of targets,discrete choice
AWA1_D,./data/processed/exercises/AWA1_D_E10.txt,me (presentó) [mostró] una lista,collocational control,discrete choice
AWA1_D,./data/processed/exercises/AWA1_D_E09.txt,la vivienda no está [para] nada en el mismo estado que en las fotos,"meaning and sense elaboration, productive use of targets","translation, prompted writing"
AWA1_D,./data/processed/exercises/AWA1_D_E01.txt,(se) falta la mitad del inventario,meaning and sense elaboration,"metalinguistic reflection, prompted writing"
AWA1_D,./data/processed/exercises/AWA1_D_E02.txt,(pagina) [página] web / (ningun) [ningún] / (facíl) [fácil],conceptual organization,accent marking and read-aloud
AWA1_D,./data/processed/exercises/AWA1_D_E15.txt,me dijo que debería firmarla para recibir las (claves) [llaves],contextual retrieval,"discrete choice, metalinguistic reflection"
AWA1_D,./data/processed/exercises/AWA1_D_E04.txt,el día 6 de (Septiembre) [septiembre] de 2024,"paraphrastic flexibility, productive use of targets","text editing, prompted writing"
AWA1_D,./data/processed/exercises/AWA1_D_E05.txt,cuando firmé el contrato para (dicho) [dicha] vivienda / (varias) [varios] mensajes / (algunas) [algunos] problemas / (una) [un] programa malicioso,conceptual organization,cloze
AWA1_D,./data/processed/exercises/AWA1_D_E06.txt,con respecto a la vivienda (en) [de] la C/ Valencia,contextual retrieval,discrete choice
RRS1_D,./data/processed/exercises/RRS1_D_E10.txt,y comencé a (llenar) [rellenar] el formulario,collocational control,discrete choice
RRS1_D,./data/processed/exercises/RRS1_D_E09.txt,al (darme) [dar] cuenta de lo sucedido a mi madre,contextual retrieval,"discrete choice, metalinguistic reflection"
RRS1_D,./data/processed/exercises/RRS1_D_E04.txt,y siempre me (ha) [han] apasionado el idioma y la cultura / mi amor por la lengua y la cultura (hispanohablante) [hispanohablantes],productive use of targets,discrete choice
RRS1_D,./data/processed/exercises/RRS1_D_E13.txt,perfeccionar (mi capacidad) [mis habilidades] de expresión oral y escrita,"meaning and sense elaboration, contextual retrieval","matching, cloze, metalinguistic reflection"
RRS1_D,./data/processed/exercises/RRS1_D_E12.txt,obtener nuevas perspectivas (en) [sobre] temas complejos,productive use of targets,discrete choice
RRS1_D,./data/processed/exercises/RRS1_D_E01.txt,la evaluación también permite (ajustar) [adaptar] los métodos de enseñanza,"meaning and sense elaboration, contextual retrieval","matching, cloze"
RRS1_D,./data/processed/exercises/RRS1_D_E03.txt,evaluación entre (compañeros) [pares],"pragmatic appropriateness, meaning and sense elaboration","vocabulary extraction and list creation, translation"
RRS1_D,./data/processed/exercises/RRS1_D_E11.txt,fui víctima de una estafa por [culpa de] alguien que se hizo pasar por,contextual retrieval,cloze
RRS1_D,./data/processed/exercises/RRS1_D_E05.txt,(ella) me alertó sobre la posibilidad,"paraphrastic flexibility, meaning and sense elaboration, productive use of targets","text editing, metalinguistic reflection"
RRS1_D,./data/processed/exercises/RRS1_D_E14.txt,para evitar (mayores) [grandes] perjuicios,"paraphrastic flexibility, productive use of targets","text editing, metalinguistic reflection"
RRS1_D,./data/processed/exercises/RRS1_D_E08.txt,considero inaceptable que personas (inescrupulosas) [sin escrúpulos],conceptual organization,metalinguistic reflection
RRS1_D,./data/processed/exercises/RRS1_D_E15.txt,(avísame) [dime] si ahora funciona correctamente,meaning and sense elaboration,"metalinguistic reflection, prompted writing"
RRS1_D,./data/processed/exercises/RRS1_D_E06.txt,cómo afecta [a] las emociones,"collocational control, productive use of targets","syntagmatic systematization, prompted writing"
RRS1_D,./data/processed/exercises/RRS1_D_E07.txt,un lector crítico [se] asegura [de formarse] opiniones informadas,"meaning and sense elaboration, productive use of targets","translation, prompted writing"
RRS1_D,./data/processed/exercises/RRS1_D_E02.txt,consciente de (las) [posibles] influencias y (manipulación que puede haber) [manipulaciones],conceptual organization,paradigmatic systematization
CAY1_J,./data/processed/exercises/CAY1_J_E12.txt,(era) [estaba] muy sorprendido,productive use of targets,sentence reconstruction
CAY1_J,./data/processed/exercises/CAY1_J_E03.txt,durante el principio del (més) [mes] de septiembre / y (llégamos) [llegamos] / estudie (aqui) [aquí] / me (dí) [di] cuenta,conceptual organization,accent marking and read-aloud
CAY1_J,./data/processed/exercises/CAY1_J_E07.txt,llegué (en) [a] la ciudad para mi intercambio / y llegamos (en) [a] mi residencia estudiantil / me di cuenta del hecho [de] que somos / la misma región (en) [de] Costa de Marfil / empecé (de) [a] hablar con mi novio,productive use of targets,discrete choice
CAY1_J,./data/processed/exercises/CAY1_J_E04.txt,empezamos a visitar cada parte del (building) [edificio] / hasta que llegamos (al cinema room) [a la sala de cine] de la residencia,paraphrastic flexibility,text editing
CAY1_J,./data/processed/exercises/CAY1_J_E09.txt,estaba muy feliz y (tanto) [tan] sorprendido que,contextual retrieval,cloze
CAY1_J,./data/processed/exercises/CAY1_J_E13.txt,"empezamos a hablar con (el) [él] / para (mi) [mí], era obligatorio","meaning and sense elaboration, productive use of targets","matching, prompted writing"
CAY1_J,./data/processed/exercises/CAY1_J_E05.txt,al (fin) [final] de la conversación,"paraphrastic flexibility, productive use of targets","text editing, prompted writing"
CAY1_J,./data/processed/exercises/CAY1_J_E08.txt,(el) [la] residencia / (esta encuentra) [este encuentro],conceptual organization,cloze
CAY1_J,./data/processed/exercises/CAY1_J_E06.txt,estaba muy sorprendido (porqué) [porque] pensaba que,meaning and sense elaboration,"metalinguistic reflection, prompted writing, translation"
CAY1_J,./data/processed/exercises/CAY1_J_E15.txt,"José no era español, (pero) [sino] africano",meaning and sense elaboration,metalinguistic reflection
CAY1_J,./data/processed/exercises/CAY1_J_E11.txt,estudia aquí desde [hace] 7 años,productive use of targets,"discrete choice, prompted writing"
CAY1_J,./data/processed/exercises/CAY1_J_E10.txt,me encantó (tanto mucho) este encuentro,paraphrastic flexibility,text editing
CAY1_J,./data/processed/exercises/CAY1_J_E14.txt,estuvimos hablando de este (facto) [hecho],productive use of targets,discrete choice
CAY1_J,./data/processed/exercises/CAY1_J_E01.txt,le pregunté sobre su (real) [verdadera] nacionalidad,"meaning and sense elaboration, contextual retrieval","matching, cloze"
CAY1_J,./data/processed/exercises/CAY1_J_E02.txt,(un) otro marfileño aquí / (una) otra vez / encontrar (un) otro africano aquí,contextual retrieval,cloze
CBH1_J,./data/processed/exercises/CBH1_J_E14.txt,(debí) [tuve que] pedírsela al carnicero,"contextual retrieval, productive use of targets","cloze, prompted writing"
CBH1_J,./data/processed/exercises/CBH1_J_E05.txt,lo que fue más (dificil) [difícil] / (milimetros) [milímetros] / de la (ceremonía) [ceremonia] de la mayoría de edad,conceptual organization,accent marking and read-aloud
CBH1_J,./data/processed/exercises/CBH1_J_E15.txt,(la comida alma) [el plato nacional] de los coreanos,"meaning and sense elaboration, productive use of targets","translation, prompted writing"
CBH1_J,./data/processed/exercises/CBH1_J_E13.txt,he (hacido) [hecho] muchas comidas / (debé) [debí] / mi llegada a Pamplona fue (la empezación) [el principio],paraphrastic flexibility,"text editing, prompted writing"
CBH1_J,./data/processed/exercises/CBH1_J_E09.txt,por (este) [estos] dos meses,contextual retrieval,cloze
CBH1_J,./data/processed/exercises/CBH1_J_E12.txt,"(porque) [como] no le pude explicar mi deseo exactamente, nada",productive use of targets,sentence reconstruction
CBH1_J,./data/processed/exercises/CBH1_J_E03.txt,debo cocinarlo por (mi) [mí] mismo,"meaning and sense elaboration, productive use of targets","matching, prompted writing"
CBH1_J,./data/processed/exercises/CBH1_J_E08.txt,cenar en (una) [un] restaurante no era tan (barata) [barato] / fue (un) [una] actividad muy (duro) [dura] / y con eso empezó la (segundo) [segunda] parte de mi crecimiento,conceptual organization,cloze
CBH1_J,./data/processed/exercises/CBH1_J_E11.txt,estoy aprendiendo muchas cosas cada día y (creciéndome) [creciendo] poco a poco / yo [me] decidí a hacer bulgogi,meaning and sense elaboration,"metalinguistic reflection, prompted writing"
CBH1_J,./data/processed/exercises/CBH1_J_E10.txt,desde que llegué aquí [a] Pamplona / empezar [a] cocinar / si quiero (a) comer,productive use of targets,discrete choice
CBH1_J,./data/processed/exercises/CBH1_J_E07.txt,pero desde [que] llegué aquí,productive use of targets,"discrete choice, prompted writing"
CBH1_J,./data/processed/exercises/CBH1_J_E02.txt,y como un soldado (yo) aprendí mucho sobre la vida,"paraphrastic flexibility, meaning and sense elaboration, productive use of targets","text editing, metalinguistic reflection"
CBH1_J,./data/processed/exercises/CBH1_J_E04.txt,finalicé el servicio (militario) [militar] / esta situación me hizo cocinero de (quisina) [cocina] coreana,"meaning and sense elaboration, collocational control","metalinguistic reflection, paradigmatic systematization, prompted writing"
CBH1_J,./data/processed/exercises/CBH1_J_E06.txt,gané más y más (confidencia) [confianza] para comunicarme,productive use of targets,discrete choice
CBH1_J,./data/processed/exercises/CBH1_J_E01.txt,(obtuve) [gané] más y más confianza,collocational control,discrete choice
EBM1_J,./data/processed/exercises/EBM1_J_E02.txt,fines de (semanas) [semana],contextual retrieval,cloze
EBM1_J,./data/processed/exercises/EBM1_J_E01.txt,todos los supermercados de Carrefour (son) [están] cerrados / esta tienda (está) [es] especial,productive use of targets,sentence reconstruction
EBM1_J,./data/processed/exercises/EBM1_J_E14.txt,"el (próximo) domingo [siguiente], pensé que",meaning and sense elaboration,"metalinguistic reflection, prompted writing"
EBM1_J,./data/processed/exercises/EBM1_J_E09.txt,"(fortunamente, ) [afortunadamente, ]",paraphrastic flexibility,"text editing, prompted writing"
EBM1_J,./data/processed/exercises/EBM1_J_E13.txt,era (un día libre) [festivo] en todo el país,conceptual organization,paradigmatic systematization
EBM1_J,./data/processed/exercises/EBM1_J_E12.txt,pero (yo) pensé / (yo) sé que es muy extraño / (yo) sabía que tenía razón,"paraphrastic flexibility, meaning and sense elaboration, productive use of targets","text editing, metalinguistic reflection"
EBM1_J,./data/processed/exercises/EBM1_J_E11.txt,mi cerebro (terminó) [dejó de] funcionar,"meaning and sense elaboration, contextual retrieval","matching, cloze"
EBM1_J,./data/processed/exercises/EBM1_J_E06.txt,no sé (por que) [por qué],meaning and sense elaboration,"metalinguistic reflection, prompted writing, translation"
EBM1_J,./data/processed/exercises/EBM1_J_E03.txt,mi primer (culture shock) [choque cultural],paraphrastic flexibility,text editing
EBM1_J,./data/processed/exercises/EBM1_J_E04.txt,(en mañana en domingo) [el domingo por la mañana],productive use of targets,cloze
EBM1_J,./data/processed/exercises/EBM1_J_E07.txt,una [buena] idea (buena) / mi (primero) [primer] choque cultural,productive use of targets,sentence reconstruction
EBM1_J,./data/processed/exercises/EBM1_J_E08.txt,(proxima) [próxima] / (normál) [normal] / (ví) [ví],conceptual organization,accent marking and read-aloud
EBM1_J,./data/processed/exercises/EBM1_J_E10.txt,llegué (en) [a] Pamplona / próxima (de) [a] mi piso,productive use of targets,discrete choice
EBM1_J,./data/processed/exercises/EBM1_J_E15.txt,(llegé) [llegué],contextual retrieval,"cloze, metalinguistic reflection"
EBM1_J,./data/processed/exercises/EBM1_J_E05.txt,primera vez (cuándo) [cuando] fui a hacer / no puedo explicar (que) [qué] pasó después,"meaning and sense elaboration, productive use of targets","matching, prompted writing"
KCP1_J,./data/processed/exercises/KCP1_J_E10.txt,(el) [la] Pascua / (el) [la] fiesta / (cortos) [cortas] frases / (la) [el] acento / (el) [la] estatua / (los) [las] canciones,conceptual organization,cloze
KCP1_J,./data/processed/exercises/KCP1_J_E15.txt,es una (grande) [gran] fiesta,productive use of targets,sentence reconstruction
KCP1_J,./data/processed/exercises/KCP1_J_E03.txt,una gran fiesta (en) [de] la Iglesia Católica / la gente (en) [de] Almería,contextual retrieval,discrete choice
KCP1_J,./data/processed/exercises/KCP1_J_E12.txt,(Catolica) [Católica] / (Almeria) [Almería] / (Cordoba) [Córdoba] / (jovenes) [jóvenes] / (dias) [días] / (Maria) [María] / (musica) [música] / (asístir) [asistir],conceptual organization,accent marking and read-aloud
KCP1_J,./data/processed/exercises/KCP1_J_E14.txt,oportunidad (para) [de] celebrar / viniendo (en) [a] nuestra casa / llegué (en) [a] Pamplona,productive use of targets,discrete choice
KCP1_J,./data/processed/exercises/KCP1_J_E08.txt,(hasta cuando) [desde que] llegué a Pamplona,productive use of targets,"discrete choice, prompted writing"
KCP1_J,./data/processed/exercises/KCP1_J_E06.txt,en (medio) [plena] noche,conceptual organization,paradigmatic systematization
KCP1_J,./data/processed/exercises/KCP1_J_E11.txt,tenían (sola) [solo] una alternativa,meaning and sense elaboration,"metalinguistic reflection, prompted writing"
KCP1_J,./data/processed/exercises/KCP1_J_E09.txt,descubrí más (que) [de] dos cosas que nunca olvidaré,contextual retrieval,discrete choice
KCP1_J,./data/processed/exercises/KCP1_J_E13.txt,(proceciones) [procesiones] / (astatue) [estatua],paraphrastic flexibility,"text editing, prompted writing"
KCP1_J,./data/processed/exercises/KCP1_J_E07.txt,la gente de Almería (son muy amables) [es muy amable] / la gente (llevaban) [llevaba] ropas negras,paraphrastic flexibility,text editing
KCP1_J,./data/processed/exercises/KCP1_J_E02.txt,y yo [no] entiendo nada,"meaning and sense elaboration, productive use of targets","translation, prompted writing"
KCP1_J,./data/processed/exercises/KCP1_J_E01.txt,yo (luchando) [esforzándome] para aprender mejor,"meaning and sense elaboration, productive use of targets","matching, metalinguistic reflection"
KCP1_J,./data/processed/exercises/KCP1_J_E04.txt,(Almerienses) [almerienses],productive use of targets,discrete choice
KCP1_J,./data/processed/exercises/KCP1_J_E05.txt,(tenia) [tenía] una idea,"meaning and sense elaboration, productive use of targets","matching, prompted writing"
FLJ1_J,./data/processed/exercises/FLJ1_J_E09.txt,(salíamos) [íbamos] a la discoteca,contextual retrieval,"discrete choice, metalinguistic reflection"
FLJ1_J,./data/processed/exercises/FLJ1_J_E11.txt,(llova) [llovía] / (quira) [quería],paraphrastic flexibility,"text editing, prompted writing"
FLJ1_J,./data/processed/exercises/FLJ1_J_E08.txt,era muy (pequeño) [bajito] y también bastante tranquilo,"meaning and sense elaboration, contextual retrieval","matching, cloze"
FLJ1_J,./data/processed/exercises/FLJ1_J_E07.txt,y nos (han encontrado) [hemos dado cuenta de] que éramos compañeros,paraphrastic flexibility,text editing
FLJ1_J,./data/processed/exercises/FLJ1_J_E03.txt,y he visto [a] un hombre / encontrar [a] mi amigo,contextual retrieval,discrete choice
FLJ1_J,./data/processed/exercises/FLJ1_J_E14.txt,el (echo) [hecho] de encontrar / y también (vemos) [vamos] a la discoteca,"productive use of targets, meaning and sense elaboration","matching, prompted writing"
FLJ1_J,./data/processed/exercises/FLJ1_J_E04.txt,el hecho de encontrar a (mí) [mi] amigo italiano,"meaning and sense elaboration, productive use of targets","matching, prompted writing"
FLJ1_J,./data/processed/exercises/FLJ1_J_E05.txt,después [del] jueves,contextual retrieval,discrete choice
FLJ1_J,./data/processed/exercises/FLJ1_J_E02.txt,(el) [la] más famosa ciudad de España / (los) [las] diferentes asignaturas / (la) [el] video,conceptual organization,cloze
FLJ1_J,./data/processed/exercises/FLJ1_J_E01.txt,la sola (exception) [excepción] / las (differentes) [diferentes] asignaturas,"meaning and sense elaboration, collocational control","metalinguistic reflection, paradigmatic systematization, prompted writing"
FLJ1_J,./data/processed/exercises/FLJ1_J_E10.txt,(pizo) [piso],contextual retrieval,"cloze, metalinguistic reflection"
FLJ1_J,./data/processed/exercises/FLJ1_J_E13.txt,una (grande) [gran] amistad / fue un muy (bueno) [buen] viaje,productive use of targets,sentence reconstruction
FLJ1_J,./data/processed/exercises/FLJ1_J_E15.txt,el (empiezo) [comienzo] de una gran amistad,meaning and sense elaboration,"matching, metalinguistic reflection"
FLJ1_J,./data/processed/exercises/FLJ1_J_E06.txt,(era) [estaba] triste por haber dejado,productive use of targets,sentence reconstruction
FLJ1_J,./data/processed/exercises/FLJ1_J_E12.txt,(tambien) [también] / (calido) [cálido] / (examenes) [exámenes] / (proximó) [próximo],conceptual organization,accent marking and read-aloud
CJS1_J,./data/processed/exercises/CJS1_J_E15.txt,haber (tenido varias) [vivido tantas] experiencias,contextual retrieval,discrete choice
CJS1_J,./data/processed/exercises/CJS1_J_E03.txt,me (interesó) [pareció curioso] ver la pelota de golf volar lejos,"meaning and sense elaboration, productive use of targets","translation, prompted writing"
CJS1_J,./data/processed/exercises/CJS1_J_E04.txt,"entonces, me siento (orgulloso) [orgullosa] de haber venido a España",pragmatic appropriateness,"text editing, metalinguistic reflection"
CJS1_J,./data/processed/exercises/CJS1_J_E10.txt,"fue muy difícil, pero (aún) [aun] así me interesó ver la pelota de golf","meaning and sense elaboration, productive use of targets","matching, prompted writing"
CJS1_J,./data/processed/exercises/CJS1_J_E09.txt,dijo que parecía que (la) [una] abuela de 100 años estaba jugando al golf,meaning and sense elaboration,"metalinguistic reflection, prompted writing"
CJS1_J,./data/processed/exercises/CJS1_J_E12.txt,tan pronto como agarré el palo (y lo agité) [e hice un swing] suavemente,"pragmatic appropriateness, meaning and sense elaboration","vocabulary extraction and list creation, translation"
CJS1_J,./data/processed/exercises/CJS1_J_E07.txt,con un gran entusiasmo (de) [por parte de] la gente,contextual retrieval,cloze
CJS1_J,./data/processed/exercises/CJS1_J_E08.txt,estadio (el sadar) [El Sadar],productive use of targets,discrete choice
CJS1_J,./data/processed/exercises/CJS1_J_E01.txt,montar a caballo (en zigzag) [haciendo eslalon],meaning and sense elaboration,"matching, metalinguistic reflection"
CJS1_J,./data/processed/exercises/CJS1_J_E13.txt,fue una experiencia emocionante montar (un) [a] caballo,collocational control,syntagmatic systematization
CJS1_J,./data/processed/exercises/CJS1_J_E14.txt,pude acostumbrarme rápidamente (cuando le pregunté a) [con el consejo de] mis amigas,meaning and sense elaboration,"matching, metalinguistic reflection"
CJS1_J,./data/processed/exercises/CJS1_J_E11.txt,los estudiantes pudieron (experimentar) [probar] varios deportes,collocational control,discrete choice
CJS1_J,./data/processed/exercises/CJS1_J_E06.txt,con mi amiga (japonés) [japonesa],conceptual organization,cloze
CJS1_J,./data/processed/exercises/CJS1_J_E05.txt,hubo una Semana del Deporte (de) [en] la Universidad de Navarra en la que los estudiantes / una potencia (de) [en] fútbol,productive use of targets,discrete choice
CJS1_J,./data/processed/exercises/CJS1_J_E02.txt,(en) [el] septiembre pasado,productive use of targets,cloze
FJA1_J,./data/processed/exercises/FJA1_J_E07.txt,(sus pelos tan negros) [su pelo tan negro],productive use of targets,discrete choice
FJA1_J,./data/processed/exercises/FJA1_J_E05.txt,tan profundo como (el bosque Amazonia) [la selva amazónica],"meaning and sense elaboration, contextual retrieval","matching, cloze"
FJA1_J,./data/processed/exercises/FJA1_J_E02.txt,tan profundo (que) [como] la selva amazónica / tan negros (que) [como] las oscurísimas noches,contextual retrieval,cloze
FJA1_J,./data/processed/exercises/FJA1_J_E10.txt,sus ojos estaban (rellenando) [llenos] de curiosidad,collocational control,discrete choice
FJA1_J,./data/processed/exercises/FJA1_J_E11.txt,(me lo recuerda) [lo recuerdo] como si fuera ayer,meaning and sense elaboration,"metalinguistic reflection, prompted writing"
FJA1_J,./data/processed/exercises/FJA1_J_E13.txt,la razón de mi (feliz) [felicidad],"paraphrastic flexibility, meaning and sense elaboration",text editing
FJA1_J,./data/processed/exercises/FJA1_J_E09.txt,"vi a Cigri, mi gato y, en (este) [ese] momento",paraphrastic flexibility,text editing
FJA1_J,./data/processed/exercises/FJA1_J_E01.txt,no podía (crear) [creer] lo que veía,"productive use of targets, meaning and sense elaboration","matching, prompted writing"
FJA1_J,./data/processed/exercises/FJA1_J_E04.txt,corrí (en) [hacia] el salón / no podía quedarme (en) quieto,productive use of targets,discrete choice
FJA1_J,./data/processed/exercises/FJA1_J_E06.txt,(los) [las] escaleras / (el) [la] razón / (une) [un] verde muy profundo / (la) [el] planeta,conceptual organization,cloze
FJA1_J,./data/processed/exercises/FJA1_J_E15.txt,(el hermosísimo gato encima la planeta) [el gato más hermoso del mundo],"meaning and sense elaboration, productive use of targets","translation, prompted writing"
FJA1_J,./data/processed/exercises/FJA1_J_E08.txt,me llamaba para (hacerme) [darme] una sorpresa,"conceptual organization, meaning and sense elaboration","paradigmatic systematization, translation"
FJA1_J,./data/processed/exercises/FJA1_J_E12.txt,he oído un (pequeño ruido) [ruidito],productive use of targets,"discrete choice, metalinguistic reflection"
FJA1_J,./data/processed/exercises/FJA1_J_E14.txt,fue un momento muy emocionante para (mi) [mí] / (salte) [salté],"meaning and sense elaboration, productive use of targets","matching, prompted writing"
FJA1_J,./data/processed/exercises/FJA1_J_E03.txt,(ví) [vi] a mi gato / (dia) [día] / (oido) [oído],conceptual organization,accent marking and read-aloud
CYS1_J,./data/processed/exercises/CYS1_J_E01.txt,continué (encontrando) [buscando] nuevas comidas que probar,"meaning and sense elaboration, productive use of targets","translation, prompted writing"
CYS1_J,./data/processed/exercises/CYS1_J_E14.txt,pregunté a otra persona (para) [por] la dirección,meaning and sense elaboration,"metalinguistic reflection, prompted writing"
CYS1_J,./data/processed/exercises/CYS1_J_E15.txt,"unos minutos [más] tarde, quise tomar una foto",conceptual organization,paradigmatic systematization
CYS1_J,./data/processed/exercises/CYS1_J_E02.txt,casi siempre hay (las gentes) [gente] que intenta robar,"contextual retrieval, meaning and sense elaboration","cloze, prompted writing"
CYS1_J,./data/processed/exercises/CYS1_J_E13.txt,(disastre) [desastre] / (jaqueta) [chaqueta],"meaning and sense elaboration, collocational control","metalinguistic reflection, paradigmatic systematization, prompted writing"
CYS1_J,./data/processed/exercises/CYS1_J_E10.txt,"cerca de Las Ramblas, (un pueblo) [una zona] más poblada","meaning and sense elaboration, contextual retrieval","matching, cloze"
CYS1_J,./data/processed/exercises/CYS1_J_E05.txt,"por la tarde, decidí (a) comer / continué (a) buscando",productive use of targets,discrete choice
CYS1_J,./data/processed/exercises/CYS1_J_E12.txt,(proban) [prueban] / (direcíon) [dirección] / (indepiente) [independiente] / (entiendí) [entendí],paraphrastic flexibility,"text editing, prompted writing"
CYS1_J,./data/processed/exercises/CYS1_J_E11.txt,(llegí) [llegué],contextual retrieval,"cloze, metalinguistic reflection"
CYS1_J,./data/processed/exercises/CYS1_J_E07.txt,tomé muchas fotos (por memoria) [de recuerdo],productive use of targets,discrete choice
CYS1_J,./data/processed/exercises/CYS1_J_E08.txt,(muchos) [muchas] fotos / (un) [una] ciudad / (el) [la] dirección,conceptual organization,cloze
CYS1_J,./data/processed/exercises/CYS1_J_E04.txt,(por que) [porque] era mi primera vez viajando,meaning and sense elaboration,"metalinguistic reflection, prompted writing, translation"
CYS1_J,./data/processed/exercises/CYS1_J_E03.txt,mi primera vez viajando (sin mi familia o amigo) [a solas],"meaning and sense elaboration, productive use of targets","matching, prompted writing"
CYS1_J,./data/processed/exercises/CYS1_J_E06.txt,(despues) [después] / (avion) [avión] / (cafe) [café] / (turistico) [turístico] / (memoría) [memoria] / (tambien) [también] / (telefono) [teléfono],conceptual organization,accent marking and read-aloud
CYS1_J,./data/processed/exercises/CYS1_J_E09.txt,el día más caótico (en) [de] mi vida,productive use of targets,discrete choice
NOI1_J,./data/processed/exercises/NOI1_J_E08.txt,desde ese (tiempo) [momento] hasta ahora,"meaning and sense elaboration, productive use of targets","matching, discrete choice"
NOI1_J,./data/processed/exercises/NOI1_J_E05.txt,(soy) [estoy] solo / ese pensamiento no (estaba) [era] fácil para mí,productive use of targets,sentence reconstruction
NOI1_J,./data/processed/exercises/NOI1_J_E04.txt,"el problema aquí no es la misa privada, (pero) [sino] la misa con gente",meaning and sense elaboration,metalinguistic reflection
NOI1_J,./data/processed/exercises/NOI1_J_E07.txt,(eso) [ese] pensamiento,contextual retrieval,cloze
NOI1_J,./data/processed/exercises/NOI1_J_E03.txt,pruebo a (imagen) [imaginar],conceptual organization,paradigmatic systematization
NOI1_J,./data/processed/exercises/NOI1_J_E02.txt,en mi tiempo (privado) [libre],collocational control,discrete choice
NOI1_J,./data/processed/exercises/NOI1_J_E06.txt,parece imposible para mí (a) aprender castellano / vivo (en) [con] miedo / concelebrando (en) la misa,productive use of targets,discrete choice
NOI1_J,./data/processed/exercises/NOI1_J_E09.txt,(yo) pienso / (yo) pruebo / (yo) expliqué / (yo) concelebré,"paraphrastic flexibility, meaning and sense elaboration, productive use of targets","text editing, metalinguistic reflection"
NOI1_J,./data/processed/exercises/NOI1_J_E01.txt,pero (porque) [como] soy un sacerdote / no era fácil para mí (como) [porque] vivo siempre con miedo,productive use of targets,sentence reconstruction
NOI1_J,./data/processed/exercises/NOI1_J_E10.txt,(necesitades) [necesidades] / (impossibilidad) [imposibilidad] / (explicé) [expliqué] / (anniversario) [aniversario] / (abilidad) [habilidad],"meaning and sense elaboration, collocational control","metalinguistic reflection, paradigmatic systematization, prompted writing"
NOI1_J,./data/processed/exercises/NOI1_J_E12.txt,la celebración (del) [de la] misa / (el) [la] gente / (al) [a la] Iglesia de San Miguel / historia (pasado) [pasada] / (aquella) [aquel] tiempo / (este) [esta] es mi experiencia,conceptual organization,cloze
NOI1_J,./data/processed/exercises/NOI1_J_E11.txt,de (mi) [mí] / (como) [cómo] / era (mas) [más],"meaning and sense elaboration, productive use of targets","matching, prompted writing"
NOI1_J,./data/processed/exercises/NOI1_J_E13.txt,antes [de] el día,productive use of targets,discrete choice
NOI1_J,./data/processed/exercises/NOI1_J_E14.txt,"(no) [solo] tengo la opción (, pero hacer) [de hacerlo] bien","meaning and sense elaboration, productive use of targets","translation, prompted writing"
NOI1_J,./data/processed/exercises/NOI1_J_E15.txt,(conclusion) [conclusión] / (introduccíon) [introducción] / (evaluacion) [evaluación] / (rapidamente) [rápidamente] / (aqui) [aquí] / (comodo) [cómodo],conceptual organization,accent marking and read-aloud
RNM1_J,./data/processed/exercises/RNM1_J_E04.txt,"cuando era (niño) [niña], me encantaba",pragmatic appropriateness,"text editing, metalinguistic reflection"
RNM1_J,./data/processed/exercises/RNM1_J_E13.txt,luces [de] neón,"pragmatic appropriateness, meaning and sense elaboration","vocabulary extraction and list creation, translation"
RNM1_J,./data/processed/exercises/RNM1_J_E10.txt,un pastel de (pesco) [pescado],conceptual organization,paradigmatic systematization
RNM1_J,./data/processed/exercises/RNM1_J_E06.txt,(circuló) [círculo],"meaning and sense elaboration, productive use of targets","matching, prompted writing"
RNM1_J,./data/processed/exercises/RNM1_J_E08.txt,estaba (confusa) [confundida] por,productive use of targets,discrete choice
RNM1_J,./data/processed/exercises/RNM1_J_E12.txt,encantada (de) [con] el ramen / estaba confundida (con) [por],productive use of targets,discrete choice
RNM1_J,./data/processed/exercises/RNM1_J_E14.txt,y al (junto) [lado] de una tienda de comida,"meaning and sense elaboration, productive use of targets","matching, discrete choice, prompted writing"
RNM1_J,./data/processed/exercises/RNM1_J_E15.txt,no me interesaba (de) probar,"collocational control, productive use of targets","syntagmatic systematization, prompted writing"
RNM1_J,./data/processed/exercises/RNM1_J_E02.txt,(fuimos) [estábamos] todos cansados / (fui) [estaba] confundida,productive use of targets,sentence reconstruction
RNM1_J,./data/processed/exercises/RNM1_J_E07.txt,(empiezó) [empezó] / (acceptadó) [aceptado] / (instantamente) [instantáneamente] / (amido) [amado],paraphrastic flexibility,"text editing, prompted writing"
RNM1_J,./data/processed/exercises/RNM1_J_E01.txt,(únicos) [únicas] experiencias / (una) [un] día,conceptual organization,cloze
RNM1_J,./data/processed/exercises/RNM1_J_E11.txt,(yo) probé comida española / (yo) sé que (yo) tenía sentimientos encontrados,"paraphrastic flexibility, meaning and sense elaboration, productive use of targets","text editing, metalinguistic reflection"
RNM1_J,./data/processed/exercises/RNM1_J_E09.txt,(asíatica) [asiática] / (recomendacion) [recomendación] / (dijó) [dijo] / (alémanes) [alemanes] / (decímos) [decimos] / (ví) [vi],conceptual organization,accent marking and read-aloud
RNM1_J,./data/processed/exercises/RNM1_J_E03.txt,(¿porque?) [¿por qué?],meaning and sense elaboration,"metalinguistic reflection, prompted writing, translation"
RNM1_J,./data/processed/exercises/RNM1_J_E05.txt,una de mis (primas) [primeras] experiencias,productive use of targets,sentence reconstruction
EPE1_J,./data/processed/exercises/EPE1_J_E07.txt,qué es un poco [de] agua,meaning and sense elaboration,"metalinguistic reflection, prompted writing"
EPE1_J,./data/processed/exercises/EPE1_J_E04.txt,era (tiempo por) [hora de] volver a casa,"meaning and sense elaboration, productive use of targets","translation, prompted writing"
EPE1_J,./data/processed/exercises/EPE1_J_E13.txt,corrimos (alrededor de) [por toda] la discoteca / listos (a) [para] bailar / una bebida (con) fuerte / me di (en) cuenta,productive use of targets,discrete choice
EPE1_J,./data/processed/exercises/EPE1_J_E05.txt,(tocé) [toqué],contextual retrieval,"cloze, metalinguistic reflection"
EPE1_J,./data/processed/exercises/EPE1_J_E15.txt,no sé dónde (es) [está] mi móvil,contextual retrieval,"discrete choice, metalinguistic reflection"
EPE1_J,./data/processed/exercises/EPE1_J_E03.txt,el lugar (era) [estaba] lleno de gente,productive use of targets,sentence reconstruction
EPE1_J,./data/processed/exercises/EPE1_J_E14.txt,qué (loca) [locura],conceptual organization,paradigmatic systematization
EPE1_J,./data/processed/exercises/EPE1_J_E12.txt,(que) [qué] locura,"meaning and sense elaboration, productive use of targets","matching, prompted writing"
EPE1_J,./data/processed/exercises/EPE1_J_E01.txt,(eventualmente) [finalmente],productive use of targets,discrete choice
EPE1_J,./data/processed/exercises/EPE1_J_E08.txt,pero (porque) [como] estábamos un poco borrachos,productive use of targets,sentence reconstruction
EPE1_J,./data/processed/exercises/EPE1_J_E09.txt,y (a la) [al] final ya estábamos,productive use of targets,"discrete choice, metalinguistic reflection, prompted writing"
EPE1_J,./data/processed/exercises/EPE1_J_E06.txt,planeé (para) hacer / buscando (por) mi móvil / me di cuenta [de] que,"collocational control, productive use of targets","syntagmatic systematization, prompted writing"
EPE1_J,./data/processed/exercises/EPE1_J_E02.txt,(neccessito) [necesito] / (plané) [planeé] / (copea) [copeo] / (borachos) [borrachos] / (mobil) [móvil],paraphrastic flexibility,"text editing, prompted writing"
EPE1_J,./data/processed/exercises/EPE1_J_E11.txt,(un) [una] noche,conceptual organization,cloze
EPE1_J,./data/processed/exercises/EPE1_J_E10.txt,(despues) [después] / (examenes) [exámenes] / (estabamos) [estábamos] / (aqui) [aquí],conceptual organization,accent marking and read-aloud
PSJ1_J,./data/processed/exercises/PSJ1_J_E05.txt,y (volvía oscuro) [oscurecía] en el parque,conceptual organization,paradigmatic systematization
PSJ1_J,./data/processed/exercises/PSJ1_J_E08.txt,y ahora (jugo) [juego] cada semana / (cafetaria) [cafetería],paraphrastic flexibility,"text editing, prompted writing"
PSJ1_J,./data/processed/exercises/PSJ1_J_E04.txt,(que) [cuáles] son tus planes para la cena,contextual retrieval,"discrete choice, metalinguistic reflection"
PSJ1_J,./data/processed/exercises/PSJ1_J_E02.txt,para (mi) [mí],"meaning and sense elaboration, productive use of targets","matching, prompted writing"
PSJ1_J,./data/processed/exercises/PSJ1_J_E09.txt,pasamos un (tiempo bellissimo) [rato genial],"meaning and sense elaboration, productive use of targets","matching, discrete choice"
PSJ1_J,./data/processed/exercises/PSJ1_J_E11.txt,cuando (nos) llegamos a casa,meaning and sense elaboration,"metalinguistic reflection, prompted writing"
PSJ1_J,./data/processed/exercises/PSJ1_J_E10.txt,esa mañana (intenté) [probé] la tortilla de espinacas,"meaning and sense elaboration, productive use of targets","translation, prompted writing"
PSJ1_J,./data/processed/exercises/PSJ1_J_E06.txt,(él) quería inspeccionar el baño / después (él) nos invitó,"paraphrastic flexibility, meaning and sense elaboration, productive use of targets","text editing, metalinguistic reflection"
PSJ1_J,./data/processed/exercises/PSJ1_J_E03.txt,(el) [la] mañana / (un) [una] canción,conceptual organization,cloze
PSJ1_J,./data/processed/exercises/PSJ1_J_E07.txt,el propietario visitará (a) mi piso / llegamos (en) [a] casa / me reuní (a) [con] Julia y su compañera de piso / cuáles son tus planes (por) [para] la cena / hicimos un grupo (en) [de] WhatsApp / a quienes les encanta (de) cocinar / el grupo consiste (de) [en] cinco personas,productive use of targets,discrete choice
PSJ1_J,./data/processed/exercises/PSJ1_J_E14.txt,me desperté temprano (por que) [porque] el propietario,meaning and sense elaboration,"metalinguistic reflection, prompted writing, translation"
PSJ1_J,./data/processed/exercises/PSJ1_J_E01.txt,estaba (muy) delicioso,"conceptual organization, paraphrastic flexibility","paradigmatic systematization, text editing"
PSJ1_J,./data/processed/exercises/PSJ1_J_E12.txt,un (canvas) [lienzo en] blanco,collocational control,discrete choice
PSJ1_J,./data/processed/exercises/PSJ1_J_E13.txt,(differente) [diferentes] / quería (inspectar) [inspeccionar] el baño / tortilla con (espinache) [espinacas] / (frequentemente) [frecuentemente],"meaning and sense elaboration, collocational control","metalinguistic reflection, paradigmatic systematization, prompted writing"
PSJ1_J,./data/processed/exercises/PSJ1_J_E15.txt,(despues) [después] / (Paises) [Países] Bajos / (dia) [día] / (tambien) [también] / (Africa) [África] / (aqui) [aquí],conceptual organization,accent marking and read-aloud
TSD1_J,./data/processed/exercises/TSD1_J_E12.txt,visitar (a) otro sitio / me di cuenta [de] que / alguien quiere (a) visitar / decidimos (a) visitar,"collocational control, productive use of targets","syntagmatic systematization, prompted writing"
TSD1_J,./data/processed/exercises/TSD1_J_E10.txt,(estaba) [era] muy divertido,productive use of targets,sentence reconstruction
TSD1_J,./data/processed/exercises/TSD1_J_E08.txt,(tú) puedes comer en un día,"paraphrastic flexibility, meaning and sense elaboration, productive use of targets","text editing, metalinguistic reflection"
TSD1_J,./data/processed/exercises/TSD1_J_E15.txt,había (una línea grande de la gente) [mucha cola],"meaning and sense elaboration, productive use of targets","translation, prompted writing"
TSD1_J,./data/processed/exercises/TSD1_J_E13.txt,también había otros (pescados) [peces] de tipos diferentes,productive use of targets,"prompted writing, metalinguistic reflection"
TSD1_J,./data/processed/exercises/TSD1_J_E11.txt,un acuario muy (largo) [grande],productive use of targets,discrete choice
TSD1_J,./data/processed/exercises/TSD1_J_E01.txt,(fuimos al dentro) [entramos],conceptual organization,paradigmatic systematization
TSD1_J,./data/processed/exercises/TSD1_J_E05.txt,"(este) [ese] fin de semana, me desperté",paraphrastic flexibility,text editing
TSD1_J,./data/processed/exercises/TSD1_J_E07.txt,(qué) [cuál] es tu pintxo favorito,contextual retrieval,"discrete choice, metalinguistic reflection"
TSD1_J,./data/processed/exercises/TSD1_J_E06.txt,una clase de (Español) [español],productive use of targets,discrete choice
TSD1_J,./data/processed/exercises/TSD1_J_E14.txt,(mucha) [mucho] tiempo / (un) [una] clase / (un) [una] idea / actividades (espontáneos) [espontáneas] / (los) [las] calles,conceptual organization,cloze
TSD1_J,./data/processed/exercises/TSD1_J_E09.txt,(citio) [sitio] / mi (universita) [universidad] / un (aguario) [acuario],paraphrastic flexibility,"text editing, prompted writing"
TSD1_J,./data/processed/exercises/TSD1_J_E03.txt,mi universidad (en) [de] los Países Bajos / [en] este momento me di cuenta,productive use of targets,discrete choice
TSD1_J,./data/processed/exercises/TSD1_J_E02.txt,(despues) [después] / (Paises) [Países] Bajos / San (Sebastian) [Sebastián] / (decídimos) [decidimos] / (espontaneos) [espontáneos] / (tambien) [también],conceptual organization,accent marking and read-aloud
TSD1_J,./data/processed/exercises/TSD1_J_E04.txt,(mí) [mi] día / (mas) [más] cosas / (el) [él] preparaba / (tu) [tú] puedes comer,"meaning and sense elaboration, productive use of targets","matching, prompted writing"
JTS1_J,./data/processed/exercises/JTS1_J_E01.txt,me dijo que nadie (confirma) [comprueba] el tamaño de las maletas,contextual retrieval,"discrete choice, metalinguistic reflection"
JTS1_J,./data/processed/exercises/JTS1_J_E05.txt,y me invitó a (este) [ese] viaje,paraphrastic flexibility,text editing
JTS1_J,./data/processed/exercises/JTS1_J_E04.txt,en tres (gran) [grandes] coches,productive use of targets,sentence reconstruction
JTS1_J,./data/processed/exercises/JTS1_J_E03.txt,me invitó (en) [a] ese viaje,"collocational control, productive use of targets","syntagmatic systematization, prompted writing"
JTS1_J,./data/processed/exercises/JTS1_J_E02.txt,decidieron (para) ir en coche,"meaning and sense elaboration, productive use of targets","translation, prompted writing"
JTS1_J,./data/processed/exercises/JTS1_J_E07.txt,servicio (de) [al] cliente,"pragmatic appropriateness, meaning and sense elaboration","vocabulary extraction and list creation, translation"
JTS1_J,./data/processed/exercises/JTS1_J_E15.txt,cuando estaba hablando (en) [con] el servicio al cliente / el límite (para) [de] mi billete de tren,productive use of targets,discrete choice
JTS1_J,./data/processed/exercises/JTS1_J_E09.txt,había [otras] doce (otros) personas en la misma situación,"contextual retrieval, meaning and sense elaboration","cloze, metalinguistic reflection"
JTS1_J,./data/processed/exercises/JTS1_J_E06.txt,(ingles) [inglés],"meaning and sense elaboration, productive use of targets","matching, prompted writing"
JTS1_J,./data/processed/exercises/JTS1_J_E14.txt,fui antes de (desayunarme) [desayunar],meaning and sense elaboration,"metalinguistic reflection, prompted writing"
JTS1_J,./data/processed/exercises/JTS1_J_E10.txt,(proxima) [próxima] / (dijó) [dijo] / (alli) [allí],conceptual organization,accent marking and read-aloud
JTS1_J,./data/processed/exercises/JTS1_J_E08.txt,decidí ir a la estación al (próximo) [siguiente] día,meaning and sense elaboration,"metalinguistic reflection, prompted writing"
JTS1_J,./data/processed/exercises/JTS1_J_E12.txt,preguntar sobre (mis equipajes) [mi equipaje],productive use of targets,discrete choice
JTS1_J,./data/processed/exercises/JTS1_J_E11.txt,(pamplona) [Pamplona],productive use of targets,discrete choice
JTS1_J,./data/processed/exercises/JTS1_J_E13.txt,(una) [un] problema / (la) [el] día / (el) [la] situación / (los) [las] personas,conceptual organization,cloze
CPS1_J,./data/processed/exercises/CPS1_J_E03.txt,que [se] hizo famoso por la canción de Rosé y Bruno Mars,meaning and sense elaboration,"metalinguistic reflection, prompted writing"
CPS1_J,./data/processed/exercises/CPS1_J_E13.txt,(con) [de] tan buena calidad,productive use of targets,discrete choice
CPS1_J,./data/processed/exercises/CPS1_J_E05.txt,la página web de un mercado coreano (en) [de] Barcelona,productive use of targets,discrete choice
CPS1_J,./data/processed/exercises/CPS1_J_E01.txt,todas las familias (hacen reuniones) [se reúnen],"meaning and sense elaboration, productive use of targets","translation, prompted writing"
CPS1_J,./data/processed/exercises/CPS1_J_E14.txt,para vivir con (feliz) [felicidad],conceptual organization,paradigmatic systematization
CPS1_J,./data/processed/exercises/CPS1_J_E12.txt,en (cualiquiera) [cualquier] situación,paraphrastic flexibility,"text editing, prompted writing"
CPS1_J,./data/processed/exercises/CPS1_J_E02.txt,que (era) [estaba] muy lejos de casa,contextual retrieval,"discrete choice, metalinguistic reflection"
CPS1_J,./data/processed/exercises/CPS1_J_E06.txt,para (realizar) [darme cuenta de que] estaba en España,productive use of targets,discrete choice
CPS1_J,./data/processed/exercises/CPS1_J_E11.txt,las comidas (riquísimos) [riquísimas] / experiencia (exótico) [exótica],conceptual organization,cloze
CPS1_J,./data/processed/exercises/CPS1_J_E15.txt,(las comidas coreanas) [los platos coreanos],"pragmatic appropriateness, meaning and sense elaboration","vocabulary extraction and list creation, translation"
CPS1_J,./data/processed/exercises/CPS1_J_E08.txt,empezamos a comer (fuertemente) [vorazmente],collocational control,discrete choice
CPS1_J,./data/processed/exercises/CPS1_J_E07.txt,después [de] que llegaran los ingredientes,contextual retrieval,discrete choice
CPS1_J,./data/processed/exercises/CPS1_J_E04.txt,(pagina) [página] / podía sentir (como) [cómo],"meaning and sense elaboration, productive use of targets","matching, prompted writing"
CPS1_J,./data/processed/exercises/CPS1_J_E10.txt,(tambien) [también],conceptual organization,accent marking and read-aloud
CPS1_J,./data/processed/exercises/CPS1_J_E09.txt,(en) el (Septiembre) [septiembre] pasado,"paraphrastic flexibility, productive use of targets","text editing, prompted writing"
