participant_ID,text_file,error,recall
ILA1_I,./data/processed/exercises/ILA1_I_E01.txt,cuando empecé la universidad me mudé (en) [a] Siena para estudiar idiomas / Me gustaría pensar (a) [en] esta asignatura como si fuera,0
ILA1_I,./data/processed/exercises/ILA1_I_E02.txt,ahora estoy en el (tercero) [tercer] y último año de Mediación Lingüística,0
ILA1_I,./data/processed/exercises/ILA1_I_E03.txt,aprender (como) [cómo] hacer una traducción,0
ILA1_I,./data/processed/exercises/ILA1_I_E04.txt,punto de (partido) [partida],1
ILA1_I,./data/processed/exercises/ILA1_I_E05.txt,La IA puede analizar datos personales de salud y actividad física para ofrecer recomendaciones de entreno personalizadas (sino también) [y] consejos sobre nutrición y prevención de lesiones.,1
ILA1_I,./data/processed/exercises/ILA1_I_E06.txt,"[Además, ] Este curso me ayudó (también) a relacionarme mejor con la lengua en general también en un sentido discursivo, comunicativo y oral también.",0
ILA1_I,./data/processed/exercises/ILA1_I_E07.txt,Mi objetivo es lograr hablar y hacer (dibujos) [esquemas] sobre temas importantes de la literatura más fluidamente.,0
ILA1_I,./data/processed/exercises/ILA1_I_E08.txt,Es el lugar donde yo (nacì) [nací],1
ILA1_I,./data/processed/exercises/ILA1_I_E09.txt,Una traducción y también (una) [un] análisis (crítica) [crítico] de los textos que tratamos,1
ILA1_I,./data/processed/exercises/ILA1_I_E10.txt,Me defino como una persona muy tímida pero al mismo tiempo muy (solar) [alegre],0
ILA1_I,./data/processed/exercises/ILA1_I_E11.txt,"Ver cómo los autores españoles desarrollan sus pensamientos, como (lo) [los] ponen por escrito",1
ILA1_I,./data/processed/exercises/ILA1_I_E12.txt,"Ver cómo los autores españoles desarrollan sus (pensamiento) [pensamientos], como los ponen por escrito",1
ILA1_I,./data/processed/exercises/ILA1_I_E13.txt,Una (apoplejía) [conmoción] que me vio crecer desde todos los puntos de vista,0
ILA1_I,./data/processed/exercises/ILA1_I_E14.txt,"Puede ser también una imagen simple, una publicidad sin (escritas) [escritos] y sin palabras",1
ILA1_I,./data/processed/exercises/ILA1_I_E15.txt,Me defino [como] una persona muy tímida,0
FGC1_I,./data/processed/exercises/FGC1_I_E01.txt,Un evento (tan) [muy] esperado a principios de año,0
FGC1_I,./data/processed/exercises/FGC1_I_E02.txt,(taréa) [tarea],1
FGC1_I,./data/processed/exercises/FGC1_I_E03.txt,"Este fenómeno ha sido percibido en el mundo entero, (dando lugar a millones de personas cautivadas) [cautivando a millones de personas]",1
FGC1_I,./data/processed/exercises/FGC1_I_E04.txt,Solo se habían producido diez pasos de la sombra de la Luna (sobre) [por delante de] la Tierra durante este siglo,0
FGC1_I,./data/processed/exercises/FGC1_I_E05.txt,(Este) [Ese] eclipse solar total comenzó,0
FGC1_I,./data/processed/exercises/FGC1_I_E06.txt,"Este fenómeno, que se produce al (transitar) [cubrir] la luna (por delante de) el sol",0
FGC1_I,./data/processed/exercises/FGC1_I_E07.txt,Los más afortunados pudieron vivir unos minutos sumergidos en la oscuridad más (total) [absoluta] en pleno día,1
FGC1_I,./data/processed/exercises/FGC1_I_E08.txt,este impresionante (espécimen) [fenómeno] celestial,1
FGC1_I,./data/processed/exercises/FGC1_I_E09.txt,Puede percibir las informaciones más (rápidas) [rápido],0
FGC1_I,./data/processed/exercises/FGC1_I_E10.txt,para (mi) [mí],0
FGC1_I,./data/processed/exercises/FGC1_I_E11.txt,En el programa radiofónico (se ha tratado de) [se han tratado] las ventajas cognitivas de los bilingües,0
FGC1_I,./data/processed/exercises/FGC1_I_E12.txt,"No solo porque estamos en un mundo multicultural, sino (que) también (para hacer trabajar el cerebro) [porque propicia que el cerebro trabaje]",0
FGC1_I,./data/processed/exercises/FGC1_I_E13.txt,(tardar) [retrasar] enfermedades,1
FGC1_I,./data/processed/exercises/FGC1_I_E14.txt,Me parece (coherente) [lógico] que,1
FGC1_I,./data/processed/exercises/FGC1_I_E15.txt,(pues) [así pues],0
RCS1_I,./data/processed/exercises/RCS1_I_E01.txt,una nueva flexibilidad y autonomía (ha) [han] mejorado,0
RCS1_I,./data/processed/exercises/RCS1_I_E02.txt,(adoptar) [encontrar] un equilibrio,0
RCS1_I,./data/processed/exercises/RCS1_I_E03.txt,(articulo) [artículo],0
RCS1_I,./data/processed/exercises/RCS1_I_E04.txt,¿(Sólo) [Solo] una tendencia o una nueva normalidad?,0
RCS1_I,./data/processed/exercises/RCS1_I_E05.txt,implicaciones (éticos) [éticas],1
RCS1_I,./data/processed/exercises/RCS1_I_E06.txt,avances (a la) [en] tecnología,0
RCS1_I,./data/processed/exercises/RCS1_I_E07.txt,(esta) [está] dedicada,0
RCS1_I,./data/processed/exercises/RCS1_I_E08.txt,"(También,) [Además, ] menciona los principios",0
RCS1_I,./data/processed/exercises/RCS1_I_E09.txt,(introduce) [implica] nuevos retos,0
RCS1_I,./data/processed/exercises/RCS1_I_E10.txt,A menudo (se) denominado teletrabajo,0
RCS1_I,./data/processed/exercises/RCS1_I_E11.txt,(éticos médicas) [ética médica],1
RCS1_I,./data/processed/exercises/RCS1_I_E12.txt,(producirá una regresión) [volverá],1
RCS1_I,./data/processed/exercises/RCS1_I_E13.txt,los retos y (limitantes) [limitaciones] de la pandemia,0
RCS1_I,./data/processed/exercises/RCS1_I_E14.txt,según (de) una encuesta,0
RCS1_I,./data/processed/exercises/RCS1_I_E15.txt,(violación) [filtración] de datos,0
RUE1_I,./data/processed/exercises/RUE1_I_E01.txt,"(También,) [Además, ]",0
RUE1_I,./data/processed/exercises/RUE1_I_E02.txt,problemas (de) [en] la relación,0
RUE1_I,./data/processed/exercises/RUE1_I_E03.txt,las tendencias (mostraron) [se detectaron] en ambos sexos,0
RUE1_I,./data/processed/exercises/RUE1_I_E04.txt,la intensidad y la cantidad de ejercicios (necesarias) [necesarios],1
RUE1_I,./data/processed/exercises/RUE1_I_E05.txt,(uno de los críticos) [una de las críticas],1
RUE1_I,./data/processed/exercises/RUE1_I_E06.txt,una de las [mayores] críticas (mayores),1
RUE1_I,./data/processed/exercises/RUE1_I_E07.txt,las muchas (de) variables que pueden tener impacto,1
RUE1_I,./data/processed/exercises/RUE1_I_E08.txt,toda mi familia (son escoceses) [es escocesa],1
RUE1_I,./data/processed/exercises/RUE1_I_E09.txt,(auto declarados) [autodeclarados],1
RUE1_I,./data/processed/exercises/RUE1_I_E10.txt,a un nivel mucho más alto [del] que puedo hablar,1
RUE1_I,./data/processed/exercises/RUE1_I_E11.txt,la mayor fuente de investigación (llega al) [proviene del] cuestionario,1
RUE1_I,./data/processed/exercises/RUE1_I_E12.txt,al finalizar (de) este periodo,1
RUE1_I,./data/processed/exercises/RUE1_I_E13.txt,manifestarse (en forma oral) [oralmente],1
RUE1_I,./data/processed/exercises/RUE1_I_E14.txt,reacciones (en persona) [cara a cara],1
RUE1_I,./data/processed/exercises/RUE1_I_E15.txt,países como (en) [los de] América Latina,1
RGH1_I,./data/processed/exercises/RGH1_I_E01.txt,"(También,) [Además, ]",0
RGH1_I,./data/processed/exercises/RGH1_I_E02.txt,artículo (llamada) [llamado],1
RGH1_I,./data/processed/exercises/RGH1_I_E03.txt,(porque) [por qué],0
RGH1_I,./data/processed/exercises/RGH1_I_E04.txt,(está) [esta] decisión,0
RGH1_I,./data/processed/exercises/RGH1_I_E05.txt,(asi) [así] que,0
RGH1_I,./data/processed/exercises/RGH1_I_E06.txt,nos permite (a) evaluar,0
RGH1_I,./data/processed/exercises/RGH1_I_E07.txt,mis estudios normalmente [se] enfocan,0
RGH1_I,./data/processed/exercises/RGH1_I_E08.txt,(últimamente) [a fin de cuentas],0
RGH1_I,./data/processed/exercises/RGH1_I_E09.txt,(tambien) [también],1
RGH1_I,./data/processed/exercises/RGH1_I_E10.txt,me (encanta) [encantan] las lenguas,0
RGH1_I,./data/processed/exercises/RGH1_I_E11.txt,(sentirse grasiento) [estar aceitoso],0
RGH1_I,./data/processed/exercises/RGH1_I_E12.txt,situaciones políticas (en) [de] todo el mundo,0
RGH1_I,./data/processed/exercises/RGH1_I_E13.txt,identificar las características de textos distintos y lo que los (hacen) [hace] diferentes,0
RGH1_I,./data/processed/exercises/RGH1_I_E14.txt,no he estudiado literatura (desde hace) [en] cinco años,0
RGH1_I,./data/processed/exercises/RGH1_I_E15.txt,(un) [una] parte,1
FMH1_I,./data/processed/exercises/FMH1_I_E01.txt,(ser tocados por) [ser víctimas de] un terremoto,1
FMH1_I,./data/processed/exercises/FMH1_I_E02.txt,(neurocientificos) [neurocientíficos],1
FMH1_I,./data/processed/exercises/FMH1_I_E03.txt,dejar [de] temblar,0
FMH1_I,./data/processed/exercises/FMH1_I_E04.txt,(este) [ese] trágico mes de marzo del año 2011,0
FMH1_I,./data/processed/exercises/FMH1_I_E05.txt,a nivel [tanto] humano como material,0
FMH1_I,./data/processed/exercises/FMH1_I_E06.txt,la región (del) [de] Tohoku,0
FMH1_I,./data/processed/exercises/FMH1_I_E07.txt,(estudió) [estudio],0
FMH1_I,./data/processed/exercises/FMH1_I_E08.txt,en la (áerea) [área] que está,0
FMH1_I,./data/processed/exercises/FMH1_I_E09.txt,el país tiene como desventaja (de) estar sujeto,0
FMH1_I,./data/processed/exercises/FMH1_I_E10.txt,destruyendo todo (en su camino) [a su paso],1
FMH1_I,./data/processed/exercises/FMH1_I_E11.txt,(mostrar) [demostrar],1
FMH1_I,./data/processed/exercises/FMH1_I_E12.txt,un equipo (dirigida) [dirigido],1
FMH1_I,./data/processed/exercises/FMH1_I_E13.txt,(varias experiencias) [varios experimentos],0
FMH1_I,./data/processed/exercises/FMH1_I_E14.txt,enfermedades (neurologías) [neurológicas],0
FMH1_I,./data/processed/exercises/FMH1_I_E15.txt,(apareció) [se reveló],1
RBI1_I,./data/processed/exercises/RBI1_I_E01.txt,comer sano no solo (se trata de) [consiste en],0
RBI1_I,./data/processed/exercises/RBI1_I_E02.txt,se ha (descubrido) [descubierto],0
RBI1_I,./data/processed/exercises/RBI1_I_E03.txt,(articulo) [artículo],0
RBI1_I,./data/processed/exercises/RBI1_I_E04.txt,estamos de acuerdo [en] que,0
RBI1_I,./data/processed/exercises/RBI1_I_E05.txt,tienen que (verificar) [consultar] dos bases de datos,0
RBI1_I,./data/processed/exercises/RBI1_I_E06.txt,lo jugué a (un) nivel profesional,1
RBI1_I,./data/processed/exercises/RBI1_I_E07.txt,(me) he hecho muchos amigos,0
RBI1_I,./data/processed/exercises/RBI1_I_E08.txt,(la orden) [el orden],0
RBI1_I,./data/processed/exercises/RBI1_I_E09.txt,(invaluable) [de valor incalculable],0
RBI1_I,./data/processed/exercises/RBI1_I_E10.txt,(dia) [día],1
RBI1_I,./data/processed/exercises/RBI1_I_E11.txt,hay veces (cuando) [en las que],0
RBI1_I,./data/processed/exercises/RBI1_I_E12.txt,(encontraran) [encontrarán],1
RBI1_I,./data/processed/exercises/RBI1_I_E13.txt,(el) [él],0
RBI1_I,./data/processed/exercises/RBI1_I_E14.txt,experimento (scientifico) [científico],0
RBI1_I,./data/processed/exercises/RBI1_I_E15.txt,(sólo) [solo],0
RHK1_I,./data/processed/exercises/RHK1_I_E01.txt,[tercera] persona (tercera),0
RHK1_I,./data/processed/exercises/RHK1_I_E02.txt,(poste) [publicación],0
RHK1_I,./data/processed/exercises/RHK1_I_E03.txt,(articulo) [artículo],0
RHK1_I,./data/processed/exercises/RHK1_I_E04.txt,(al primero) [en primer lugar],1
RHK1_I,./data/processed/exercises/RHK1_I_E05.txt,(medios) [redes] sociales,0
RHK1_I,./data/processed/exercises/RHK1_I_E06.txt,la información está (escrito) [escrita],1
RHK1_I,./data/processed/exercises/RHK1_I_E07.txt,(dramáticamente) [drásticamente],0
RHK1_I,./data/processed/exercises/RHK1_I_E08.txt,(valorable) [valioso],0
RHK1_I,./data/processed/exercises/RHK1_I_E09.txt,(permitir voces) [dar voz a perspectivas],0
RHK1_I,./data/processed/exercises/RHK1_I_E10.txt,(especificas) [específicas],1
RHK1_I,./data/processed/exercises/RHK1_I_E11.txt,las dificultades [de] encontrar,0
RHK1_I,./data/processed/exercises/RHK1_I_E12.txt,estudios (sociólogos) [sociológicos],0
RHK1_I,./data/processed/exercises/RHK1_I_E13.txt,(soportar) [apoyar],0
RHK1_I,./data/processed/exercises/RHK1_I_E14.txt,(destinario) [destinatario],0
RHK1_I,./data/processed/exercises/RHK1_I_E15.txt,(extensiva) [extensa],0
IMA1_I,./data/processed/exercises/IMA1_I_E01.txt,la educación (de) tanto [de] los niños como [de] los adolescentes,0
IMA1_I,./data/processed/exercises/IMA1_I_E02.txt,un nivel (donde) [con el que] puedo expresarme muy bien,0
IMA1_I,./data/processed/exercises/IMA1_I_E03.txt,(mientras que) [aunque],1
IMA1_I,./data/processed/exercises/IMA1_I_E04.txt,(porqué) [por qué],0
IMA1_I,./data/processed/exercises/IMA1_I_E05.txt,en (varios) [varias] formas,1
IMA1_I,./data/processed/exercises/IMA1_I_E06.txt,(sólo) [solo],0
IMA1_I,./data/processed/exercises/IMA1_I_E07.txt,estudiando (a) [en] Newcastle,0
IMA1_I,./data/processed/exercises/IMA1_I_E08.txt,permitiéndonos (a) ver,1
IMA1_I,./data/processed/exercises/IMA1_I_E09.txt,(es) [está] distorsionada,0
IMA1_I,./data/processed/exercises/IMA1_I_E10.txt,he (estudio) [estudiado],0
IMA1_I,./data/processed/exercises/IMA1_I_E11.txt,no es necesario demostrar que una novela es (correcto) [correcta] ni (revisado) [revisada] por pares ni (verificado) [verificada] / el uso está (relacionada) [relacionado],1
IMA1_I,./data/processed/exercises/IMA1_I_E12.txt,(crimines) [crímenes],0
IMA1_I,./data/processed/exercises/IMA1_I_E13.txt,en cuanto (el) [al] español,1
IMA1_I,./data/processed/exercises/IMA1_I_E14.txt,(el autor) [la autora],1
IMA1_I,./data/processed/exercises/IMA1_I_E15.txt,¿Cuándo (deberíamos esperar tu llegada para) llegarás a la reunión?,0
FEM1_I,./data/processed/exercises/FEM1_I_E01.txt,(aumentación) [aumento],1
FEM1_I,./data/processed/exercises/FEM1_I_E02.txt,(reino) [mandato],0
FEM1_I,./data/processed/exercises/FEM1_I_E03.txt,(porque) [por qué],0
FEM1_I,./data/processed/exercises/FEM1_I_E04.txt,(crítica) [critica],0
FEM1_I,./data/processed/exercises/FEM1_I_E05.txt,(mientras que) [aunque] su punto de vista,1
FEM1_I,./data/processed/exercises/FEM1_I_E06.txt,la tasa más (fuerte) [elevada] / (pasar) [aprobar] una ley,0
FEM1_I,./data/processed/exercises/FEM1_I_E07.txt,"no es solamente esencial, (pero) [sino que] es también fundamental",0
FEM1_I,./data/processed/exercises/FEM1_I_E08.txt,(estar muy contestado) [tener una gran oposición] / (que falta de) [para la que faltan] tratamientos médicos,1
FEM1_I,./data/processed/exercises/FEM1_I_E09.txt,(hacer compromisos) [llegar a acuerdos] / (contestación) [confrontación],0
FEM1_I,./data/processed/exercises/FEM1_I_E10.txt,el artículo se enfoca (sobre) [en] la situación / es fundamental (a) [para] / nos falta (de) contexto,0
FEM1_I,./data/processed/exercises/FEM1_I_E11.txt,(màs en màs) [cada vez más] considerada,1
FEM1_I,./data/processed/exercises/FEM1_I_E12.txt,(pasarse) [ocurrir],0
FEM1_I,./data/processed/exercises/FEM1_I_E13.txt,en cuanto [a] su pertinencia,0
FEM1_I,./data/processed/exercises/FEM1_I_E14.txt,(sea) [esté] más impactado,0
FEM1_I,./data/processed/exercises/FEM1_I_E15.txt,sobre (reales) hechos científicos [reales],1
RRN1_I,./data/processed/exercises/RRN1_I_E01.txt,tomando en cuenta (sobre) las tres erres / es importante (de) tener en cuenta / tener en cuenta (de) que,0
RRN1_I,./data/processed/exercises/RRN1_I_E02.txt,(complejos) [complejidades],0
RRN1_I,./data/processed/exercises/RRN1_I_E03.txt,menciona (como) [cómo] es más económico / que (si) [sí] hay otras opciones / (uso) [usó] / (tenia) [tenía],0
RRN1_I,./data/processed/exercises/RRN1_I_E04.txt,ha (escrito) [descrito],1
RRN1_I,./data/processed/exercises/RRN1_I_E05.txt,la importancia [de] que debemos,1
RRN1_I,./data/processed/exercises/RRN1_I_E06.txt,(una) [un] artículo / ni tratan de usar (los) [las] alternativas / conocimiento (científica) [científico] / (un) [una] idea,1
RRN1_I,./data/processed/exercises/RRN1_I_E07.txt,(formato en) [forma de] obtener,0
RRN1_I,./data/processed/exercises/RRN1_I_E08.txt,la mayoría de la gente nunca (piensan) [piensa],1
RRN1_I,./data/processed/exercises/RRN1_I_E09.txt,"dependen de grandes cantidades de datos para su (formación) [entrenamiento] / debemos (mover fuera) [superar] la idea del ""gold standard"" / solo (pegan a) [siguen] las normas / las normas que (saben) [conocen]",0
RRN1_I,./data/processed/exercises/RRN1_I_E10.txt,para que (se fueran) [sean] aceptables,0
RRN1_I,./data/processed/exercises/RRN1_I_E11.txt,entender su punto (directo) [directamente],0
RRN1_I,./data/processed/exercises/RRN1_I_E12.txt,la calificación que habrían (ganado) [obtenido],0
RRN1_I,./data/processed/exercises/RRN1_I_E13.txt,(soportar) [respaldar],0
RRN1_I,./data/processed/exercises/RRN1_I_E14.txt,sino [que] también,0
RRN1_I,./data/processed/exercises/RRN1_I_E15.txt,(resultas) [resultados] / (introduce) [presenta],0
FKN1_I,./data/processed/exercises/FKN1_I_E01.txt,(utilizó) [utilizo],0
FKN1_I,./data/processed/exercises/FKN1_I_E02.txt,"no solo se limita, sino [que] también",0
FKN1_I,./data/processed/exercises/FKN1_I_E03.txt,(los) [las] redes sociales,1
FKN1_I,./data/processed/exercises/FKN1_I_E04.txt,(un) otro ángulo,1
FKN1_I,./data/processed/exercises/FKN1_I_E05.txt,orígenes diferentes de (la suya) [los suyos],1
FKN1_I,./data/processed/exercises/FKN1_I_E06.txt,otras personas (quien) [que] las acusan de,0
FKN1_I,./data/processed/exercises/FKN1_I_E07.txt,los diferentes problemas (debido) [debidos] a la desigualdad,0
FKN1_I,./data/processed/exercises/FKN1_I_E08.txt,datos (claves) [clave],1
FKN1_I,./data/processed/exercises/FKN1_I_E09.txt,es mucho (más) peor,0
FKN1_I,./data/processed/exercises/FKN1_I_E10.txt,no solamente es una cuestión de desigualdad sino (tampoco) [también] social,0
FKN1_I,./data/processed/exercises/FKN1_I_E11.txt,(realizar) [darse cuenta de] la urgencia del problema,0
FKN1_I,./data/processed/exercises/FKN1_I_E12.txt,es importante que las organizaciones de voluntariado (deben trabajar) [trabajen],0
FKN1_I,./data/processed/exercises/FKN1_I_E13.txt,sus viajes de voluntariado en (la cual) [los cuales],0
FKN1_I,./data/processed/exercises/FKN1_I_E14.txt,el 10% más rico tiene [el] 47% de los ingresos,1
FKN1_I,./data/processed/exercises/FKN1_I_E15.txt,otras etnias (en) [de] la región,0
RCO1_I,./data/processed/exercises/RCO1_I_E01.txt,la infancia de un niño de hoy es (tan) [muy] diferente de la nuestra / un aspecto (tan) [muy] importante,0
RCO1_I,./data/processed/exercises/RCO1_I_E02.txt,esos niños (fueron nacidos) [nacieron],1
RCO1_I,./data/processed/exercises/RCO1_I_E03.txt,incluyen [tanto] los físicos (tanto) como los psicológicos,0
RCO1_I,./data/processed/exercises/RCO1_I_E04.txt,"(También, ) [Además, ]",0
RCO1_I,./data/processed/exercises/RCO1_I_E05.txt,tenemos en cuenta (de) que,0
RCO1_I,./data/processed/exercises/RCO1_I_E06.txt,para (mi) [mí],0
RCO1_I,./data/processed/exercises/RCO1_I_E07.txt,(papel) [artículo] / (introducen) [presentan],0
RCO1_I,./data/processed/exercises/RCO1_I_E08.txt,(es) [está] bien escrito,1
RCO1_I,./data/processed/exercises/RCO1_I_E09.txt,(introduccion) [introducción] / (informacion) [información],1
RCO1_I,./data/processed/exercises/RCO1_I_E10.txt,"y, (porque) [dado que] los exámenes son difíciles, mucha gente suspende",1
RCO1_I,./data/processed/exercises/RCO1_I_E11.txt,la infancia de un niño de hoy es muy diferente (como la de nosotros) [de la nuestra],1
RCO1_I,./data/processed/exercises/RCO1_I_E12.txt,dado el hecho [de] que,1
RCO1_I,./data/processed/exercises/RCO1_I_E13.txt,la investigación (en) [sobre] pantallas / las pantallas (de) [para] niños / las aficiones (para) [de] los niños,0
RCO1_I,./data/processed/exercises/RCO1_I_E14.txt,la incapacidad para (deducir) [reconocer] noticias falsas,0
RCO1_I,./data/processed/exercises/RCO1_I_E15.txt,"hay muchos accidentes, (que demuestran) [lo que demuestra]",1
FLR1_I,./data/processed/exercises/FLR1_I_E01.txt,palabras (claves) [clave],1
FLR1_I,./data/processed/exercises/FLR1_I_E02.txt,creadas (por) [para] sensibilizar,0
FLR1_I,./data/processed/exercises/FLR1_I_E03.txt,(cambiara) [cambiará],0
FLR1_I,./data/processed/exercises/FLR1_I_E04.txt,(número) [tasa],0
FLR1_I,./data/processed/exercises/FLR1_I_E05.txt,(permiso de nacimiento) [baja por maternidad],0
FLR1_I,./data/processed/exercises/FLR1_I_E06.txt,logramos (a) reducir / sensibilizar [a] la población,0
FLR1_I,./data/processed/exercises/FLR1_I_E07.txt,(reconocimiento de fecundidad) [control de fertilidad],0
FLR1_I,./data/processed/exercises/FLR1_I_E08.txt,(aumentación) [aumento],0
FLR1_I,./data/processed/exercises/FLR1_I_E09.txt,estar (seguro) [claro],0
FLR1_I,./data/processed/exercises/FLR1_I_E10.txt,actuar (de manera considerable) [con consideración],0
FLR1_I,./data/processed/exercises/FLR1_I_E11.txt,la capacidad (a) [de] actuar,0
FLR1_I,./data/processed/exercises/FLR1_I_E12.txt,(apoyar) [respaldar],0
FLR1_I,./data/processed/exercises/FLR1_I_E13.txt,ser (quitado) [arrebatado],1
FLR1_I,./data/processed/exercises/FLR1_I_E14.txt,como (lo) dice,0
FLR1_I,./data/processed/exercises/FLR1_I_E15.txt,influir (a su nivel) [dentro de sus posibilidades],1
FTR1_I,./data/processed/exercises/FTR1_I_E01.txt,sensibilizar [a] la población,0
FTR1_I,./data/processed/exercises/FTR1_I_E02.txt,(super diferentes) [superdiferentes],1
FTR1_I,./data/processed/exercises/FTR1_I_E03.txt,palabras (claves) [clave],1
FTR1_I,./data/processed/exercises/FTR1_I_E04.txt,(exprimir) [explicar],0
FTR1_I,./data/processed/exercises/FTR1_I_E05.txt,un tema sensible y poco (inesperada) [inesperado] / (la pequeña) [el pequeño] video (incluida) [incluido],1
FTR1_I,./data/processed/exercises/FTR1_I_E06.txt,(si) [sí] / (vinculo) [vínculo] / (como) [cómo] los personajes / (critica) [crítica],0
FTR1_I,./data/processed/exercises/FTR1_I_E07.txt,(del) [de lo] primitivo y (del) [de lo] eterno,0
FTR1_I,./data/processed/exercises/FTR1_I_E08.txt,"en la vida me (gusta) [gustan] la moda, la fotografía, los deportes y los viajes",0
FTR1_I,./data/processed/exercises/FTR1_I_E09.txt,tengo (una) cierta facilidad para expresarme / la misma línea psicológica (con) [que] el estilo,1
FTR1_I,./data/processed/exercises/FTR1_I_E10.txt,es necesario (de) releerlo bien / referencias (en) [a] los clásicos / la relación del individuo (a) [con] el universo,0
FTR1_I,./data/processed/exercises/FTR1_I_E11.txt,(son) [están] vinculados,1
FTR1_I,./data/processed/exercises/FTR1_I_E12.txt,(vigilar) [cuidar],1
FTR1_I,./data/processed/exercises/FTR1_I_E13.txt,(relevar) [revelar],1
FTR1_I,./data/processed/exercises/FTR1_I_E14.txt,así [que] es,0
FTR1_I,./data/processed/exercises/FTR1_I_E15.txt,(similaritud) [similitud],1
FCY1_I,./data/processed/exercises/FCY1_I_E01.txt,era (del numérico) [digital] / (utilizador) [usuario],0
FCY1_I,./data/processed/exercises/FCY1_I_E02.txt,asegurarse [de] que,0
FCY1_I,./data/processed/exercises/FCY1_I_E03.txt,(llenar) [cubrir] la demanda,0
FCY1_I,./data/processed/exercises/FCY1_I_E04.txt,(bajo) [por debajo] de / pasatiempos (en) [al] aire libre,0
FCY1_I,./data/processed/exercises/FCY1_I_E05.txt,como (le) [lo] hemos visto antes,0
FCY1_I,./data/processed/exercises/FCY1_I_E06.txt,es importante (de) tener en cuenta que,0
FCY1_I,./data/processed/exercises/FCY1_I_E07.txt,(faltan) [escasean],1
FCY1_I,./data/processed/exercises/FCY1_I_E08.txt,reemplazarán (el) [lo] humano / (el) [lo] natural es vernos,0
FCY1_I,./data/processed/exercises/FCY1_I_E09.txt,(jovenes) [jóvenes],1
FCY1_I,./data/processed/exercises/FCY1_I_E10.txt,(el médico) [la medicina],0
FCY1_I,./data/processed/exercises/FCY1_I_E11.txt,las (buenas y las malas) [ventajas y las] desventajas,1
FCY1_I,./data/processed/exercises/FCY1_I_E12.txt,Pellicer (desarrolla en) [argumenta] que la inteligencia artificial sería buena,1
FCY1_I,./data/processed/exercises/FCY1_I_E13.txt,mala (habitud) [costumbre],0
FCY1_I,./data/processed/exercises/FCY1_I_E14.txt,así como (al fuera) [fuera] de este,1
FCY1_I,./data/processed/exercises/FCY1_I_E15.txt,ámbitos (del cotidiano) [de la vida cotidiana],0
FGC2_S,./data/processed/exercises/FGC2_S_E01.txt,Mi hermano nació en 2004 y (él) es una persona importante en mi vida,1
FGC2_S,./data/processed/exercises/FGC2_S_E02.txt,"Empecé a jugar al fútbol en 2007, en un equipo local, fue muy (rápido) [pronto]",1
FGC2_S,./data/processed/exercises/FGC2_S_E03.txt,la copa de (europa) [Europa],0
FGC2_S,./data/processed/exercises/FGC2_S_E04.txt,(Ese año en otoño) [En el otoño de ese año] empecé la escuela,1
FGC2_S,./data/processed/exercises/FGC2_S_E05.txt,Mi abuela (estaba) [se puso] muy triste,1
FGC2_S,./data/processed/exercises/FGC2_S_E06.txt,(miré) [vi] este partido por la (televisión) [tele],1
FGC2_S,./data/processed/exercises/FGC2_S_E07.txt,En 2016 mi familia (tuvo) [adoptó a] una mascota,0
FGC2_S,./data/processed/exercises/FGC2_S_E08.txt,"Un perro, (que está muy cerca de mi corazón) [al que quiero mucho]",1
FGC2_S,./data/processed/exercises/FGC2_S_E09.txt,"Es un pueblo muy pequeño, pero (tienen) [tiene] una escuela secundaria superior de deportes",1
FGC2_S,./data/processed/exercises/FGC2_S_E10.txt,Conocí [a] muchas personas allí,0
FGC2_S,./data/processed/exercises/FGC2_S_E11.txt,"Muchas personas allí, (quienes) [que] son mis buenos amigos",0
FGC2_S,./data/processed/exercises/FGC2_S_E13.txt,A los 18 (tuvo) [obtuve] el permiso de conducir,0
FGC2_S,./data/processed/exercises/FGC2_S_E15.txt,En 2021 (completé) [terminé] la escuela,0
FGC2_S,./data/processed/exercises/FGC2_S_E14.txt,Y (terminé jugando) [dejé de jugar] al fútbol,1
FGC2_S,./data/processed/exercises/FGC2_S_E12.txt,(Completé) [hice] el servicio militar,0
BEA1_S,./data/processed/exercises/BEA1_S_E01.txt,(Yo) nací el 11 de septiembre de 2001,1
BEA1_S,./data/processed/exercises/BEA1_S_E04.txt,Nací (en) [el] / (once) [11 de] (Septiembre) / [septiembre de] 2001,0
BEA1_S,./data/processed/exercises/BEA1_S_E02.txt,(Belgicá) [Bélgica] / enfermedad (cronica) [crónica] / (dificil) [difícil] / (tambien) [también],1
BEA1_S,./data/processed/exercises/BEA1_S_E03.txt,Las etapas (muy importante) [más importantes] de mi vida,0
BEA1_S,./data/processed/exercises/BEA1_S_E06.txt,(de) [desde] mi nacimiento (a) [hasta los] 16 años,0
BEA1_S,./data/processed/exercises/BEA1_S_E05.txt,"Desde mi nacimiento hasta los 16 años, (estaba) [fui] una chica muy feliz / (estaba) [fue] un momento muy difícil / (estaba) [fue] la mejor etapa de mi vida",0
BEA1_S,./data/processed/exercises/BEA1_S_E07.txt,"Cuando tenía 16 años, (tenía) [me diagnosticaron] una enfermedad crónica",0
BEA1_S,./data/processed/exercises/BEA1_S_E14.txt,Los años (siguiente) [siguientes] / (mi) [mis] amigos,1
BEA1_S,./data/processed/exercises/BEA1_S_E08.txt,Fui a Reino Unido (por) [para] estudiar,0
BEA1_S,./data/processed/exercises/BEA1_S_E11.txt,(cinqo) [cinco] meses / (quando) [cuando],1
BEA1_S,./data/processed/exercises/BEA1_S_E10.txt,(encanté) [conocí a],0
BEA1_S,./data/processed/exercises/BEA1_S_E13.txt,"El año pasado fui a Budapest por una escuela de verano, me gusta [mucho] ese lugar (mucho)",0
BEA1_S,./data/processed/exercises/BEA1_S_E12.txt,"El año pasado fui a Budapest por una escuela de verano, me gusta mucho (este) [ese] lugar / (Este) [Esto] me hizo muy feliz",0
BEA1_S,./data/processed/exercises/BEA1_S_E15.txt,Esto me (dio) [hizo] / (mucho) [muy] feliz,1
BEA1_S,./data/processed/exercises/BEA1_S_E09.txt,escribí (un systematic review) [una revisión sistemática],0
FJE1_S,./data/processed/exercises/FJE1_S_E06.txt,Yo nací (en) [el] (cinco) [5] de abril de 2005 en Francia,1
FJE1_S,./data/processed/exercises/FJE1_S_E07.txt,No (me recuerde) [recuerdo] mi vida,1
FJE1_S,./data/processed/exercises/FJE1_S_E03.txt,(desde) [de] 2005 a 2010,1
FJE1_S,./data/processed/exercises/FJE1_S_E14.txt,sé que (fue) [fueron] buenos momentos / (fue) [fueron] dos momentos muy (difícil) [difíciles] en mi vida,1
FJE1_S,./data/processed/exercises/FJE1_S_E13.txt,estudié en (este) [esta] ciudad hasta 2020 / (una) [un] día mi abuela,1
FJE1_S,./data/processed/exercises/FJE1_S_E02.txt,(conicí) [conocí],0
FJE1_S,./data/processed/exercises/FJE1_S_E05.txt,Conocí [a] muchas amigas,0
FJE1_S,./data/processed/exercises/FJE1_S_E04.txt,(Hice) [Llevé] una vida muy feliz,0
FJE1_S,./data/processed/exercises/FJE1_S_E01.txt,mi abuela (enfermedó) [enfermó],1
FJE1_S,./data/processed/exercises/FJE1_S_E15.txt,(adoptó) [adopté a] un perro que se llama Sparrow,1
FJE1_S,./data/processed/exercises/FJE1_S_E11.txt,perdí (una otra) [a otra] abuela,1
FJE1_S,./data/processed/exercises/FJE1_S_E08.txt,mi (vade) [vida],0
FJE1_S,./data/processed/exercises/FJE1_S_E12.txt,fue mi profesora de (Frances) [francés],0
FJE1_S,./data/processed/exercises/FJE1_S_E10.txt,(hizé) [cursé] el bachillerato,0
FJE1_S,./data/processed/exercises/FJE1_S_E09.txt,cursé el (BAC) [bachillerato],0
GKN1_S,./data/processed/exercises/GKN1_S_E01.txt,nació en (Thessaloniki) [Tesalónica/Salónica] / (Napoli) [Nápoles] / y empezó a estudiar Química en (Aristotel Universidad de Thessaloniki) [la Universidad Aristóteles de Salónica] / estudió durante un año en (Ioannia Universidad) [en la Universidad de Ioánina],1
GKN1_S,./data/processed/exercises/GKN1_S_E10.txt,nació en Salónica (en) [el] cuatro de (Octubre) [octubre] (en) [de] 2002,1
GKN1_S,./data/processed/exercises/GKN1_S_E07.txt,el (quatro) [cuatro] de octubre / y empezó (Qumíqa) [Química],1
GKN1_S,./data/processed/exercises/GKN1_S_E02.txt,terminó (sus) [su] escuela secundaria / en (sus) [su] ciudad,1
GKN1_S,./data/processed/exercises/GKN1_S_E03.txt,(viajo) [viajó],0
GKN1_S,./data/processed/exercises/GKN1_S_E08.txt,y empezó [a estudiar] Química en la Universidad Aristóteles de Salónica (estudiar) en 2022,0
GKN1_S,./data/processed/exercises/GKN1_S_E06.txt,estudió durante (uno) [un] año en la Universidad de Ioánina,0
GKN1_S,./data/processed/exercises/GKN1_S_E14.txt,(simulatáneamente) [simultáneamente],1
GKN1_S,./data/processed/exercises/GKN1_S_E15.txt,(Inglés) [inglés] / (Aleman) [alemán],0
GKN1_S,./data/processed/exercises/GKN1_S_E12.txt,como (lider) [líder] de grupo / (certificadó) [certificado] / (aleman) [alemán],1
GKN1_S,./data/processed/exercises/GKN1_S_E04.txt,como (líder de grupo) [monitora],0
GKN1_S,./data/processed/exercises/GKN1_S_E09.txt,viajó sola por primera vez (en) [a] Italia,0
GKN1_S,./data/processed/exercises/GKN1_S_E13.txt,En 2016 [obtuvo el] certificado de inglés (C2) de nivel [C2] / [el] certificado de alemán (B2) de nivel [B2],0
GKN1_S,./data/processed/exercises/GKN1_S_E11.txt,(desde) hace 10 meses participó en una competición de baile,0
GKN1_S,./data/processed/exercises/GKN1_S_E05.txt,(una baile competición) [una competición de baile] / clases de (oriental) baile [oriental],1
CFI1_S,./data/processed/exercises/CFI1_S_E01.txt,Nací el 28 de agosto [de] 2002 / En noviembre [de] 2007,1
CFI1_S,./data/processed/exercises/CFI1_S_E02.txt,muchos de mis [primeros] años (primeros),0
CFI1_S,./data/processed/exercises/CFI1_S_E03.txt,muchos de mis (primeras) [primeros] años,1
CFI1_S,./data/processed/exercises/CFI1_S_E04.txt,[nos] mudamos a la calle Albertus / [me] cambié a una nueva escuela,0
CFI1_S,./data/processed/exercises/CFI1_S_E05.txt,(después de) dos años [después de] que mi hermano naciera,1
CFI1_S,./data/processed/exercises/CFI1_S_E06.txt,(aquí) [ahí] empecé,0
CFI1_S,./data/processed/exercises/CFI1_S_E07.txt,empecé (a) [en] una nueva escuela / escogí (a) mudarme / estudié (a) [en] JRR por 4 años,0
CFI1_S,./data/processed/exercises/CFI1_S_E10.txt,"(Pues, ) [Así pues, ] nos mudamos",0
CFI1_S,./data/processed/exercises/CFI1_S_E09.txt,[séptimo] grado (7),1
CFI1_S,./data/processed/exercises/CFI1_S_E15.txt,una escuela solo (por) [para] chicas,0
CFI1_S,./data/processed/exercises/CFI1_S_E12.txt,conocí [a] dos de mis mejores amigas / adoptamos [a] Luna,0
CFI1_S,./data/processed/exercises/CFI1_S_E08.txt,"Luna, (un perro) [una perra]",1
CFI1_S,./data/processed/exercises/CFI1_S_E11.txt,mis cursos (estaban) [eran] todos en línea,1
CFI1_S,./data/processed/exercises/CFI1_S_E14.txt,(emperezas) [empresas],0
CFI1_S,./data/processed/exercises/CFI1_S_E13.txt,(respectadas) [respetadas],1
PBJ1_S,./data/processed/exercises/PBJ1_S_E02.txt,soy (Holandesa) [holandesa],0
PBJ1_S,./data/processed/exercises/PBJ1_S_E04.txt,mi familia es de (Surinama) [Surinam] / (Rotterdam) [Róterdam] / (Capelle a/d Ijssel) [Capelle aan den IJssel],1
PBJ1_S,./data/processed/exercises/PBJ1_S_E05.txt,Nosotros [nos] mudamos,0
PBJ1_S,./data/processed/exercises/PBJ1_S_E09.txt,pero (mudamos atrás) [volvimos],1
PBJ1_S,./data/processed/exercises/PBJ1_S_E06.txt,(fue mi) [fueron mis] vacaciones (favorita) [favoritas],0
PBJ1_S,./data/processed/exercises/PBJ1_S_E10.txt,Hace tres meses (pasado) mi bisabuela murió,0
PBJ1_S,./data/processed/exercises/PBJ1_S_E01.txt,hace tres meses (la madre de mi abuela) [mi bisabuela] murió,1
PBJ1_S,./data/processed/exercises/PBJ1_S_E15.txt,en el primer año de [la] escuela secundaria / en [la] escuela secundaria,0
PBJ1_S,./data/processed/exercises/PBJ1_S_E13.txt,también (hubí) [conocí],0
PBJ1_S,./data/processed/exercises/PBJ1_S_E03.txt,(mi) [mis] cinco amigas,1
PBJ1_S,./data/processed/exercises/PBJ1_S_E14.txt,mis (5) [cinco] amigas,1
PBJ1_S,./data/processed/exercises/PBJ1_S_E07.txt,En 2020 mi padre (adoptivo) [adoptó],0
PBJ1_S,./data/processed/exercises/PBJ1_S_E11.txt,conocí [a] mis cinco amigas / mi padre adoptó [a] mi perro,0
PBJ1_S,./data/processed/exercises/PBJ1_S_E08.txt,es (un mix) [un cruce],1
PBJ1_S,./data/processed/exercises/PBJ1_S_E12.txt,de shih tzu y (malteser) [bichón maltés],0
TCW1_S,./data/processed/exercises/TCW1_S_E01.txt,tengo (uno) [un] hermano muy guapo,0
TCW1_S,./data/processed/exercises/TCW1_S_E10.txt,(guabo) [guapo],1
TCW1_S,./data/processed/exercises/TCW1_S_E03.txt,me encanta hacer mucho (deportes) [deporte] / recibí (mucho) [muchos] deberes,1
TCW1_S,./data/processed/exercises/TCW1_S_E12.txt,desde [que] era pequeño,0
TCW1_S,./data/processed/exercises/TCW1_S_E11.txt,(mi familia y yo) [a mi familia y a mí] nos gusta viajar,0
TCW1_S,./data/processed/exercises/TCW1_S_E15.txt,espero volverme (la) [una] persona,0
TCW1_S,./data/processed/exercises/TCW1_S_E14.txt,aunque (recibí) [me pusieron] muchos deberes,0
TCW1_S,./data/processed/exercises/TCW1_S_E06.txt,"fui a viajar (en) [a] Japón en 2018 / viajé (en) [a] Nepal / viajé (en) [a] Francia, Alemania, Holanda y españa / entré [en] la escuela secundaria",0
TCW1_S,./data/processed/exercises/TCW1_S_E09.txt,empecé la vida (escolar) [académica] en mi universidad,1
TCW1_S,./data/processed/exercises/TCW1_S_E04.txt,(de) [desde] 2021 (al) [hasta] ahora,0
TCW1_S,./data/processed/exercises/TCW1_S_E08.txt,"viajé a Francia, Alemania, (Holandesa) [Holanda] y España",1
TCW1_S,./data/processed/exercises/TCW1_S_E05.txt,en agosto [de] este año,1
TCW1_S,./data/processed/exercises/TCW1_S_E02.txt,(special) [especiales],0
TCW1_S,./data/processed/exercises/TCW1_S_E07.txt,(exquistezes) [exquisiteces],0
TCW1_S,./data/processed/exercises/TCW1_S_E13.txt,espero volverme (una gente útil) [una persona útil],0
PNA1_S,./data/processed/exercises/PNA1_S_E10.txt,Nací en enero (en) [de] 2004,1
PNA1_S,./data/processed/exercises/PNA1_S_E06.txt,(tuvé) [tuve] / (hicé) [hice],1
PNA1_S,./data/processed/exercises/PNA1_S_E11.txt,"Cuando tenía cinco años, (yo) fui a la escuela",1
PNA1_S,./data/processed/exercises/PNA1_S_E04.txt,(y) [e] hice,0
PNA1_S,./data/processed/exercises/PNA1_S_E05.txt,(descubré) [descubrí],0
PNA1_S,./data/processed/exercises/PNA1_S_E02.txt,cuando (soy) [tenía] ocho años,1
PNA1_S,./data/processed/exercises/PNA1_S_E12.txt,descubrí [que] Papá Noel no existe,0
PNA1_S,./data/processed/exercises/PNA1_S_E09.txt,descubrí que (el) Papá Noel no existe,1
PNA1_S,./data/processed/exercises/PNA1_S_E14.txt,(este) [esto] fue horrible,0
PNA1_S,./data/processed/exercises/PNA1_S_E01.txt,esto (estuvo) [fue] horrible,0
PNA1_S,./data/processed/exercises/PNA1_S_E13.txt,esto fue (muy) horrible,1
PNA1_S,./data/processed/exercises/PNA1_S_E07.txt,cuando terminé (a) la escuela,1
PNA1_S,./data/processed/exercises/PNA1_S_E15.txt,Allí (visté) [visité] a mi tía,1
PNA1_S,./data/processed/exercises/PNA1_S_E03.txt,ahora soy estudiante [de] intercambio,0
PNA1_S,./data/processed/exercises/PNA1_S_E08.txt,soy estudiante de intercambio (a) [en] la Universidad de Navarra,0
AKA1_S,./data/processed/exercises/AKA1_S_E04.txt,nací (en) el (primero) [1] de (Julio) [julio] / (en) [de] (dos mil dos) [2002] / desde verano [de] (dos mil veintidós) [2022],1
AKA1_S,./data/processed/exercises/AKA1_S_E05.txt,en (una) [un] hospital / la escuela (secundario) [secundaria],1
AKA1_S,./data/processed/exercises/AKA1_S_E03.txt,un hospital (en) [de] la ciudad Bielefeld / la escuela secundaria (en) [de] mi pueblo,0
AKA1_S,./data/processed/exercises/AKA1_S_E15.txt,(cuidad) [ciudad] / (juegé) [jugué] / (vaccaciones) [vacaciones] / (graduation) [graduación] / (una banka) [un banco],1
AKA1_S,./data/processed/exercises/AKA1_S_E09.txt,(mis) [mi] tercer cumpleaños,0
AKA1_S,./data/processed/exercises/AKA1_S_E08.txt,mi (tercero) [tercer] cumpleaños,0
AKA1_S,./data/processed/exercises/AKA1_S_E11.txt,(desde) hasta [los] dieciséis años,0
AKA1_S,./data/processed/exercises/AKA1_S_E07.txt,(fuí) [fui] / (dieciseis) [dieciséis] / (obtuvé) [obtuve] / (dos mil veintedos) [dos mil veintidós],1
AKA1_S,./data/processed/exercises/AKA1_S_E10.txt,hice [a] mi amiga favorita,0
AKA1_S,./data/processed/exercises/AKA1_S_E14.txt,desde hace siete años (hice) [tengo] un perro,1
AKA1_S,./data/processed/exercises/AKA1_S_E12.txt,pero él vive con mi familia (en) [por] el momento,1
AKA1_S,./data/processed/exercises/AKA1_S_E06.txt,fui (en) [a] Nueva York,0
AKA1_S,./data/processed/exercises/AKA1_S_E02.txt,mi [decimoctavo] cumpleaños (de dieciocho),1
AKA1_S,./data/processed/exercises/AKA1_S_E01.txt,fui a (New) [Nueva] York,1
AKA1_S,./data/processed/exercises/AKA1_S_E13.txt,(fue voluntario) [fui voluntaria],0
AHJ1_S,./data/processed/exercises/AHJ1_S_E11.txt,(hasta tuve 3 años) [hasta que cumplí los 3 años] / (hasta tuve 22 años) [hasta que cumplí los 22 años],0
AHJ1_S,./data/processed/exercises/AHJ1_S_E07.txt,después nos mudamos (en) [a] una casa grande,0
AHJ1_S,./data/processed/exercises/AHJ1_S_E10.txt,(deste) [desde] / (jugé) [jugué] / (voleybol) [voleibol] / (quatro) [cuatro],1
AHJ1_S,./data/processed/exercises/AHJ1_S_E08.txt,(empezé) [empecé],0
AHJ1_S,./data/processed/exercises/AHJ1_S_E06.txt,(y) [e] hice,0
AHJ1_S,./data/processed/exercises/AHJ1_S_E12.txt,(obtuve) [hice] una amiga,0
AHJ1_S,./data/processed/exercises/AHJ1_S_E13.txt,para [toda la] vida,1
AHJ1_S,./data/processed/exercises/AHJ1_S_E15.txt,(ella) [su] nombre es Damaris,0
AHJ1_S,./data/processed/exercises/AHJ1_S_E05.txt,empecé [a] estudiar,0
AHJ1_S,./data/processed/exercises/AHJ1_S_E09.txt,jugué desde (hace) [los] quince años,0
AHJ1_S,./data/processed/exercises/AHJ1_S_E14.txt,"fui (un) [una] ""au pair"" / como (empleado) [empleada] industrial",1
AHJ1_S,./data/processed/exercises/AHJ1_S_E03.txt,desde julio [de] 2022 hasta agosto [de] 2023,1
AHJ1_S,./data/processed/exercises/AHJ1_S_E02.txt,(para) [por] un año / (para) [por] cuatro meses,0
AHJ1_S,./data/processed/exercises/AHJ1_S_E04.txt,empecé (una práctica) [unas prácticas],0
AHJ1_S,./data/processed/exercises/AHJ1_S_E01.txt,empecé a estudiar (Business Administration) [Administración de Empresas],1
GMO1_S,./data/processed/exercises/GMO1_S_E04.txt,(biografia) [biografía] / (electronicos) [electrónicos] / (futbol) [fútbol] / (fué) [fue] / (proximos) [próximos] / (tia) [tía] / (dificil) [difícil],1
GMO1_S,./data/processed/exercises/GMO1_S_E03.txt,en (la central) [el centro] de la ciudad de Atenas,0
GMO1_S,./data/processed/exercises/GMO1_S_E15.txt,puedo recordar (muchas) [mucho] sobre mí mismo,0
GMO1_S,./data/processed/exercises/GMO1_S_E01.txt,sobre (mi) [mí] mismo / porque (el) (él) iba,0
GMO1_S,./data/processed/exercises/GMO1_S_E02.txt,por (exemplo) [ejemplo],1
GMO1_S,./data/processed/exercises/GMO1_S_E05.txt,"dos gatos, una naranja y (un) [el otro] negro",1
GMO1_S,./data/processed/exercises/GMO1_S_E11.txt,la escuela (primera) [primaria],1
GMO1_S,./data/processed/exercises/GMO1_S_E12.txt,y mi [mejor] amigo (mejor) / la [mejor] persona (mejor),0
GMO1_S,./data/processed/exercises/GMO1_S_E06.txt,no puedo recordar (a) muchas cosas,1
GMO1_S,./data/processed/exercises/GMO1_S_E14.txt,los años (próximos) [siguientes] fueron,0
GMO1_S,./data/processed/exercises/GMO1_S_E13.txt,él iba (en) [a] una escuela diferente / estoy en Pamplona en España (para) [por] 4 meses,0
GMO1_S,./data/processed/exercises/GMO1_S_E08.txt,(tuve el mejor tiempo del mundo) [pasé el mejor momento de mi vida],1
GMO1_S,./data/processed/exercises/GMO1_S_E07.txt,"en (este) [ese] momento, era la mejor persona",0
GMO1_S,./data/processed/exercises/GMO1_S_E09.txt,desde (a) los 18,0
GMO1_S,./data/processed/exercises/GMO1_S_E10.txt,por un (program) [programa de] intercambio,0
CGT1_S,./data/processed/exercises/CGT1_S_E14.txt,no recuerdo muchas cosas de (edad 1-6) [mis primeros seis años de vida],1
CGT1_S,./data/processed/exercises/CGT1_S_E02.txt,recuerdo un (familia) viaje [familiar] a Taiwán,1
CGT1_S,./data/processed/exercises/CGT1_S_E11.txt,(Taiwan) [Taiwán],1
CGT1_S,./data/processed/exercises/CGT1_S_E09.txt,conocí [a] la gente local / conocí [a] mi primera mejor amiga,0
CGT1_S,./data/processed/exercises/CGT1_S_E12.txt,"(después de) 3 años [después], hice otro viaje",1
CGT1_S,./data/processed/exercises/CGT1_S_E08.txt,"3 años después, (tuve) [hice] otro viaje",0
CGT1_S,./data/processed/exercises/CGT1_S_E13.txt,fui con compañeros (en) [de] la escuela / el primer año (en) [de] la escuela secundaria,0
CGT1_S,./data/processed/exercises/CGT1_S_E05.txt,"(en) el primer año de la escuela secundaria, fui / (en) el año pasado, enseñé un curso",0
CGT1_S,./data/processed/exercises/CGT1_S_E15.txt,fui (a un) [de] viaje de estudios a Reino Unido,1
CGT1_S,./data/processed/exercises/CGT1_S_E03.txt,conocí a mi primera mejor amiga en (este) [ese] viaje,0
CGT1_S,./data/processed/exercises/CGT1_S_E04.txt,fueron (el mejor tiempo en) [los mejores momentos de] mi vida,1
CGT1_S,./data/processed/exercises/CGT1_S_E06.txt,conocí a la gente local (muy) [tan] amable,0
CGT1_S,./data/processed/exercises/CGT1_S_E01.txt,soy (un) [una] estudiante de intercambio,1
CGT1_S,./data/processed/exercises/CGT1_S_E07.txt,soy una estudiante de intercambio (a) [en] la Universidad de Navarra,0
CGT1_S,./data/processed/exercises/CGT1_S_E10.txt,el primer viaje (sin un padre o maestro) [a solas] con mis amigos,0
CGS1_S,./data/processed/exercises/CGS1_S_E09.txt,"soy de Canada y (yo) nací en 2002 / no recuerdo mucho de mis primeros años de vida, pero (yo) sé",0
CGS1_S,./data/processed/exercises/CGS1_S_E12.txt,pero yo (se) [sé],0
CGS1_S,./data/processed/exercises/CGS1_S_E11.txt,(en) [el] 5 de (Enero) [enero],0
CGS1_S,./data/processed/exercises/CGS1_S_E10.txt,(uno) [un] año,0
CGS1_S,./data/processed/exercises/CGS1_S_E14.txt,conocí [a] mi amiga / adoptamos [a] mis gatos / perdí [a] mis abuelos,0
CGS1_S,./data/processed/exercises/CGS1_S_E04.txt,(tambien) [también] / (proximos) [próximos],1
CGS1_S,./data/processed/exercises/CGS1_S_E08.txt,"(También, ) [Además, ]",0
CGS1_S,./data/processed/exercises/CGS1_S_E13.txt,"el año (próximo) [siguiente], conocí / los dos años (próximos) [siguientes] fueron difíciles",0
CGS1_S,./data/processed/exercises/CGS1_S_E07.txt,conocí a (una) otra amiga,1
CGS1_S,./data/processed/exercises/CGS1_S_E06.txt,escuela (secundario) [secundaria] / (mucho) [mucha] felicidad,1
CGS1_S,./data/processed/exercises/CGS1_S_E05.txt,(escuala) [escuela] / (secondaria) [secundaria] / (felizidad) [felicidad] / (differentes) [diferentes] / mi (compleaños) [cumpleaños],1
CGS1_S,./data/processed/exercises/CGS1_S_E01.txt,(me da mucha felicidad) [me hace muy feliz],1
CGS1_S,./data/processed/exercises/CGS1_S_E02.txt,mis compañeros de (cuaderno) [clase],0
CGS1_S,./data/processed/exercises/CGS1_S_E03.txt,mis compañeros de clase y yo [nos] conocimos,0
CGS1_S,./data/processed/exercises/CGS1_S_E15.txt,estoy (en) [de] intercambio,0
FDS1_S,./data/processed/exercises/FDS1_S_E10.txt,(empiecé) [empecé],0
FDS1_S,./data/processed/exercises/FDS1_S_E04.txt,(Paris) [París] / (Turquia) [Turquía] / (Africa) [África] / (politica) [política],1
FDS1_S,./data/processed/exercises/FDS1_S_E06.txt,cuando (fui) [tenía] 8 años / cuando (fui) [tenía] 14 años,1
FDS1_S,./data/processed/exercises/FDS1_S_E11.txt,me mudé (en) [a] una nueva casa,0
FDS1_S,./data/processed/exercises/FDS1_S_E01.txt,empecé (el) [a hacer] teatro,0
FDS1_S,./data/processed/exercises/FDS1_S_E14.txt,representamos [a] Francia dos veces,0
FDS1_S,./data/processed/exercises/FDS1_S_E02.txt,mi (tercero) [tercer] viaje,0
FDS1_S,./data/processed/exercises/FDS1_S_E08.txt,(sud) [sur],0
FDS1_S,./data/processed/exercises/FDS1_S_E05.txt,(deviní) [me hice] voluntaria,0
FDS1_S,./data/processed/exercises/FDS1_S_E09.txt,voluntaria (por) [para] Greenpeace,0
FDS1_S,./data/processed/exercises/FDS1_S_E07.txt,durante (todo) [toda] la escuela secundaria / durante (esta) [este] año / (un) [una] enfermedad muy (raro) [rara],1
FDS1_S,./data/processed/exercises/FDS1_S_E12.txt,conocí a mi mejor amiga Sofia durante (esta) [esa] etapa de mi vida,0
FDS1_S,./data/processed/exercises/FDS1_S_E03.txt,para estudiar (a) [en] la universidad,0
FDS1_S,./data/processed/exercises/FDS1_S_E15.txt,(ciensia) [ciencia] / (paralisada) [paralizada],1
FDS1_S,./data/processed/exercises/FDS1_S_E13.txt,y (fui) [quedé] paralizada,1
CMJ1_S,./data/processed/exercises/CMJ1_S_E06.txt,conocí [a] mi mejor amiga,0
CMJ1_S,./data/processed/exercises/CMJ1_S_E01.txt,no (hube) [tenía] muchos deberes,1
CMJ1_S,./data/processed/exercises/CMJ1_S_E07.txt,no tenía muchos deberes ni (hice muchas) [viví grandes] cosas,0
CMJ1_S,./data/processed/exercises/CMJ1_S_E09.txt,participé en (alguna) [algunas] competiciones,1
CMJ1_S,./data/processed/exercises/CMJ1_S_E02.txt,me (pensé) [sentí] muy feliz por cocinar con mi familia,1
CMJ1_S,./data/processed/exercises/CMJ1_S_E03.txt,me sentí muy feliz [por] cocinar con mi familia,0
CMJ1_S,./data/processed/exercises/CMJ1_S_E04.txt,"no pude salir, (también) [tampoco] pude ir a la escuela",0
CMJ1_S,./data/processed/exercises/CMJ1_S_E10.txt,me (encanta) [encantan] el clima y la comida,0
CMJ1_S,./data/processed/exercises/CMJ1_S_E05.txt,no recuerdo (a personas ni eventos) [nada ni a nadie],1
CMJ1_S,./data/processed/exercises/CMJ1_S_E13.txt,no recuerdo nada (y) [ni] a nadie,0
CMJ1_S,./data/processed/exercises/CMJ1_S_E08.txt,no recuerdo nada ni a nadie [de] antes,0
CMJ1_S,./data/processed/exercises/CMJ1_S_E11.txt,"[Finalmente, ] [Por último, ] en 2024 llegué",0
CMJ1_S,./data/processed/exercises/CMJ1_S_E14.txt,allí (comí) [probé] comida deliciosa,1
CMJ1_S,./data/processed/exercises/CMJ1_S_E15.txt,[me] fui sola a Japón,0
CMJ1_S,./data/processed/exercises/CMJ1_S_E12.txt,conduzco (el coche) [los coches] de mis amigos,0
CXY1_S,./data/processed/exercises/CXY1_S_E11.txt,viajé a muchas (cuidades) [ciudades],1
CXY1_S,./data/processed/exercises/CXY1_S_E05.txt,con (mis) [mi] familia,1
CXY1_S,./data/processed/exercises/CXY1_S_E10.txt,(empecé a estudiar) [estudié] en la secundaria de 2008 a 2022,0
CXY1_S,./data/processed/exercises/CXY1_S_E03.txt,(desde) [de] 2008 a 2022 / (desde) [de] 2024 a 2025,0
CXY1_S,./data/processed/exercises/CXY1_S_E13.txt,"(durante) [a] los 14 años, mi vida era muy ajetreada",0
CXY1_S,./data/processed/exercises/CXY1_S_E04.txt,mi vida era muy (ocupada) [ajetreada],1
CXY1_S,./data/processed/exercises/CXY1_S_E09.txt,mi vida era muy (ajetreado) [ajetreada] / fuimos a (muchas) [muchos] lugares,1
CXY1_S,./data/processed/exercises/CXY1_S_E06.txt,pero conocí [a] muchas buenas amigas,0
CXY1_S,./data/processed/exercises/CXY1_S_E07.txt,muchas [buenas] amigas (buenas),0
CXY1_S,./data/processed/exercises/CXY1_S_E15.txt,(normalmente) [siempre] estaba feliz de jugar con ellas,0
CXY1_S,./data/processed/exercises/CXY1_S_E12.txt,tuve un examen importante (hasta) [en] 2022,0
CXY1_S,./data/processed/exercises/CXY1_S_E01.txt,fue muy (monumental) [memorable],1
CXY1_S,./data/processed/exercises/CXY1_S_E08.txt,(tuve) [hice] una pasantía,1
CXY1_S,./data/processed/exercises/CXY1_S_E14.txt,hice una (práctica) [pasantía],1
CXY1_S,./data/processed/exercises/CXY1_S_E02.txt,durante (mi vacación) [mis vacaciones] de verano,0
CZY1_S,./data/processed/exercises/CZY1_S_E01.txt,para (mi) [mí],0
CZY1_S,./data/processed/exercises/CZY1_S_E03.txt,(Chino) [China] / (Sydney) [Sídney],1
CZY1_S,./data/processed/exercises/CZY1_S_E02.txt,"(También, ) [Además, ]",0
CZY1_S,./data/processed/exercises/CZY1_S_E04.txt,antes de (nacir) [nacer] / (jugé) [jugué] / (vivé) [viví],1
CZY1_S,./data/processed/exercises/CZY1_S_E07.txt,estudié chino (antes de nacer) [desde que nací],0
CZY1_S,./data/processed/exercises/CZY1_S_E06.txt,hasta [el] año 2010,0
CZY1_S,./data/processed/exercises/CZY1_S_E11.txt,gané (un medal) [una medalla] en 2019,0
CZY1_S,./data/processed/exercises/CZY1_S_E14.txt,(emprezé) [empecé],0
CZY1_S,./data/processed/exercises/CZY1_S_E10.txt,empecé [a] jugar,0
CZY1_S,./data/processed/exercises/CZY1_S_E15.txt,jugar [al] fútbol,1
CZY1_S,./data/processed/exercises/CZY1_S_E09.txt,(encontré) [conocí] a mis amigos,1
CZY1_S,./data/processed/exercises/CZY1_S_E08.txt,conocí [a] mis amigos,0
CZY1_S,./data/processed/exercises/CZY1_S_E05.txt,(mi familia y yo gustamos) [a mi familia y a mí nos gustó] la ciudad,0
CZY1_S,./data/processed/exercises/CZY1_S_E13.txt,(supe) [aprendí a] conducir en el verano de 2022,1
CZY1_S,./data/processed/exercises/CZY1_S_E12.txt,trabajé en una empresa por dos (mesas) [meses] / he vivido en Pamplona durante (una mesa) [un mes],0
EPA1_C,./data/processed/exercises/EPA1_C_E03.txt,estoy (escribiendole) [escribiéndole] / (ibamos) [íbamos] a vivir / (proxima) [próxima] / (dias) [días] / (todavia) [todavía] /  y (dijó) [dijo],1
EPA1_C,./data/processed/exercises/EPA1_C_E12.txt,(al pasar dos semanas) [al cabo de dos semanas],1
EPA1_C,./data/processed/exercises/EPA1_C_E06.txt,de una manera fácil y sin (argumentos) [discusiones],0
EPA1_C,./data/processed/exercises/EPA1_C_E05.txt,la comida que yo estaba metiendo en la nevera (se) desaparecía,0
EPA1_C,./data/processed/exercises/EPA1_C_E07.txt,le (pregunte) [pregunté] a mi compañera si había / a (mi) [mí] me pareció / explicarle (como) [cómo] lo resolví / no sabía (que) [qué] hacer,0
EPA1_C,./data/processed/exercises/EPA1_C_E04.txt,alguna posibilidad [de] que / la idea [de] que yo debería / sorprendida [de] que yo la hubiese llamado / aliviada [de] que pudiéramos,0
EPA1_C,./data/processed/exercises/EPA1_C_E02.txt,alguna posibilidad de que ella [se] estuviera comiendo mi comida / estaba ella (comiendo) [comiéndose] mi almuerzo,0
EPA1_C,./data/processed/exercises/EPA1_C_E08.txt,[a] la mañana siguiente fui a recoger mi comida,1
EPA1_C,./data/processed/exercises/EPA1_C_E09.txt,estaba (tan) [muy] frustrada y confundida porque la única,0
EPA1_C,./data/processed/exercises/EPA1_C_E01.txt,entonces llamé a (nuestra House Manager) [la encargada de nuestro piso],1
EPA1_C,./data/processed/exercises/EPA1_C_E13.txt,si seguía haciendo eso la iban a (cambiar de) [echar del] piso,0
EPA1_C,./data/processed/exercises/EPA1_C_E14.txt,y (paró de comer) [dejó de comerse] mi comida,0
EPA1_C,./data/processed/exercises/EPA1_C_E15.txt,"íbamos a cenar juntas una vez a la semana, (donde nos turnamos) [turnándonos]",1
EPA1_C,./data/processed/exercises/EPA1_C_E11.txt,(tomando turnos cocinando) [turnándonos para cocinar],1
EPA1_C,./data/processed/exercises/EPA1_C_E10.txt,"entonces, la (próxima) [siguiente] vez que vino a limpiar / la (próxima) [siguiente] vez que cociné",0
ERA1_C,./data/processed/exercises/ERA1_C_E11.txt,Ojalá este semestre [te] esté yendo bien (contigo),0
ERA1_C,./data/processed/exercises/ERA1_C_E09.txt,(ultimo) [último] año / (paso) [pasó] / (mas) [más],0
ERA1_C,./data/processed/exercises/ERA1_C_E06.txt,(este) [esta] carta / (nuestro) [nuestra] experiencia,1
ERA1_C,./data/processed/exercises/ERA1_C_E05.txt,(pasó) [surgió] un conflicto / (tengas) [mantengas] un tono conciliador,0
ERA1_C,./data/processed/exercises/ERA1_C_E12.txt,todas (de) nosotras,1
ERA1_C,./data/processed/exercises/ERA1_C_E07.txt,la misma Universidad (en) [de] los Estados Unidos,0
ERA1_C,./data/processed/exercises/ERA1_C_E13.txt,es esencial para el proceso de mediación que no [haya faltas de respeto hacia] (falta del respeto a) nadie,1
ERA1_C,./data/processed/exercises/ERA1_C_E03.txt,(estabamos) [estábamos] / (queriamos) [queríamos] / (tambien) [también] / (economico) [económico] / (hótel) [hotel] / (facil) [fácil],1
ERA1_C,./data/processed/exercises/ERA1_C_E14.txt,un tono (calmado) [conciliador],1
ERA1_C,./data/processed/exercises/ERA1_C_E08.txt,(quieremos) [queremos] / (barrato) [barato] / (necessaria) [necesaria] / (expectitivas) [expectativas] / (nosotoras) [nosotras] / (cádo) [caro],0
ERA1_C,./data/processed/exercises/ERA1_C_E04.txt,insistíamos [en] que eso no sería / elegir (a) un AirBnb,0
ERA1_C,./data/processed/exercises/ERA1_C_E10.txt,durante los (fines de semanas) [fines de semana],1
ERA1_C,./data/processed/exercises/ERA1_C_E15.txt,fueron (algunos) momentos muy incómodos,1
ERA1_C,./data/processed/exercises/ERA1_C_E02.txt,(scolares) [académicos] / (essential) [esencial],1
ERA1_C,./data/processed/exercises/ERA1_C_E01.txt,necesitábamos (encontrar algún lado común) [llegar a un punto medio],1
BSC1_C,./data/processed/exercises/BSC1_C_E13.txt,escribo para (informar) [informarle a] usted,1
BSC1_C,./data/processed/exercises/BSC1_C_E02.txt,la solución que (pensamos) [encontramos],0
BSC1_C,./data/processed/exercises/BSC1_C_E08.txt,que (nosotras) encontramos,1
BSC1_C,./data/processed/exercises/BSC1_C_E04.txt,(maquinas) [máquinas] / (deberia) [debería] / (reuni) [reuní] / (proxima) [próxima] / (fué) [fue] / (aqui) [aquí],1
BSC1_C,./data/processed/exercises/BSC1_C_E10.txt,puede (imaginar) [imaginarse],0
BSC1_C,./data/processed/exercises/BSC1_C_E12.txt,puede imaginarse (el tamaño) [la magnitud] del desorden,0
BSC1_C,./data/processed/exercises/BSC1_C_E01.txt,la magnitud (de la confusión) [del desorden],0
BSC1_C,./data/processed/exercises/BSC1_C_E11.txt,(pusieron la culpa en) [le echaron la culpa a] las recién llegadas,1
BSC1_C,./data/processed/exercises/BSC1_C_E03.txt,después de esto (dejaron de se) [se dejaron de] hablar / cualquier cosa puede (se tornar) [tornarse] motivo de pelea,0
BSC1_C,./data/processed/exercises/BSC1_C_E07.txt,reuní [a] un grupo de chicas,0
BSC1_C,./data/processed/exercises/BSC1_C_E06.txt,la (próxima) [siguiente] chica que desee utilizarla,0
BSC1_C,./data/processed/exercises/BSC1_C_E14.txt,las etiquetas (para identificación) [identificativas],1
BSC1_C,./data/processed/exercises/BSC1_C_E09.txt,en la (gráfica) [imprenta] del barrio,0
BSC1_C,./data/processed/exercises/BSC1_C_E05.txt,se (quedaron) [sintieron] ofendidas,1
BSC1_C,./data/processed/exercises/BSC1_C_E15.txt,(sentisen) [sintiesen] / (dejaram) [dejaron] / (quedaram) [quedaron] / (exames) [exámenes],1
IDE1_C,./data/processed/exercises/IDE1_C_E05.txt,espero que todo vaya bien (con usted),0
IDE1_C,./data/processed/exercises/IDE1_C_E01.txt,(esta) [está] / (mas) [más] / (mi) [mí],0
IDE1_C,./data/processed/exercises/IDE1_C_E02.txt,(contracto) [contrato],1
IDE1_C,./data/processed/exercises/IDE1_C_E03.txt,con [otras] tres (otras) personas,1
IDE1_C,./data/processed/exercises/IDE1_C_E14.txt,con otras tres (niños) [personas],0
IDE1_C,./data/processed/exercises/IDE1_C_E09.txt,(simpaticos) [simpáticos] / (unico) [único] / (dia) [día] / (domesticas) [domésticas] / (aqui) [aquí],1
IDE1_C,./data/processed/exercises/IDE1_C_E12.txt,(frego) [friego],0
IDE1_C,./data/processed/exercises/IDE1_C_E04.txt,las clases son muy (intensivas) [intensas] aquí en la Universidad de Navarra,0
IDE1_C,./data/processed/exercises/IDE1_C_E15.txt,tengo muchos deberes y proyectos (para) [que] entregar,1
IDE1_C,./data/processed/exercises/IDE1_C_E06.txt,la gente que vive allí (debe) [deben] mantener el piso en buenas condiciones,1
IDE1_C,./data/processed/exercises/IDE1_C_E08.txt,limpiar (detrás de) [lo que ensucian] mis compañeros / mantener el piso en (una buena condición) [buenas condiciones],1
IDE1_C,./data/processed/exercises/IDE1_C_E11.txt,solo quiero ser responsable (para) [de] mí misma,0
IDE1_C,./data/processed/exercises/IDE1_C_E07.txt,(consequencias) [consecuencias],1
IDE1_C,./data/processed/exercises/IDE1_C_E10.txt,si hay consecuencias (de no hacer nada de ayuda) [por no ser de utilidad] en el apartamento,0
IDE1_C,./data/processed/exercises/IDE1_C_E13.txt,la que (hace cada cosa) [se encarga de todo] en este apartamento,1
CAJ1_C,./data/processed/exercises/CAJ1_C_E09.txt,un conflicto que (yo) solucioné,1
CAJ1_C,./data/processed/exercises/CAJ1_C_E02.txt,(habia) [había] / (jabon) [jabón] / (facil) [fácil],1
CAJ1_C,./data/processed/exercises/CAJ1_C_E11.txt,que todo [el] mundo usaba / (todos entre) [todo el mundo en] el apartamento / todos [los] que viven en el apartamento,1
CAJ1_C,./data/processed/exercises/CAJ1_C_E14.txt,se (pusieron enfadados) [enfadaron] / les pedí que (tomaran un voto) [votaran],1
CAJ1_C,./data/processed/exercises/CAJ1_C_E13.txt,(escuchamos la) [dimos] voz a todos,0
CAJ1_C,./data/processed/exercises/CAJ1_C_E10.txt,las personas (enfadados) [enfadadas],1
CAJ1_C,./data/processed/exercises/CAJ1_C_E12.txt,(mas) [más] / (como) [cómo] / (tenia) [tenía] / (cuanto) [cuánto],0
CAJ1_C,./data/processed/exercises/CAJ1_C_E15.txt,"cuando (nos pusimos de acuerdo del tiempo) [acordamos una hora], nos encontramos en la cocina",0
CAJ1_C,./data/processed/exercises/CAJ1_C_E07.txt,compraban (cosas para limpiar) [productos de limpieza] / (cosas de comer) [comida],0
CAJ1_C,./data/processed/exercises/CAJ1_C_E08.txt,(en una) [de] manera,1
CAJ1_C,./data/processed/exercises/CAJ1_C_E06.txt,se dieron cuenta [de] que / se va [a] comprar / sus opiniones (en) [sobre] cómo resolver el conflicto,0
CAJ1_C,./data/processed/exercises/CAJ1_C_E05.txt,(unas) [algunas] cosas,1
CAJ1_C,./data/processed/exercises/CAJ1_C_E03.txt,se tienen que comprar (más frecuente) [con mayor frecuencia],0
CAJ1_C,./data/processed/exercises/CAJ1_C_E01.txt,escoger un (tiempo) [momento] para hablar,0
CAJ1_C,./data/processed/exercises/CAJ1_C_E04.txt,(occurió) [ocurrió] / (escojer) [escoger] / jabón de (loca) [loza] / (felic) [feliz] / (frequentemente) [frecuentemente] / (dicución) [discusión],1
IMM1_C,./data/processed/exercises/IMM1_C_E02.txt,estoy aquí desde [hace] dos meses,0
IMM1_C,./data/processed/exercises/IMM1_C_E08.txt,y afortunadamente (yo) he conseguido / por qué (ellas) estaban tan enfadadas,1
IMM1_C,./data/processed/exercises/IMM1_C_E05.txt,(queriamos) [queríamos] / (dia) [día] / (seguia) [seguía] / (proposito) [propósito],1
IMM1_C,./data/processed/exercises/IMM1_C_E07.txt,(encontré delante de la clase a Amaia y Ana que se estaban peleando) [vi que Amaia y Ana se estaban peleando delante de la clase],1
IMM1_C,./data/processed/exercises/IMM1_C_E04.txt,les pregunté lo que estaba pasando y (porque) [por qué] estaban tan enfadadas,0
IMM1_C,./data/processed/exercises/IMM1_C_E10.txt,por qué estaban tan enfadadas (la una con la otra),1
IMM1_C,./data/processed/exercises/IMM1_C_E03.txt,no quería (recibir una) [sacar] mala nota,0
IMM1_C,./data/processed/exercises/IMM1_C_E11.txt,entender [a] ambas partes de la situación,0
IMM1_C,./data/processed/exercises/IMM1_C_E12.txt,y les pusiera (una nota) [un cero] a las dos,0
IMM1_C,./data/processed/exercises/IMM1_C_E06.txt,hablé antes con las dos juntas y después (sola) [solo] con Amaia,0
IMM1_C,./data/processed/exercises/IMM1_C_E15.txt,discutimos (sobre) algunos detalles,0
IMM1_C,./data/processed/exercises/IMM1_C_E09.txt,"y que, (para mí) [en mi opinión], usted tenía que saber",1
IMM1_C,./data/processed/exercises/IMM1_C_E13.txt,"he conseguido conocer a muchas personas (y) [, entre ellas] estudiantes[,] de Pamplona",1
IMM1_C,./data/processed/exercises/IMM1_C_E14.txt,"(mientras estaba yendo a clase) [al llegar a la universidad, ] vi que Amaia y Ana se estaban peleando delante de la clase",1
IMM1_C,./data/processed/exercises/IMM1_C_E01.txt,para (mi) [mí],0
RMD1_C,./data/processed/exercises/RMD1_C_E04.txt,(se crean) [surgen] conflictos,0
RMD1_C,./data/processed/exercises/RMD1_C_E07.txt,(aveces) [a veces] / (estube) [estuve] / (seguiente) [siguiente] / (ocurió) [ocurrió],1
RMD1_C,./data/processed/exercises/RMD1_C_E11.txt,a veces hay (pocas copias) [pocos ejemplares],0
RMD1_C,./data/processed/exercises/RMD1_C_E13.txt,a causa de esta falta de libros en línea (surgir un conflicto) [surgen conflictos] entre los estudiantes,0
RMD1_C,./data/processed/exercises/RMD1_C_E09.txt,(el siguiente) [lo que sigue] es,1
RMD1_C,./data/processed/exercises/RMD1_C_E10.txt,por (respecto) [respeto] a su dignidad,1
RMD1_C,./data/processed/exercises/RMD1_C_E01.txt,los bibliotecarios decían que habia (sola) [solo] un ejemplar,0
RMD1_C,./data/processed/exercises/RMD1_C_E05.txt,que en (el) [ese] momento estaba fuera de la biblioteca,0
RMD1_C,./data/processed/exercises/RMD1_C_E08.txt,(unos) [algunos] de nosotros,1
RMD1_C,./data/processed/exercises/RMD1_C_E02.txt,(en) [para] mi sorpresa / limita el acceso en línea (de) [a] su libro / un día el profesor había dicho [de] utilizar su libro / la atención que usted ha puesto (para) [en] leer esta carta,0
RMD1_C,./data/processed/exercises/RMD1_C_E12.txt,(el) [él] no tenía,0
RMD1_C,./data/processed/exercises/RMD1_C_E14.txt,(esiendo) [siendo] que yo soy uno de los delegados,1
RMD1_C,./data/processed/exercises/RMD1_C_E15.txt,para ir a (hablar con) [pedirle a] el profesor si podría,1
RMD1_C,./data/processed/exercises/RMD1_C_E06.txt,una (carta de verificación) [autorización],1
RMD1_C,./data/processed/exercises/RMD1_C_E03.txt,(eclesiastica) [eclesiástica] / (linea) [línea] / (dia) [día] / (habia) [había] / (despues) [después] / (pregunte) [pregunté],1
ABA1_C,./data/processed/exercises/ABA1_C_E11.txt,pero ella (digo) [dijo],1
ABA1_C,./data/processed/exercises/ABA1_C_E08.txt,hemos podido solucionar (al) [el] problema,0
ABA1_C,./data/processed/exercises/ABA1_C_E06.txt,iba a (darnos) [ponernos] un cero,0
ABA1_C,./data/processed/exercises/ABA1_C_E03.txt,el (próximo) [siguiente] día de clase,0
ABA1_C,./data/processed/exercises/ABA1_C_E04.txt,(proximo) [próximo] / (dia) [día] / (despues) [después] / (ocurrio) [ocurrió],1
ABA1_C,./data/processed/exercises/ABA1_C_E09.txt,su (telefona) [teléfono] estaba roto,0
ABA1_C,./data/processed/exercises/ABA1_C_E12.txt,dos (horais) [horas] antes del vencimiento del proyecto,0
ABA1_C,./data/processed/exercises/ABA1_C_E01.txt,(submitir) [entregar] el proyecto,0
ABA1_C,./data/processed/exercises/ABA1_C_E07.txt,(tenia) [tenía] / (el) [él] debía / (esta) [está],0
ABA1_C,./data/processed/exercises/ABA1_C_E10.txt,cada persona (en) [de] mi grupo / estaba (en) [a] cargo de algo,0
ABA1_C,./data/processed/exercises/ABA1_C_E13.txt,un proyecto en grupo que valía [el] 55% de la nota final,1
ABA1_C,./data/processed/exercises/ABA1_C_E14.txt,un proyecto en grupo que (era) [valía] el 55% de la nota final,1
ABA1_C,./data/processed/exercises/ABA1_C_E15.txt,la profesora nos había (dado) [asignado] un proyecto en grupo,0
ABA1_C,./data/processed/exercises/ABA1_C_E05.txt,(occurió) [ocurrió] / (fonciona) [funciona] / (residence) [residencia],1
ABA1_C,./data/processed/exercises/ABA1_C_E02.txt,y (soy) [estoy] en la clase de español,1
LSR1_C,./data/processed/exercises/LSR1_C_E04.txt,es una falta de respeto (de) [a] los estudiantes,0
LSR1_C,./data/processed/exercises/LSR1_C_E05.txt,(lo que no es el caso para) [a diferencia de] la residencia,0
LSR1_C,./data/processed/exercises/LSR1_C_E09.txt,mi dinero [de] el primer mes,1
LSR1_C,./data/processed/exercises/LSR1_C_E01.txt,(cama) [habitación],0
LSR1_C,./data/processed/exercises/LSR1_C_E11.txt,por los (daños) [inconvenientes],0
LSR1_C,./data/processed/exercises/LSR1_C_E14.txt,un precio (bajo del) [inferior al] precio original,0
LSR1_C,./data/processed/exercises/LSR1_C_E15.txt,podía (pedir pagar un precio inferior a) [solicitar un descuento sobre] el precio original,1
LSR1_C,./data/processed/exercises/LSR1_C_E12.txt,tenía miedo [de] que,1
LSR1_C,./data/processed/exercises/LSR1_C_E10.txt,en (el sitio de internet) [la página web],0
LSR1_C,./data/processed/exercises/LSR1_C_E02.txt,[en mi habitación no había] ninguna de esas cosas (estaba presente en la habitación),1
LSR1_C,./data/processed/exercises/LSR1_C_E06.txt,ninguna de esas cosas (estaban) [estaba] presente,1
LSR1_C,./data/processed/exercises/LSR1_C_E08.txt,(acquí) [aquí],1
LSR1_C,./data/processed/exercises/LSR1_C_E07.txt,(tuvé) [tuve] / (residencía) [residencia] / (principió) [principio] / (habia) [había] / (sitió) [sitio] / (télevisión) [televisión] / (llegue) [llegué],1
LSR1_C,./data/processed/exercises/LSR1_C_E03.txt,me (paso) [pasó] / (explico) [explicó] / (acepto) [aceptó],0
LSR1_C,./data/processed/exercises/LSR1_C_E13.txt,(estudionte) [estudiante],1
BNS1_C,./data/processed/exercises/BNS1_C_E15.txt,emparejan a compañeras de piso (entre personas parecidas) [con perfiles similares],0
BNS1_C,./data/processed/exercises/BNS1_C_E06.txt,(estáva) [estaba] bien,1
BNS1_C,./data/processed/exercises/BNS1_C_E05.txt,(páis) [país] / (calido) [cálido] / (despues) [después] / (reclamaciónes) [reclamaciones],1
BNS1_C,./data/processed/exercises/BNS1_C_E10.txt,(ya que) [como] viene de un país cálido,0
BNS1_C,./data/processed/exercises/BNS1_C_E03.txt,(ella) viene de un país cálido / (ella) tiene la costumbre de ducharse / (ella) tuvo una discusión,1
BNS1_C,./data/processed/exercises/BNS1_C_E12.txt,una por la mañana y (una) [otra] por la noche,1
BNS1_C,./data/processed/exercises/BNS1_C_E09.txt,en (esta manera) [este sentido] no somos iguales,0
BNS1_C,./data/processed/exercises/BNS1_C_E13.txt,ninguna consideración (de) [por] su parte / tengan más cuidado (sobre) [con] las normas culturales,0
BNS1_C,./data/processed/exercises/BNS1_C_E04.txt,mi recomendación es que tengan (mas) [más] cuidado,0
BNS1_C,./data/processed/exercises/BNS1_C_E01.txt,"en (este) [ese] momento, yo pensaba que",0
BNS1_C,./data/processed/exercises/BNS1_C_E11.txt,"Carla, (como un modo de) [para] vengarse de mis quejas",1
BNS1_C,./data/processed/exercises/BNS1_C_E08.txt,vengarse de mis (reclamaciones) [quejas],0
BNS1_C,./data/processed/exercises/BNS1_C_E14.txt,(voy a tener mi dinero de vuelta) [me van a devolver mi dinero],1
BNS1_C,./data/processed/exercises/BNS1_C_E07.txt,"en (lo) [el] peor caso, ¿puedo cambiar de compañera?",0
BNS1_C,./data/processed/exercises/BNS1_C_E02.txt,de que (hacen parejas de) [emparejan a] compañeras de piso,1
RRT1_C,./data/processed/exercises/RRT1_C_E11.txt,entre una familia (nativa) [local] y algunos estudiantes de intercambio,0
RRT1_C,./data/processed/exercises/RRT1_C_E08.txt,a sus universidades no les importan sus notas (mientras que) [mientras] estudien aquí,0
RRT1_C,./data/processed/exercises/RRT1_C_E05.txt,"por eso, han (realizado) [montado] muchas fiestas",0
RRT1_C,./data/processed/exercises/RRT1_C_E02.txt,(casí) [casi] cada noche / (múcho) [mucho] ruido / (instantaneamente) [instantáneamente],1
RRT1_C,./data/processed/exercises/RRT1_C_E03.txt,pero el (jefe de los pisos) [administrador del edificio] no ha ofrecido,0
RRT1_C,./data/processed/exercises/RRT1_C_E01.txt,no (estoy tan cercano) [vivo tan cerca] de los estudiantes,1
RRT1_C,./data/processed/exercises/RRT1_C_E04.txt,no me (dieron) [di] cuenta hasta la semana pasada,1
RRT1_C,./data/processed/exercises/RRT1_C_E12.txt,no les (importa) [molesta] una fiesta de vez en cuando,0
RRT1_C,./data/processed/exercises/RRT1_C_E07.txt,no saben que los (vecino) [vecinos] se han quejado,1
RRT1_C,./data/processed/exercises/RRT1_C_E06.txt,[me] dirijo a usted porque,0
RRT1_C,./data/processed/exercises/RRT1_C_E14.txt,"(a corto plazo) [en un primer momento], llamé a la policía, pero eso solo funcionó a corto plazo",0
RRT1_C,./data/processed/exercises/RRT1_C_E10.txt,ofreciera más clubes y oportunidades (de) [para] integrarse,0
RRT1_C,./data/processed/exercises/RRT1_C_E13.txt,no podían integrarse (con) [en] la cultura,0
RRT1_C,./data/processed/exercises/RRT1_C_E09.txt,y casi instantáneamente (había cada vez menos) [se redujeron las] fiestas,1
RRT1_C,./data/processed/exercises/RRT1_C_E15.txt,ofrecerle consejo (con) [sobre] un conflicto,1
CTV1_C,./data/processed/exercises/CTV1_C_E06.txt,(dias) [días] / (caféteria) [cafetería] / (despues) [después] / (preferian) [preferían] / (resolucion) [resolución],1
CTV1_C,./data/processed/exercises/CTV1_C_E03.txt,estudiante de Erasmus (en) [de] tercer año,0
CTV1_C,./data/processed/exercises/CTV1_C_E07.txt,forma parte (de el) [del] grupo,0
CTV1_C,./data/processed/exercises/CTV1_C_E13.txt,"(tristemente) [lamentablemente], en menos de una semana",0
CTV1_C,./data/processed/exercises/CTV1_C_E02.txt,el problema (se trata de) [consiste en],0
CTV1_C,./data/processed/exercises/CTV1_C_E04.txt,(empéso) [empezó] / (empíoro) [empeoró] / (associacion) [asociación] / (dijieron) [dijeron] / (demonstró) [demostró],1
CTV1_C,./data/processed/exercises/CTV1_C_E11.txt,la cantidad de horas que estaban trabajando (se) había aumentado / el problema ya (se) había mejorado,0
CTV1_C,./data/processed/exercises/CTV1_C_E05.txt,no tenían ganas de ir a la cafetería (o) [ni] a las áreas comunes,0
CTV1_C,./data/processed/exercises/CTV1_C_E01.txt,a la cafetería ni a (los espacios libres) [las áreas comunes],1
CTV1_C,./data/processed/exercises/CTV1_C_E14.txt,preferían (no comer) [saltarse la comida],1
CTV1_C,./data/processed/exercises/CTV1_C_E12.txt,o (perder) [faltar a] clase,0
CTV1_C,./data/processed/exercises/CTV1_C_E08.txt,para encontrar una (resolución) [solución],0
CTV1_C,./data/processed/exercises/CTV1_C_E10.txt,(en todas partes de) [por toda] la cafetería,1
CTV1_C,./data/processed/exercises/CTV1_C_E09.txt,estos letreros (leían) [decían],1
CTV1_C,./data/processed/exercises/CTV1_C_E15.txt,"(a la misma vez) [al mismo tiempo], una persona del equipo",0
RWA1_D,./data/processed/exercises/RWA1_D_E15.txt,(sino) [si no] recibo nada voy a tomar acciones legales,0
RWA1_D,./data/processed/exercises/RWA1_D_E08.txt,fui a recoger mi maleta solo para (realizar) [descubrir] que alguien me la había robado,0
RWA1_D,./data/processed/exercises/RWA1_D_E13.txt,estaba listo el vuelo y (nos) podíamos abordar el avión / la situación (se) empeoró,0
RWA1_D,./data/processed/exercises/RWA1_D_E05.txt,cuando la gente está pagando una fortuna (para) [por] este servicio,0
RWA1_D,./data/processed/exercises/RWA1_D_E11.txt,la gente se estaba poniendo muy (molestos) [molesta] con la recepción,1
RWA1_D,./data/processed/exercises/RWA1_D_E12.txt,después de haber esperado 3 horas y (medio) [media] / fui a recoger mi maleta solo para descubrir que alguien me (lo) [la] había robado,1
RWA1_D,./data/processed/exercises/RWA1_D_E07.txt,"normalmente, no me (cejaría) [quejaría] de esto",0
RWA1_D,./data/processed/exercises/RWA1_D_E10.txt,ni siquiera tuvo la decencia de explicarme (porque) [por qué] había sucedido,0
RWA1_D,./data/processed/exercises/RWA1_D_E14.txt,no estaba (en ninguna forma para) [en condiciones de] ser muy paciente con él,1
RWA1_D,./data/processed/exercises/RWA1_D_E06.txt,intenté (a) averiguar,0
RWA1_D,./data/processed/exercises/RWA1_D_E03.txt,cuando (intente) [intenté] / me (trato) [trató] / (empeoro) [empeoró] / me (toco) [tocó] / (si) [sí] / (remplazaran) [remplazarán],0
RWA1_D,./data/processed/exercises/RWA1_D_E01.txt,"(primero que todo) [antes que nada] / (tal cual) [así pues], si ustedes tienen / (a) [para] mi sorpresa",0
RWA1_D,./data/processed/exercises/RWA1_D_E02.txt,(aureolina) [aerolínea],1
RWA1_D,./data/processed/exercises/RWA1_D_E09.txt,"me dirijo a usted para expresar mi insatisfacción con (tu) [su] aerolínea / si ustedes tienen algún tipo de oferta para resolver esta situación, por favor, (contáctame) [contáctenme]",1
RWA1_D,./data/processed/exercises/RWA1_D_E04.txt,me (dirigió) [dirijo] a usted,0
RSA1_D,./data/processed/exercises/RSA1_D_E08.txt,"(También, ) [Además, ]",0
RSA1_D,./data/processed/exercises/RSA1_D_E14.txt,en mis (ensayos) [redacciones],0
RSA1_D,./data/processed/exercises/RSA1_D_E13.txt,cerca (a) [de] Escocia,1
RSA1_D,./data/processed/exercises/RSA1_D_E06.txt,prioriza las buenas notas (a pesar de) [a costa de] la salud mental de los estudiantes,1
RSA1_D,./data/processed/exercises/RSA1_D_E11.txt,aunque (yo) sé que es parte del proceso de aprendizaje,1
RSA1_D,./data/processed/exercises/RSA1_D_E15.txt,pienso que (personas deberían) [la gente debería] tener acceso a más información,0
RSA1_D,./data/processed/exercises/RSA1_D_E10.txt,denunciar (al) [el] número del estafador / y encontrar [a] la persona responsable,0
RSA1_D,./data/processed/exercises/RSA1_D_E07.txt,incompetentes (y) [e] inútiles,0
RSA1_D,./data/processed/exercises/RSA1_D_E09.txt,(el índole) [la índole] / (todo) [toda] la evaluación / el fin de semana (pasada) [pasado] / videos (falsas) [falsos],1
RSA1_D,./data/processed/exercises/RSA1_D_E05.txt,(numero) [número],0
RSA1_D,./data/processed/exercises/RSA1_D_E03.txt,mi abuela (recibío) [recibió] / (pidiendole) [pidiéndole] / (indole) [índole] / (utíl) [útil] / (titulos) [títulos] / (utiles) [útiles] / (sólo) [solo],1
RSA1_D,./data/processed/exercises/RSA1_D_E12.txt,(comuncarle) [comunicarle] / (abula) [abuela] / (insuaron) [insinuaron],1
RSA1_D,./data/processed/exercises/RSA1_D_E02.txt,con respecto [a] su respuesta,0
RSA1_D,./data/processed/exercises/RSA1_D_E04.txt,con (respeto) [respecto] a su respuesta,1
RSA1_D,./data/processed/exercises/RSA1_D_E01.txt,me (dirigo) [dirijo] a usted,1
RBC1_D,./data/processed/exercises/RBC1_D_E03.txt,(cuando tenía entre 5 y 12 años) [de los 5 a los 12 años],0
RBC1_D,./data/processed/exercises/RBC1_D_E12.txt,(ajustar) [fijar] metas,0
RBC1_D,./data/processed/exercises/RBC1_D_E14.txt,diría que en este momento (normalmente) [en general] puedo entender,0
RBC1_D,./data/processed/exercises/RBC1_D_E11.txt,(un) [una] gran desventaja,1
RBC1_D,./data/processed/exercises/RBC1_D_E08.txt,aprender sobre cualquier cosa que (cualquiera) [uno] quiera,1
RBC1_D,./data/processed/exercises/RBC1_D_E13.txt,para (descubrir) [averiguar] el significado de las palabras,1
RBC1_D,./data/processed/exercises/RBC1_D_E06.txt,cuando se trata de hablar (me congelo) [me quedo en blanco],1
RBC1_D,./data/processed/exercises/RBC1_D_E09.txt,soy una jugadora de hockey de alto rendimiento (en casa) [en mi país],0
RBC1_D,./data/processed/exercises/RBC1_D_E07.txt,"sin embargo, siempre [me] ha gustado",0
RBC1_D,./data/processed/exercises/RBC1_D_E02.txt,la autenticación (en dos factores) [de doble factor],1
RBC1_D,./data/processed/exercises/RBC1_D_E10.txt,"el logotipo del banco, el diseño y hasta la dirección del remitente (parecía) [parecían] auténticos",0
RBC1_D,./data/processed/exercises/RBC1_D_E04.txt,era lo (suficiente) [suficientemente] urgente,0
RBC1_D,./data/processed/exercises/RBC1_D_E05.txt,"ya que he cumplido con todas las condiciones de la compra [, pero] ustedes no han entregado el producto conforme a lo acordado",1
RBC1_D,./data/processed/exercises/RBC1_D_E01.txt,el (monto total) [importe íntegro] pagado,0
RBC1_D,./data/processed/exercises/RBC1_D_E15.txt,me he visto (afectado) [afectada] / me veré (obligado) [obligada] a proceder / estoy muy (emocionado) [emocionada] / soy (un jugador) [una jugadora],1
RBD1_D,./data/processed/exercises/RBD1_D_E07.txt,después de (intercambiando) [intercambiarnos] mensajes,1
RBD1_D,./data/processed/exercises/RBD1_D_E08.txt,hay elementos (extras) [extra] como un narrador,0
RBD1_D,./data/processed/exercises/RBD1_D_E09.txt,la IA (reduce cuánto se está aprendiendo) [dificulta el aprendizaje],1
RBD1_D,./data/processed/exercises/RBD1_D_E02.txt,ser (un) [una] trampa,0
RBD1_D,./data/processed/exercises/RBD1_D_E15.txt,tomaos un poco más [de] tiempo para,0
RBD1_D,./data/processed/exercises/RBD1_D_E04.txt,(edicion) [edición] / (tomense) [tómense],1
RBD1_D,./data/processed/exercises/RBD1_D_E01.txt,aseguraos vosotros mismos de que es una página real y (tómense) [tomaos] un poco más de tiempo,1
RBD1_D,./data/processed/exercises/RBD1_D_E10.txt,requiero que se me reembolse la cantidad pagada o (por otro lado) [en su defecto] recibir las zapatillas que ya he pagado,0
RBD1_D,./data/processed/exercises/RBD1_D_E13.txt,tipos de (engaños) [engaño],0
RBD1_D,./data/processed/exercises/RBD1_D_E12.txt,(estes) [estos] tipos de engaño,0
RBD1_D,./data/processed/exercises/RBD1_D_E06.txt,lo que confirma que (yo) he sido una víctima,1
RBD1_D,./data/processed/exercises/RBD1_D_E05.txt,(el) [él] me aseguró que las zapatillas eran nuevas / (pagina) [página] / (esta) [está],0
RBD1_D,./data/processed/exercises/RBD1_D_E11.txt,decidí contactar (el) [al] vendedor,0
RBD1_D,./data/processed/exercises/RBD1_D_E14.txt,por un precio inferior [al] que se suele ofrecer,0
RBD1_D,./data/processed/exercises/RBD1_D_E03.txt,la ayuda (de) [en] esta situación,0
RKD1_D,./data/processed/exercises/RKD1_D_E10.txt,curso (los estudios en) [el grado en lingüística de] la Universidad Estatal de Moscú (obteniendo el grado en lingüística),0
RKD1_D,./data/processed/exercises/RKD1_D_E09.txt,datos falsos que uno no va a (chaquear) [chequear],1
RKD1_D,./data/processed/exercises/RKD1_D_E07.txt,estoy escribiendo mi tesis (relacionado) [relacionada] con el tema,1
RKD1_D,./data/processed/exercises/RKD1_D_E08.txt,obtener una nueva visión (al) [del] proceso de aprendizaje,0
RKD1_D,./data/processed/exercises/RKD1_D_E05.txt,es importante (como) [tanto] para los estudiantes como para los profesores,0
RKD1_D,./data/processed/exercises/RKD1_D_E04.txt,(partes) [puntos] débiles,1
RKD1_D,./data/processed/exercises/RKD1_D_E11.txt,(asignar) [señalar] puntos débiles,0
RKD1_D,./data/processed/exercises/RKD1_D_E15.txt,entender (que) [qué] hay que mejorar,0
RKD1_D,./data/processed/exercises/RKD1_D_E12.txt,fingiendo ser (mí) [yo],1
RKD1_D,./data/processed/exercises/RKD1_D_E14.txt,tuve que reestablecer la contraseña para (devolverlo) [recuperarlo],1
RKD1_D,./data/processed/exercises/RKD1_D_E01.txt,(mi) [mí],0
RKD1_D,./data/processed/exercises/RKD1_D_E02.txt,y (pretendieron) [fingieron] ser yo,0
RKD1_D,./data/processed/exercises/RKD1_D_E13.txt,sacar provecho de las (maldades) [bondades] de la gente,1
RKD1_D,./data/processed/exercises/RKD1_D_E03.txt,han aparecido (nuevo tipo de estafas) [nuevos tipos de estafa],0
RKD1_D,./data/processed/exercises/RKD1_D_E06.txt,(y) [e] imagínense,0
RBE1_D,./data/processed/exercises/RBE1_D_E10.txt,(usando) [poniendo] el material en práctica,1
RBE1_D,./data/processed/exercises/RBE1_D_E09.txt,ambas personas (son en el) [están al] mismo nivel,1
RBE1_D,./data/processed/exercises/RBE1_D_E08.txt,para (hacer) [sacar] una conclusión sobre su calidad,0
RBE1_D,./data/processed/exercises/RBE1_D_E11.txt,para (obtener el seguro) [ir sobre seguro],1
RBE1_D,./data/processed/exercises/RBE1_D_E14.txt,para (estar de moda) [ir a la moda],0
RBE1_D,./data/processed/exercises/RBE1_D_E15.txt,una estafa que (ocurrió conmigo) [me ocurrió],0
RBE1_D,./data/processed/exercises/RBE1_D_E12.txt,la aparición de unas (copias) [réplicas] de páginas web,0
RBE1_D,./data/processed/exercises/RBE1_D_E13.txt,la autenticidad (del recurso) [de la página web],0
RBE1_D,./data/processed/exercises/RBE1_D_E01.txt,verifiqué la (originalidad) [autenticidad] de la página web,0
RBE1_D,./data/processed/exercises/RBE1_D_E06.txt,(verifié) [verifiqué],1
RBE1_D,./data/processed/exercises/RBE1_D_E07.txt,para que se (de) [dé] cuenta de que / para (mi) [mí],0
RBE1_D,./data/processed/exercises/RBE1_D_E02.txt,olvidarse de tomar precauciones ante estafas y (su sesgo) [los factores que influyen en su percepción],1
RBE1_D,./data/processed/exercises/RBE1_D_E04.txt,precauciones (sobre) [ante] estafas,0
RBE1_D,./data/processed/exercises/RBE1_D_E05.txt,les hace (olvidar) [olvidarse] de tomar precauciones,0
RBE1_D,./data/processed/exercises/RBE1_D_E03.txt,con (respeto) [respecto] a,1
FTE1_D,./data/processed/exercises/FTE1_D_E01.txt,me permite (tener) [encontrar] más información,0
FTE1_D,./data/processed/exercises/FTE1_D_E13.txt,practicar (hablar) [la interacción oral] con nativos,1
FTE1_D,./data/processed/exercises/FTE1_D_E10.txt,"sin embargo, (abriendo) [al abrir] el paquete",1
FTE1_D,./data/processed/exercises/FTE1_D_E14.txt,1299€ [se] fueron al bolsillo de otra persona,1
FTE1_D,./data/processed/exercises/FTE1_D_E11.txt,(presenté) [interpuse] una denuncia,0
FTE1_D,./data/processed/exercises/FTE1_D_E12.txt,me permite tener (más informaciones) [más información],0
FTE1_D,./data/processed/exercises/FTE1_D_E07.txt,acalarar [lo] que no he comprendido,0
FTE1_D,./data/processed/exercises/FTE1_D_E08.txt,(linguisticas) [lingüísticas],0
FTE1_D,./data/processed/exercises/FTE1_D_E03.txt,"su servicio al cliente, (quien ayudó a nadie) [que no ayudó a nadie]",1
FTE1_D,./data/processed/exercises/FTE1_D_E15.txt,servicio [al] cliente,0
FTE1_D,./data/processed/exercises/FTE1_D_E06.txt,contacté tantas veces [a] su servicio / contacté [a] una asociación de consumidores,0
FTE1_D,./data/processed/exercises/FTE1_D_E05.txt,(ademas) [además] / (inglès) [inglés],1
FTE1_D,./data/processed/exercises/FTE1_D_E02.txt,(que) [qué] buena broma,0
FTE1_D,./data/processed/exercises/FTE1_D_E09.txt,"descubrí, (al) [en] lugar del producto, tres manzanas",0
FTE1_D,./data/processed/exercises/FTE1_D_E04.txt,un pedido realizado en su sitio [web],0
BGE1_D,./data/processed/exercises/BGE1_D_E06.txt,escuchando e imitando [a] hablantes nativos,0
BGE1_D,./data/processed/exercises/BGE1_D_E08.txt,cometer errores (sólo) [solo] es beneficioso,1
BGE1_D,./data/processed/exercises/BGE1_D_E11.txt,beneficioso (por) [para] el proceso de aprendizaje,0
BGE1_D,./data/processed/exercises/BGE1_D_E09.txt,cometer errores solo es (beneficial) [beneficioso],0
BGE1_D,./data/processed/exercises/BGE1_D_E15.txt,presión (de rendimiento) [para rendir],0
BGE1_D,./data/processed/exercises/BGE1_D_E03.txt,entonces (se) ponen mucho énfasis en lo escrito,0
BGE1_D,./data/processed/exercises/BGE1_D_E10.txt,las formas más idiomáticas (para) [de] expresarse / tengo miedo (para) [de] cometer errores,0
BGE1_D,./data/processed/exercises/BGE1_D_E07.txt,que yo (mismo) [misma] no habría advertido,1
BGE1_D,./data/processed/exercises/BGE1_D_E13.txt,"hay (""peer"" evaluación) [revisión por pares]",1
BGE1_D,./data/processed/exercises/BGE1_D_E12.txt,"esa persona vuelve a (dar) [generar] un ""output""",0
BGE1_D,./data/processed/exercises/BGE1_D_E04.txt,"las diferentes producciones (u) [o] ""outputs""",0
BGE1_D,./data/processed/exercises/BGE1_D_E02.txt,"no se trataba de un mensaje de CardStop, sino de un (bulo) [intento de estafa]",1
BGE1_D,./data/processed/exercises/BGE1_D_E14.txt,dudaron (para decidirse a) [sobre si] llamar,0
BGE1_D,./data/processed/exercises/BGE1_D_E05.txt,(las máquinas de traducción) [la traducción automática] también (pueden) [puede] ser muy útil a veces,1
BGE1_D,./data/processed/exercises/BGE1_D_E01.txt,solo uso la IA como punto de (partido) [partida],1
RME1_D,./data/processed/exercises/RME1_D_E07.txt,"no iban a hacer nada para resolver el asunto, (o) [ni] por mí, (o) [ni] por la otra gente",0
RME1_D,./data/processed/exercises/RME1_D_E06.txt,"no iban a hacer nada para resolver el asunto, ni (para) [por] mí, ni (para) [por] la otra gente",0
RME1_D,./data/processed/exercises/RME1_D_E02.txt,que (al fin) [al final] me ha costado 200 euros,1
RME1_D,./data/processed/exercises/RME1_D_E05.txt,después de contactar [a] mi banco,0
RME1_D,./data/processed/exercises/RME1_D_E04.txt,vi (unas cargas extrañas) [unos cargos extraños] en mi cuenta bancaria,1
RME1_D,./data/processed/exercises/RME1_D_E08.txt,para introducir (mis detalles) [mi información personal],0
RME1_D,./data/processed/exercises/RME1_D_E09.txt,para (entrar) [introducir] mi información personal,0
RME1_D,./data/processed/exercises/RME1_D_E13.txt,para que sus clientes puedan continuar (a apoyar) [apoyando] su marca,1
RME1_D,./data/processed/exercises/RME1_D_E01.txt,hacer clic en el enlace que me (trajera) [llevara] a otra plataforma,1
RME1_D,./data/processed/exercises/RME1_D_E10.txt,mi ropa me fue entregada rápidamente y (en buena condición) [en buenas condiciones],0
RME1_D,./data/processed/exercises/RME1_D_E14.txt,mi ropa (apareció) [me fue entregada] rápidamente,0
RME1_D,./data/processed/exercises/RME1_D_E15.txt,de un timo (online) [en línea],1
RME1_D,./data/processed/exercises/RME1_D_E03.txt,he (estado) [sido] una cliente leal,0
RME1_D,./data/processed/exercises/RME1_D_E12.txt,le escribo (porqué) [porque],0
RME1_D,./data/processed/exercises/RME1_D_E11.txt,los (daños ya hechos) [desperfectos causados],1
RWF1_D,./data/processed/exercises/RWF1_D_E05.txt,cientos de (libros) [libras],1
RWF1_D,./data/processed/exercises/RWF1_D_E06.txt,mi abuelo [se] percató de los cargos,0
RWF1_D,./data/processed/exercises/RWF1_D_E08.txt,"a menudo, los ancianos (están) [son] más vulnerables",0
RWF1_D,./data/processed/exercises/RWF1_D_E07.txt,sus (detalles) [datos] bancarios,0
RWF1_D,./data/processed/exercises/RWF1_D_E13.txt,mis abuelos han sido (los) [las] víctimas / (uno) [una] de las más severas estafas / preguntó por sus datos (bancarias) [bancarios],1
RWF1_D,./data/processed/exercises/RWF1_D_E15.txt,por (lo) [el] contrario,1
RWF1_D,./data/processed/exercises/RWF1_D_E11.txt,me creé (una página nueva) [un perfil nuevo],1
RWF1_D,./data/processed/exercises/RWF1_D_E14.txt,cargos en su extracto bancario (para) [de] cientos de libras,0
RWF1_D,./data/processed/exercises/RWF1_D_E10.txt,me creé una (pagina) [página] nueva / (victimas) [víctimas] / (mas) [más],0
RWF1_D,./data/processed/exercises/RWF1_D_E03.txt,el reembolso del (saldo total) [importe íntegro],0
RWF1_D,./data/processed/exercises/RWF1_D_E04.txt,tiene la obligación de protegerlos contra (bulos como este) [estafas como esta],1
RWF1_D,./data/processed/exercises/RWF1_D_E12.txt,le (ordenaron) [pidieron] que transfiriera el dinero,0
RWF1_D,./data/processed/exercises/RWF1_D_E09.txt,"me veo en la obligación de comunicarle este problema grave, y busco (tu) [su] ayuda para resolverlo sin demora",1
RWF1_D,./data/processed/exercises/RWF1_D_E02.txt,me veo en la obligación de comunicarle (esto) [este] problema grave,0
RWF1_D,./data/processed/exercises/RWF1_D_E01.txt,con (respeto) [respecto] a,1
CDG1_D,./data/processed/exercises/CDG1_D_E08.txt,(incorperarlo) [incorporarlo] demasiado / (perda) [pierda],1
CDG1_D,./data/processed/exercises/CDG1_D_E02.txt,la uso (solo) [sólo] para encontrar / (comprénsion) [comprensión],1
CDG1_D,./data/processed/exercises/CDG1_D_E07.txt,me ayuda mucho a buscar (informaciones) [información],0
CDG1_D,./data/processed/exercises/CDG1_D_E01.txt,"en la biblioteca, donde debo (ser) [estar] tranquila",0
CDG1_D,./data/processed/exercises/CDG1_D_E04.txt,para mi (primero) [primer] Erasmus,0
CDG1_D,./data/processed/exercises/CDG1_D_E10.txt,la satisfacción puede (venir) [alcanzarse] cuando,0
CDG1_D,./data/processed/exercises/CDG1_D_E09.txt,"depende mucho de la situación en la que soy (evaluado) [evaluada] / mudarse con (nosotros) [nosotras], mi hermana y yo",1
CDG1_D,./data/processed/exercises/CDG1_D_E11.txt,depende mucho de la situación en la que (estoy) [soy] evaluada,1
CDG1_D,./data/processed/exercises/CDG1_D_E03.txt,para (mi) [mí],0
CDG1_D,./data/processed/exercises/CDG1_D_E12.txt,(eso) [esto] refleja el énfasis,0
CDG1_D,./data/processed/exercises/CDG1_D_E13.txt,aplicar este conocimiento (en) [a] situaciones reales / resulte (a) [en],1
CDG1_D,./data/processed/exercises/CDG1_D_E14.txt,como (resulto) [resultado],0
CDG1_D,./data/processed/exercises/CDG1_D_E05.txt,"(para) [en] mi primer Erasmus, fui a",0
CDG1_D,./data/processed/exercises/CDG1_D_E06.txt,que también resulte en ya no ser creativo (su) [por sí] mismo,1
CDG1_D,./data/processed/exercises/CDG1_D_E15.txt,un electrodoméstico que (se encontraba) [estaba] defectuoso,1
ROG1_D,./data/processed/exercises/ROG1_D_E02.txt,a través de (la ingesta) [el consumo] de medios de comunicación,0
ROG1_D,./data/processed/exercises/ROG1_D_E06.txt,(el idioma de destino) [la lengua meta],0
ROG1_D,./data/processed/exercises/ROG1_D_E04.txt,en la universidad (en) [de] Inglaterra,0
ROG1_D,./data/processed/exercises/ROG1_D_E15.txt,(la emoción con la) [las emociones con las] que más asocio la evaluación (es) [son] la lucha y la dificultad,0
ROG1_D,./data/processed/exercises/ROG1_D_E01.txt,los profesores califican a los alumnos con (esquemas de calificación) [rúbricas de evaluación],0
ROG1_D,./data/processed/exercises/ROG1_D_E05.txt,hay un gran valor que se puede (tomar) [sacar] de los alumnos que se evalúan entre sí,1
ROG1_D,./data/processed/exercises/ROG1_D_E12.txt,(concesión) [asignación] de notas,0
ROG1_D,./data/processed/exercises/ROG1_D_E13.txt,para el español ya hay (muchos lugares de confianza a los) [muchas fuentes fiables a las] que acudir,1
ROG1_D,./data/processed/exercises/ROG1_D_E03.txt,en la misma cadena (de) [que] mi hermano,1
ROG1_D,./data/processed/exercises/ROG1_D_E14.txt,el (desagradable) [maldito] estafador,0
ROG1_D,./data/processed/exercises/ROG1_D_E09.txt,tanto a gran (escala) como a pequeña escala,1
ROG1_D,./data/processed/exercises/ROG1_D_E08.txt,que en parar [a] los verdaderos criminales,0
ROG1_D,./data/processed/exercises/ROG1_D_E11.txt,el fútbol es un deporte (para el trabajador) [obrero],1
ROG1_D,./data/processed/exercises/ROG1_D_E07.txt,(esta táctica clandestina de aumento de precios) [este aumento encubierto de precios] es una estafa en sí misma,1
ROG1_D,./data/processed/exercises/ROG1_D_E10.txt,entradas (a) [por] la mitad del precio que vi en Internet / evaluar es reflexionar y descifrar (sobre) algo / (con) [para] el español ya hay muchas fuentes fiables,0
RPG1_D,./data/processed/exercises/RPG1_D_E05.txt,los profesores a menudo evalúan el trabajo de sus alumnos (por leer) [leyendo] sus ideas,1
RPG1_D,./data/processed/exercises/RPG1_D_E07.txt,la gente [se] puede evaluar a sí misma,0
RPG1_D,./data/processed/exercises/RPG1_D_E15.txt,y te preguntas (por que) [por qué] la gente tiene miedo de alquilar,0
RPG1_D,./data/processed/exercises/RPG1_D_E02.txt,"no solo esto, sino que también me llamaron incompetente y (descuidado) [descuidada] / la gente se puede evaluar a sí (mismo) [misma]",1
RPG1_D,./data/processed/exercises/RPG1_D_E04.txt,me dio consejos que implementé en mi (próximo) [siguiente] proyecto,0
RPG1_D,./data/processed/exercises/RPG1_D_E03.txt,cuando (llegue) [llegué] / a (si) [sí] misma / y me (pregunto) [preguntó],0
RPG1_D,./data/processed/exercises/RPG1_D_E08.txt,"a partir de (este) [ese] momento, todo salió mal",0
RPG1_D,./data/processed/exercises/RPG1_D_E06.txt,para (mostrar) [garantizar mi] compromiso,0
RPG1_D,./data/processed/exercises/RPG1_D_E12.txt,me recibieron sin remordimiento ni (simpatía) [compasión],0
RPG1_D,./data/processed/exercises/RPG1_D_E13.txt,uno de mis compañeros de piso tenía 40 (anos) [años],0
RPG1_D,./data/processed/exercises/RPG1_D_E11.txt,ya me sentía estresada al estar tan lejos de (caso) [casa],1
RPG1_D,./data/processed/exercises/RPG1_D_E09.txt,al entrar [en] el piso,0
RPG1_D,./data/processed/exercises/RPG1_D_E10.txt,tenía muchas ganas de (alojarme) [instalarme] en un hermoso apartamento,1
RPG1_D,./data/processed/exercises/RPG1_D_E14.txt,aunque yo (suporté) [experimenté] todo lo contrario,1
RPG1_D,./data/processed/exercises/RPG1_D_E01.txt,escogí su agencia porque encontré (tantas) [muchas] críticas positivas,0
RKG1_D,./data/processed/exercises/RKG1_D_E15.txt,un nivel de español que me (deje) [permita] tener conversaciones con hablantes nativos,1
RKG1_D,./data/processed/exercises/RKG1_D_E13.txt,el nombre de mi (carrera) [grado] es,0
RKG1_D,./data/processed/exercises/RKG1_D_E14.txt,resolver este asunto lo (más) antes posible,0
RKG1_D,./data/processed/exercises/RKG1_D_E05.txt,les (insisto) [insto] a resolver este asunto,0
RKG1_D,./data/processed/exercises/RKG1_D_E11.txt,ponerme en contacto con (los que trabajan en Etsy de verdad) [los verdaderos empleados de Etsy],1
RKG1_D,./data/processed/exercises/RKG1_D_E12.txt,(tres cientos) [trescientos],1
RKG1_D,./data/processed/exercises/RKG1_D_E08.txt,Aquí en la Pompeu estudio los idiomas (Español) [español] y (Catalán) [catalán] / el día 7 de (Octubre) [octubre],0
RKG1_D,./data/processed/exercises/RKG1_D_E02.txt,al que me envió un (link) [enlace] / un ejemplo es (el 'peer review') [la revisión por pares],1
RKG1_D,./data/processed/exercises/RKG1_D_E01.txt,unos (detalles) [datos] personales,0
RKG1_D,./data/processed/exercises/RKG1_D_E10.txt,(unas) [unos] detalles,1
RKG1_D,./data/processed/exercises/RKG1_D_E07.txt,un cliente mío me (contacto) [contactó] / me (informo) [informó],0
RKG1_D,./data/processed/exercises/RKG1_D_E09.txt,dependencia (en el) [del] uso de la inteligencia artificial,0
RKG1_D,./data/processed/exercises/RKG1_D_E03.txt,espero poder comprender las respuestas más (rápida) [rápidamente],0
RKG1_D,./data/processed/exercises/RKG1_D_E06.txt,me ocurrió mientras (usaba) [navegaba por] el sitio web Etsy,0
RKG1_D,./data/processed/exercises/RKG1_D_E04.txt,con (respeto) [respecto] a,1
ABJ1_D,./data/processed/exercises/ABJ1_D_E03.txt,toco la flauta desde (hace) [que] tengo ocho años,0
ABJ1_D,./data/processed/exercises/ABJ1_D_E02.txt,(aerobics) [aeróbic],1
ABJ1_D,./data/processed/exercises/ABJ1_D_E04.txt,me han ayudado mucho (para) [a] mejorar,0
ABJ1_D,./data/processed/exercises/ABJ1_D_E05.txt,los exámenes siempre (están) [son] evaluados por los profesores,1
ABJ1_D,./data/processed/exercises/ABJ1_D_E06.txt,en cuanto (en) [a] sus conocimientos lingüísticos,0
ABJ1_D,./data/processed/exercises/ABJ1_D_E07.txt,ver cómo la persona (se) ha mejorado en cuanto a / también los demás estudiantes [se] pueden evaluar entre ellos,0
ABJ1_D,./data/processed/exercises/ABJ1_D_E08.txt,como ya dije (anterior) [anteriormente],0
ABJ1_D,./data/processed/exercises/ABJ1_D_E11.txt,"no es valorar a la persona en sí misma, (pero) [sino] su trabajo",0
ABJ1_D,./data/processed/exercises/ABJ1_D_E12.txt,no es valorar [a] la persona en sí misma,0
ABJ1_D,./data/processed/exercises/ABJ1_D_E10.txt,para que me (reclamaran) [reembolsaran] el depósito,1
ABJ1_D,./data/processed/exercises/ABJ1_D_E01.txt,porque tenía la (oportunidad) [opción] de escribirles,0
ABJ1_D,./data/processed/exercises/ABJ1_D_E09.txt,y (yo) siempre dije que había pagado,1
ABJ1_D,./data/processed/exercises/ABJ1_D_E13.txt,(escribí mucho con ellos) [les escribí mucho],1
ABJ1_D,./data/processed/exercises/ABJ1_D_E14.txt,la (agencia de alquiler) [agencia inmobiliaria],0
ABJ1_D,./data/processed/exercises/ABJ1_D_E15.txt,(cuáles) [qué] problemas tuve con la agencia,1
CPJ1_D,./data/processed/exercises/CPJ1_D_E10.txt,creo que será más (esencial) [útil] que lo que aprendí en China,1
CPJ1_D,./data/processed/exercises/CPJ1_D_E11.txt,intentaré (a) absorber completamente el contenido enseñado,0
CPJ1_D,./data/processed/exercises/CPJ1_D_E01.txt,también quiero (cultivar mi poder) [mejorar mi capacidad] de comunicarme con los demás,1
CPJ1_D,./data/processed/exercises/CPJ1_D_E03.txt,he obtenido el (DELE B2) certificado [DELE de nivel B2],0
CPJ1_D,./data/processed/exercises/CPJ1_D_E12.txt,el papel de (recopile y organice cantidades masivas de datos) [recopilador y organizador de cantidades masivas de datos],1
CPJ1_D,./data/processed/exercises/CPJ1_D_E07.txt,evaluar (la resulta) [los resultados] de la enseñanza,0
CPJ1_D,./data/processed/exercises/CPJ1_D_E06.txt,a través de varios exámenes y (quiz) [pruebas],1
CPJ1_D,./data/processed/exercises/CPJ1_D_E08.txt,evaluar (significa) [es] una herramienta,1
CPJ1_D,./data/processed/exercises/CPJ1_D_E13.txt,despegar (normalmente) [como estaba previsto],0
CPJ1_D,./data/processed/exercises/CPJ1_D_E14.txt,el avión estaba (estropeado) [averiado],0
CPJ1_D,./data/processed/exercises/CPJ1_D_E09.txt,(del) [desde el] número de vuelo (a) [hasta] mi número de DNI,0
CPJ1_D,./data/processed/exercises/CPJ1_D_E15.txt,(le) confié [en él] profundamente,1
CPJ1_D,./data/processed/exercises/CPJ1_D_E05.txt,con (los) datos (muy) [tan] privados,0
CPJ1_D,./data/processed/exercises/CPJ1_D_E04.txt,debido a (un) [una] avería / me envió (una) [un] enlace / capacidades más (avanzados) [avanzadas],1
CPJ1_D,./data/processed/exercises/CPJ1_D_E02.txt,explorar la existencia y la información relacionada (de) [con] cosas que,0
RHJ1_D,./data/processed/exercises/RHJ1_D_E15.txt,porque he (llevado) [pasado] el verano entero,1
RHJ1_D,./data/processed/exercises/RHJ1_D_E13.txt,puede (llevar) [conllevar] beneficios / quiero (sacar) [obtener] buenos resultados,0
RHJ1_D,./data/processed/exercises/RHJ1_D_E14.txt,lecturas que me (tardaban) [tardaba] más de una hora,0
RHJ1_D,./data/processed/exercises/RHJ1_D_E11.txt,otros (tipos de coursework) [trabajos prácticos],1
RHJ1_D,./data/processed/exercises/RHJ1_D_E09.txt,una experiencia de servicio inadecuada (de todas formas) [en todos los aspectos],1
RHJ1_D,./data/processed/exercises/RHJ1_D_E05.txt,un reembolso apropiado (por) [para] una experiencia,0
RHJ1_D,./data/processed/exercises/RHJ1_D_E01.txt,se atreve [a] mentirme sobre la calidad / tardaba más de una hora (para) [en] completar,0
RHJ1_D,./data/processed/exercises/RHJ1_D_E08.txt,¿En qué universo cree usted que eso es aceptable? ¿Cómo (te atreves) [se atreve] a mentirme?,1
RHJ1_D,./data/processed/exercises/RHJ1_D_E07.txt,en Reino Unido (nuestra tuición) [el precio de nuestra matrícula],0
RHJ1_D,./data/processed/exercises/RHJ1_D_E06.txt,me gustaría ganar un poquito más [de] confianza,0
RHJ1_D,./data/processed/exercises/RHJ1_D_E12.txt,trabajar (virtualmente) [en remoto],1
RHJ1_D,./data/processed/exercises/RHJ1_D_E02.txt,el día siguiente (yo) tuve que trabajar,1
RHJ1_D,./data/processed/exercises/RHJ1_D_E10.txt,llegó (una hora entera tarde) [con una hora de retraso],1
RHJ1_D,./data/processed/exercises/RHJ1_D_E03.txt,el tren no (sólo) [solo] llegó a la estación de Guildford / si (alguién) [alguien],1
RHJ1_D,./data/processed/exercises/RHJ1_D_E04.txt,el 22 de septiembre [de] 2024,1
BGL1_D,./data/processed/exercises/BGL1_D_E09.txt,la cuenta del (transmisor) [remitente] para después,0
BGL1_D,./data/processed/exercises/BGL1_D_E12.txt,no nos robaran (nuestras) [las] maletas,1
BGL1_D,./data/processed/exercises/BGL1_D_E15.txt,(por) [a] causa de,0
BGL1_D,./data/processed/exercises/BGL1_D_E14.txt,los estafadores le (quitaron) [robaron] más dinero,1
BGL1_D,./data/processed/exercises/BGL1_D_E01.txt,antes de recibir (este) [ese] cupón / nosotros en (este) [ese] momento ni siquiera,0
BGL1_D,./data/processed/exercises/BGL1_D_E10.txt,aterrizamos (el) [al] día siguiente,1
BGL1_D,./data/processed/exercises/BGL1_D_E08.txt,que luego copian para (completar) [hacer] sus deberes,0
BGL1_D,./data/processed/exercises/BGL1_D_E07.txt,aprenderla (algunas) [unas] semanas antes de la prueba / en tan solo (algunos) [unos] segundos,1
BGL1_D,./data/processed/exercises/BGL1_D_E11.txt,"tenemos nuestro gran examen final, (por) [para] el que tenemos que",0
BGL1_D,./data/processed/exercises/BGL1_D_E03.txt,como (todos estos pequeños detalles) [cada pequeño detalle],1
BGL1_D,./data/processed/exercises/BGL1_D_E13.txt,decidió (darle) [enviarle] el dinero,1
BGL1_D,./data/processed/exercises/BGL1_D_E02.txt,las torres de control (en) [de] Francia,0
BGL1_D,./data/processed/exercises/BGL1_D_E04.txt,no entiendo por qué el personal del aeropuerto no nos quería comunicar que (esto) [esta] era la causa,0
BGL1_D,./data/processed/exercises/BGL1_D_E05.txt,lo único que nos dieron como compensación fue un (voucher) [cupón] para comer,1
BGL1_D,./data/processed/exercises/BGL1_D_E06.txt,(en el medio de la noche) [en plena noche],1
RCF1_D,./data/processed/exercises/RCF1_D_E01.txt,la calidad de una (casa) [cosa],0
RCF1_D,./data/processed/exercises/RCF1_D_E07.txt,un papel (significante) [significativo] para mí,0
RCF1_D,./data/processed/exercises/RCF1_D_E13.txt,(informaciónes) [informaciones] / (evalua) [evalúa],1
RCF1_D,./data/processed/exercises/RCF1_D_E14.txt,acceso al (sistemo) [sistema] / no debería hacerles (case) [caso] /,1
RCF1_D,./data/processed/exercises/RCF1_D_E15.txt,las instrucciones que le (dijeron) [dieron],0
RCF1_D,./data/processed/exercises/RCF1_D_E03.txt,sobre estas llamadas (estafadoras) [fraudulentas],1
RCF1_D,./data/processed/exercises/RCF1_D_E02.txt,es inaceptable que existan estas llamadas y el (siguiente) [consiguiente] robo de datos,0
RCF1_D,./data/processed/exercises/RCF1_D_E11.txt,queríamos (hacerles conscientes) [informarles] de que estas llamadas existen / mucho ruido (en el trasfondo) [de fondo],1
RCF1_D,./data/processed/exercises/RCF1_D_E12.txt,estamos seguros [de] que / ella escuchó (a) las instrucciones / nos llaman frecuentemente (en el) [al] teléfono de casa,0
RCF1_D,./data/processed/exercises/RCF1_D_E04.txt,nosotros (somos) [estamos] seguros de que,0
RCF1_D,./data/processed/exercises/RCF1_D_E10.txt,(nosotros) estamos seguros de que,1
RCF1_D,./data/processed/exercises/RCF1_D_E05.txt,el programa de Microsoft (en) [de] nuestro ordenador,0
RCF1_D,./data/processed/exercises/RCF1_D_E06.txt,(informaciones) [información] como nuestros datos bancarios,0
RCF1_D,./data/processed/exercises/RCF1_D_E08.txt,nos llaman (frequentemente) [frecuentemente],1
RCF1_D,./data/processed/exercises/RCF1_D_E09.txt,equipo de (Microsoft Customer Service) [Servicio de Atención al Cliente de Microsoft],1
RDL1_D,./data/processed/exercises/RDL1_D_E02.txt,me dirijo a (tu) [ti],0
RDL1_D,./data/processed/exercises/RDL1_D_E10.txt,"me dirijo a (ti) [usted] / (gracias) [atentamente, ]",1
RDL1_D,./data/processed/exercises/RDL1_D_E11.txt,una queja formal relativa (de) [a] estafas y fraudes,0
RDL1_D,./data/processed/exercises/RDL1_D_E03.txt,me dirijo [a] ti / las estafas y los fraudes afectan [a] las personas de todo el mundo / atrapar y castigar [a] los estafadores / proteger [a] los consumidores,0
RDL1_D,./data/processed/exercises/RDL1_D_E07.txt,me engañó (uno) [una] tienda (falso) [falsa] en línea / llamadas telefónicas (fraudulentos) [fraudulentas] / combatir (esta) [este] problema creciente,1
RDL1_D,./data/processed/exercises/RDL1_D_E09.txt,"a menudo parecen muy reales y convincentes, [lo] que facilita que la gente caiga en ellas",0
RDL1_D,./data/processed/exercises/RDL1_D_E05.txt,esto no solo causa (perdidas) [pérdidas] económicas / (mas) [más] estrictas,0
RDL1_D,./data/processed/exercises/RDL1_D_E14.txt,(ademas) [además],1
RDL1_D,./data/processed/exercises/RDL1_D_E06.txt,educar (al público) [a la población] sobre los riesgos,0
RDL1_D,./data/processed/exercises/RDL1_D_E08.txt,es un (bien) [buen] comienzo,1
RDL1_D,./data/processed/exercises/RDL1_D_E15.txt,puede (estar) dificultar el éxito,1
RDL1_D,./data/processed/exercises/RDL1_D_E12.txt,(pro activo) [proactivo],1
RDL1_D,./data/processed/exercises/RDL1_D_E01.txt,estaba muy (emocionado) [emocionada] / me sentí (afortunado) [afortunada] / estaba muy (asustado) [asustada],1
RDL1_D,./data/processed/exercises/RDL1_D_E13.txt,estaba (tan) [muy] asustada mientras buscaba en línea,0
RDL1_D,./data/processed/exercises/RDL1_D_E04.txt,estaba muy triste por (haberme) [haber] caído en una estafa,0
ASM1_D,./data/processed/exercises/ASM1_D_E14.txt,el nerviosismo me (dejaba) [hacía] olvidar que tenía que cargar mi portátil,1
ASM1_D,./data/processed/exercises/ASM1_D_E09.txt,y (vine) [fui] con mi madre allí,1
ASM1_D,./data/processed/exercises/ASM1_D_E12.txt,alguien me (vendó) [vendió] un billete,0
ASM1_D,./data/processed/exercises/ASM1_D_E15.txt,confío [en] que este problema sea tratado / estaba esperando frente (de) [a] mi portátil / luché [para] encenderlo otra vez,0
ASM1_D,./data/processed/exercises/ASM1_D_E06.txt,que solo [se] quieren (provechar) [beneficiar] de las compras,1
ASM1_D,./data/processed/exercises/ASM1_D_E10.txt,(yo) estaba muy triste,1
ASM1_D,./data/processed/exercises/ASM1_D_E07.txt,estoy harta de (expresas) [empresas] como la suya,1
ASM1_D,./data/processed/exercises/ASM1_D_E11.txt,el portátil [se] apagó,0
ASM1_D,./data/processed/exercises/ASM1_D_E01.txt,(recelo) [desconfío] mucho [de] la veracidad de estas promesas,0
ASM1_D,./data/processed/exercises/ASM1_D_E08.txt,estoy (harto) [harta] de empresas como la suya,1
ASM1_D,./data/processed/exercises/ASM1_D_E13.txt,me contó que ese billete no era (real) [auténtico],1
ASM1_D,./data/processed/exercises/ASM1_D_E05.txt,me contó que (este) [ese] billete no era auténtico,0
ASM1_D,./data/processed/exercises/ASM1_D_E03.txt,la mujer (en) [de] la entrada,0
ASM1_D,./data/processed/exercises/ASM1_D_E04.txt,mi madre encontró (un livestream) [una transmisión en vivo] en Instagram,1
ASM1_D,./data/processed/exercises/ASM1_D_E02.txt,con (respeto) [respecto] a,1
RHO1_D,./data/processed/exercises/RHO1_D_E13.txt,400 libras de mis (propias finanzas) [propios ahorros],0
RHO1_D,./data/processed/exercises/RHO1_D_E12.txt,he perdido más (que) [de] 400 libras,0
RHO1_D,./data/processed/exercises/RHO1_D_E11.txt,(yo) tuviera la peor experiencia de mi vida,1
RHO1_D,./data/processed/exercises/RHO1_D_E07.txt,es (abominable) [inaceptable] que,0
RHO1_D,./data/processed/exercises/RHO1_D_E02.txt,recibir comentarios condescendientes y muy poco comprensivos (de) [por parte de] su centro de atención telefónica,0
RHO1_D,./data/processed/exercises/RHO1_D_E08.txt,expliqué mi experiencia (sólo) [solo] para recibir comentarios,1
RHO1_D,./data/processed/exercises/RHO1_D_E01.txt,aseguró mi cuenta (por congelarla) [congelándola],0
RHO1_D,./data/processed/exercises/RHO1_D_E05.txt,después de unas largas horas de (lucha) [esfuerzo],0
RHO1_D,./data/processed/exercises/RHO1_D_E04.txt,a pesar de que el (banquero) [asesor bancario] no tuvo éxito,0
RHO1_D,./data/processed/exercises/RHO1_D_E09.txt,(¿Seguramente usted puede estar de acuerdo con el hecho de que esto no es aceptable?) [Estará de acuerdo en que esto es inaceptable],1
RHO1_D,./data/processed/exercises/RHO1_D_E10.txt,podía acceder [a] mis datos personales,0
RHO1_D,./data/processed/exercises/RHO1_D_E06.txt,contemplando (como) [cómo] alguien,0
RHO1_D,./data/processed/exercises/RHO1_D_E15.txt,es importante llamar su atención (a) [sobre] la necesidad de proteger a sus clientes / me alertó [de] que alguien,0
RHO1_D,./data/processed/exercises/RHO1_D_E03.txt,una compra (de) [en] la plataforma digital,0
RHO1_D,./data/processed/exercises/RHO1_D_E14.txt,tuviera la peor experiencia [de mi vida],1
CCQ1_D,./data/processed/exercises/CCQ1_D_E03.txt,la chica (recogió) [se quedó] el dinero,1
CCQ1_D,./data/processed/exercises/CCQ1_D_E01.txt,para (atraerla a) [convencerla de] transferir el dinero,0
CCQ1_D,./data/processed/exercises/CCQ1_D_E15.txt,que me causaron durante (mi) [el] viaje,1
CCQ1_D,./data/processed/exercises/CCQ1_D_E14.txt,las molestias y (las inconveniencias) [los inconvenientes],0
CCQ1_D,./data/processed/exercises/CCQ1_D_E13.txt,para (recuperar) [compensar] las molestias,1
CCQ1_D,./data/processed/exercises/CCQ1_D_E09.txt,pagado junto con una (recompensa) [indemnización] de 500 euros,0
CCQ1_D,./data/processed/exercises/CCQ1_D_E08.txt,exijo una compensación (correctiva) [económica],0
CCQ1_D,./data/processed/exercises/CCQ1_D_E12.txt,exijo una compensación correctiva (y) [e] inmediata,0
CCQ1_D,./data/processed/exercises/CCQ1_D_E11.txt,se desentendió totalmente de nuestra (circunstancia) [situación],0
CCQ1_D,./data/processed/exercises/CCQ1_D_E05.txt,su agente se (desatendió) [desentendió] totalmente,1
CCQ1_D,./data/processed/exercises/CCQ1_D_E02.txt,"(de acuerdo con) [ante] semejante situación, les llamé inmediatamente",0
CCQ1_D,./data/processed/exercises/CCQ1_D_E07.txt,que la habitación (fuera) [estuviera] tan desordenada y sucia,0
CCQ1_D,./data/processed/exercises/CCQ1_D_E06.txt,la habitación no [se] correspondía con las fotos en ningún aspecto,0
CCQ1_D,./data/processed/exercises/CCQ1_D_E04.txt,cerca de (las costas) [la costa],0
CCQ1_D,./data/processed/exercises/CCQ1_D_E10.txt,(debiá) [debía] ser / que se (sitúaba) [situaba],1
AWA1_D,./data/processed/exercises/AWA1_D_E13.txt,a su número [de] teléfono,0
AWA1_D,./data/processed/exercises/AWA1_D_E14.txt,no tuvo tanta (suerto) [suerte],1
AWA1_D,./data/processed/exercises/AWA1_D_E08.txt,no tuvo (tan) [tanta] suerte,1
AWA1_D,./data/processed/exercises/AWA1_D_E07.txt,hasta ahora (estaba) [era] fácil para mí,0
AWA1_D,./data/processed/exercises/AWA1_D_E12.txt,uno de (estes) [estos] mensajes,1
AWA1_D,./data/processed/exercises/AWA1_D_E03.txt,con el (envió) [envío] / (mi) [mí],0
AWA1_D,./data/processed/exercises/AWA1_D_E11.txt,espero una solución rápida (de) [a] esta situación / el pago realizado (de) [por] la renta / lo descargó (a) [en] su móvil,0
AWA1_D,./data/processed/exercises/AWA1_D_E10.txt,me (presentó) [mostró] una lista,0
AWA1_D,./data/processed/exercises/AWA1_D_E09.txt,la vivienda no está [para] nada en el mismo estado que en las fotos,1
AWA1_D,./data/processed/exercises/AWA1_D_E01.txt,(se) falta la mitad del inventario,0
AWA1_D,./data/processed/exercises/AWA1_D_E02.txt,(pagina) [página] web / (ningun) [ningún] / (facíl) [fácil],1
AWA1_D,./data/processed/exercises/AWA1_D_E15.txt,me dijo que debería firmarla para recibir las (claves) [llaves],1
AWA1_D,./data/processed/exercises/AWA1_D_E04.txt,el día 6 de (Septiembre) [septiembre] de 2024,1
AWA1_D,./data/processed/exercises/AWA1_D_E05.txt,cuando firmé el contrato para (dicho) [dicha] vivienda / (varias) [varios] mensajes / (algunas) [algunos] problemas / (una) [un] programa malicioso,1
AWA1_D,./data/processed/exercises/AWA1_D_E06.txt,con respecto a la vivienda (en) [de] la C/ Valencia,0
RRS1_D,./data/processed/exercises/RRS1_D_E10.txt,y comencé a (llenar) [rellenar] el formulario,0
RRS1_D,./data/processed/exercises/RRS1_D_E09.txt,al (darme) [dar] cuenta de lo sucedido a mi madre,1
RRS1_D,./data/processed/exercises/RRS1_D_E04.txt,y siempre me (ha) [han] apasionado el idioma y la cultura / mi amor por la lengua y la cultura (hispanohablante) [hispanohablantes],0
RRS1_D,./data/processed/exercises/RRS1_D_E13.txt,perfeccionar (mi capacidad) [mis habilidades] de expresión oral y escrita,0
RRS1_D,./data/processed/exercises/RRS1_D_E12.txt,obtener nuevas perspectivas (en) [sobre] temas complejos,0
RRS1_D,./data/processed/exercises/RRS1_D_E01.txt,la evaluación también permite (ajustar) [adaptar] los métodos de enseñanza,1
RRS1_D,./data/processed/exercises/RRS1_D_E03.txt,evaluación entre (compañeros) [pares],0
RRS1_D,./data/processed/exercises/RRS1_D_E11.txt,fui víctima de una estafa por [culpa de] alguien que se hizo pasar por,0
RRS1_D,./data/processed/exercises/RRS1_D_E05.txt,(ella) me alertó sobre la posibilidad,1
RRS1_D,./data/processed/exercises/RRS1_D_E14.txt,para evitar (mayores) [grandes] perjuicios,1
RRS1_D,./data/processed/exercises/RRS1_D_E08.txt,considero inaceptable que personas (inescrupulosas) [sin escrúpulos],0
RRS1_D,./data/processed/exercises/RRS1_D_E15.txt,(avísame) [dime] si ahora funciona correctamente,0
RRS1_D,./data/processed/exercises/RRS1_D_E06.txt,cómo afecta [a] las emociones,0
RRS1_D,./data/processed/exercises/RRS1_D_E07.txt,un lector crítico [se] asegura [de formarse] opiniones informadas,0
RRS1_D,./data/processed/exercises/RRS1_D_E02.txt,consciente de (las) [posibles] influencias y (manipulación que puede haber) [manipulaciones],1
CAY1_J,./data/processed/exercises/CAY1_J_E12.txt,(era) [estaba] muy sorprendido,0
CAY1_J,./data/processed/exercises/CAY1_J_E03.txt,durante el principio del (més) [mes] de septiembre / y (llégamos) [llegamos] / estudie (aqui) [aquí] / me (dí) [di] cuenta,1
CAY1_J,./data/processed/exercises/CAY1_J_E07.txt,llegué (en) [a] la ciudad para mi intercambio / y llegamos (en) [a] mi residencia estudiantil / me di cuenta del hecho [de] que somos / la misma región (en) [de] Costa de Marfil / empecé (de) [a] hablar con mi novio,0
CAY1_J,./data/processed/exercises/CAY1_J_E04.txt,empezamos a visitar cada parte del (building) [edificio] / hasta que llegamos (al cinema room) [a la sala de cine] de la residencia,1
CAY1_J,./data/processed/exercises/CAY1_J_E09.txt,estaba muy feliz y (tanto) [tan] sorprendido que,1
CAY1_J,./data/processed/exercises/CAY1_J_E13.txt,"empezamos a hablar con (el) [él] / para (mi) [mí], era obligatorio",0
CAY1_J,./data/processed/exercises/CAY1_J_E05.txt,al (fin) [final] de la conversación,1
CAY1_J,./data/processed/exercises/CAY1_J_E08.txt,(el) [la] residencia / (esta encuentra) [este encuentro],1
CAY1_J,./data/processed/exercises/CAY1_J_E06.txt,estaba muy sorprendido (porqué) [porque] pensaba que,0
CAY1_J,./data/processed/exercises/CAY1_J_E15.txt,"José no era español, (pero) [sino] africano",0
CAY1_J,./data/processed/exercises/CAY1_J_E11.txt,estudia aquí desde [hace] 7 años,0
CAY1_J,./data/processed/exercises/CAY1_J_E10.txt,me encantó (tanto mucho) este encuentro,1
CAY1_J,./data/processed/exercises/CAY1_J_E14.txt,estuvimos hablando de este (facto) [hecho],0
CAY1_J,./data/processed/exercises/CAY1_J_E01.txt,le pregunté sobre su (real) [verdadera] nacionalidad,1
CAY1_J,./data/processed/exercises/CAY1_J_E02.txt,(un) otro marfileño aquí / (una) otra vez / encontrar (un) otro africano aquí,0
CBH1_J,./data/processed/exercises/CBH1_J_E14.txt,(debí) [tuve que] pedírsela al carnicero,1
CBH1_J,./data/processed/exercises/CBH1_J_E05.txt,lo que fue más (dificil) [difícil] / (milimetros) [milímetros] / de la (ceremonía) [ceremonia] de la mayoría de edad,1
CBH1_J,./data/processed/exercises/CBH1_J_E15.txt,(la comida alma) [el plato nacional] de los coreanos,1
CBH1_J,./data/processed/exercises/CBH1_J_E13.txt,he (hacido) [hecho] muchas comidas / (debé) [debí] / mi llegada a Pamplona fue (la empezación) [el principio],1
CBH1_J,./data/processed/exercises/CBH1_J_E09.txt,por (este) [estos] dos meses,0
CBH1_J,./data/processed/exercises/CBH1_J_E12.txt,"(porque) [como] no le pude explicar mi deseo exactamente, nada",0
CBH1_J,./data/processed/exercises/CBH1_J_E03.txt,debo cocinarlo por (mi) [mí] mismo,0
CBH1_J,./data/processed/exercises/CBH1_J_E08.txt,cenar en (una) [un] restaurante no era tan (barata) [barato] / fue (un) [una] actividad muy (duro) [dura] / y con eso empezó la (segundo) [segunda] parte de mi crecimiento,1
CBH1_J,./data/processed/exercises/CBH1_J_E11.txt,estoy aprendiendo muchas cosas cada día y (creciéndome) [creciendo] poco a poco / yo [me] decidí a hacer bulgogi,0
CBH1_J,./data/processed/exercises/CBH1_J_E10.txt,desde que llegué aquí [a] Pamplona / empezar [a] cocinar / si quiero (a) comer,0
CBH1_J,./data/processed/exercises/CBH1_J_E07.txt,pero desde [que] llegué aquí,0
CBH1_J,./data/processed/exercises/CBH1_J_E02.txt,y como un soldado (yo) aprendí mucho sobre la vida,1
CBH1_J,./data/processed/exercises/CBH1_J_E04.txt,finalicé el servicio (militario) [militar] / esta situación me hizo cocinero de (quisina) [cocina] coreana,1
CBH1_J,./data/processed/exercises/CBH1_J_E06.txt,gané más y más (confidencia) [confianza] para comunicarme,0
CBH1_J,./data/processed/exercises/CBH1_J_E01.txt,(obtuve) [gané] más y más confianza,0
EBM1_J,./data/processed/exercises/EBM1_J_E02.txt,fines de (semanas) [semana],1
EBM1_J,./data/processed/exercises/EBM1_J_E01.txt,todos los supermercados de Carrefour (son) [están] cerrados / esta tienda (está) [es] especial,0
EBM1_J,./data/processed/exercises/EBM1_J_E14.txt,"el (próximo) domingo [siguiente], pensé que",0
EBM1_J,./data/processed/exercises/EBM1_J_E09.txt,"(fortunamente, ) [afortunadamente, ]",1
EBM1_J,./data/processed/exercises/EBM1_J_E13.txt,era (un día libre) [festivo] en todo el país,1
EBM1_J,./data/processed/exercises/EBM1_J_E12.txt,pero (yo) pensé / (yo) sé que es muy extraño / (yo) sabía que tenía razón,1
EBM1_J,./data/processed/exercises/EBM1_J_E11.txt,mi cerebro (terminó) [dejó de] funcionar,1
EBM1_J,./data/processed/exercises/EBM1_J_E06.txt,no sé (por que) [por qué],0
EBM1_J,./data/processed/exercises/EBM1_J_E03.txt,mi primer (culture shock) [choque cultural],1
EBM1_J,./data/processed/exercises/EBM1_J_E04.txt,(en mañana en domingo) [el domingo por la mañana],1
EBM1_J,./data/processed/exercises/EBM1_J_E07.txt,una [buena] idea (buena) / mi (primero) [primer] choque cultural,0
EBM1_J,./data/processed/exercises/EBM1_J_E08.txt,(proxima) [próxima] / (normál) [normal] / (ví) [ví],1
EBM1_J,./data/processed/exercises/EBM1_J_E10.txt,llegué (en) [a] Pamplona / próxima (de) [a] mi piso,0
EBM1_J,./data/processed/exercises/EBM1_J_E15.txt,(llegé) [llegué],0
EBM1_J,./data/processed/exercises/EBM1_J_E05.txt,primera vez (cuándo) [cuando] fui a hacer / no puedo explicar (que) [qué] pasó después,0
KCP1_J,./data/processed/exercises/KCP1_J_E10.txt,(el) [la] Pascua / (el) [la] fiesta / (cortos) [cortas] frases / (la) [el] acento / (el) [la] estatua / (los) [las] canciones,1
KCP1_J,./data/processed/exercises/KCP1_J_E15.txt,es una (grande) [gran] fiesta,0
KCP1_J,./data/processed/exercises/KCP1_J_E03.txt,una gran fiesta (en) [de] la Iglesia Católica / la gente (en) [de] Almería,0
KCP1_J,./data/processed/exercises/KCP1_J_E12.txt,(Catolica) [Católica] / (Almeria) [Almería] / (Cordoba) [Córdoba] / (jovenes) [jóvenes] / (dias) [días] / (Maria) [María] / (musica) [música] / (asístir) [asistir],1
KCP1_J,./data/processed/exercises/KCP1_J_E14.txt,oportunidad (para) [de] celebrar / viniendo (en) [a] nuestra casa / llegué (en) [a] Pamplona,0
KCP1_J,./data/processed/exercises/KCP1_J_E08.txt,(hasta cuando) [desde que] llegué a Pamplona,1
KCP1_J,./data/processed/exercises/KCP1_J_E06.txt,en (medio) [plena] noche,1
KCP1_J,./data/processed/exercises/KCP1_J_E11.txt,tenían (sola) [solo] una alternativa,0
KCP1_J,./data/processed/exercises/KCP1_J_E09.txt,descubrí más (que) [de] dos cosas que nunca olvidaré,0
KCP1_J,./data/processed/exercises/KCP1_J_E13.txt,(proceciones) [procesiones] / (astatue) [estatua],1
KCP1_J,./data/processed/exercises/KCP1_J_E07.txt,la gente de Almería (son muy amables) [es muy amable] / la gente (llevaban) [llevaba] ropas negras,1
KCP1_J,./data/processed/exercises/KCP1_J_E02.txt,y yo [no] entiendo nada,1
KCP1_J,./data/processed/exercises/KCP1_J_E01.txt,yo (luchando) [esforzándome] para aprender mejor,0
KCP1_J,./data/processed/exercises/KCP1_J_E04.txt,(Almerienses) [almerienses],0
KCP1_J,./data/processed/exercises/KCP1_J_E05.txt,(tenia) [tenía] una idea,0
FLJ1_J,./data/processed/exercises/FLJ1_J_E09.txt,(salíamos) [íbamos] a la discoteca,1
FLJ1_J,./data/processed/exercises/FLJ1_J_E11.txt,(llova) [llovía] / (quira) [quería],1
FLJ1_J,./data/processed/exercises/FLJ1_J_E08.txt,era muy (pequeño) [bajito] y también bastante tranquilo,1
FLJ1_J,./data/processed/exercises/FLJ1_J_E07.txt,y nos (han encontrado) [hemos dado cuenta de] que éramos compañeros,1
FLJ1_J,./data/processed/exercises/FLJ1_J_E03.txt,y he visto [a] un hombre / encontrar [a] mi amigo,0
FLJ1_J,./data/processed/exercises/FLJ1_J_E14.txt,el (echo) [hecho] de encontrar / y también (vemos) [vamos] a la discoteca,0
FLJ1_J,./data/processed/exercises/FLJ1_J_E04.txt,el hecho de encontrar a (mí) [mi] amigo italiano,0
FLJ1_J,./data/processed/exercises/FLJ1_J_E05.txt,después [del] jueves,0
FLJ1_J,./data/processed/exercises/FLJ1_J_E02.txt,(el) [la] más famosa ciudad de España / (los) [las] diferentes asignaturas / (la) [el] video,1
FLJ1_J,./data/processed/exercises/FLJ1_J_E01.txt,la sola (exception) [excepción] / las (differentes) [diferentes] asignaturas,1
FLJ1_J,./data/processed/exercises/FLJ1_J_E10.txt,(pizo) [piso],0
FLJ1_J,./data/processed/exercises/FLJ1_J_E13.txt,una (grande) [gran] amistad / fue un muy (bueno) [buen] viaje,0
FLJ1_J,./data/processed/exercises/FLJ1_J_E15.txt,el (empiezo) [comienzo] de una gran amistad,0
FLJ1_J,./data/processed/exercises/FLJ1_J_E06.txt,(era) [estaba] triste por haber dejado,0
FLJ1_J,./data/processed/exercises/FLJ1_J_E12.txt,(tambien) [también] / (calido) [cálido] / (examenes) [exámenes] / (proximó) [próximo],1
CJS1_J,./data/processed/exercises/CJS1_J_E15.txt,haber (tenido varias) [vivido tantas] experiencias,1
CJS1_J,./data/processed/exercises/CJS1_J_E03.txt,me (interesó) [pareció curioso] ver la pelota de golf volar lejos,1
CJS1_J,./data/processed/exercises/CJS1_J_E04.txt,"entonces, me siento (orgulloso) [orgullosa] de haber venido a España",1
CJS1_J,./data/processed/exercises/CJS1_J_E10.txt,"fue muy difícil, pero (aún) [aun] así me interesó ver la pelota de golf",0
CJS1_J,./data/processed/exercises/CJS1_J_E09.txt,dijo que parecía que (la) [una] abuela de 100 años estaba jugando al golf,0
CJS1_J,./data/processed/exercises/CJS1_J_E12.txt,tan pronto como agarré el palo (y lo agité) [e hice un swing] suavemente,0
CJS1_J,./data/processed/exercises/CJS1_J_E07.txt,con un gran entusiasmo (de) [por parte de] la gente,0
CJS1_J,./data/processed/exercises/CJS1_J_E08.txt,estadio (el sadar) [El Sadar],0
CJS1_J,./data/processed/exercises/CJS1_J_E01.txt,montar a caballo (en zigzag) [haciendo eslalon],0
CJS1_J,./data/processed/exercises/CJS1_J_E13.txt,fue una experiencia emocionante montar (un) [a] caballo,0
CJS1_J,./data/processed/exercises/CJS1_J_E14.txt,pude acostumbrarme rápidamente (cuando le pregunté a) [con el consejo de] mis amigas,0
CJS1_J,./data/processed/exercises/CJS1_J_E11.txt,los estudiantes pudieron (experimentar) [probar] varios deportes,0
CJS1_J,./data/processed/exercises/CJS1_J_E06.txt,con mi amiga (japonés) [japonesa],1
CJS1_J,./data/processed/exercises/CJS1_J_E05.txt,hubo una Semana del Deporte (de) [en] la Universidad de Navarra en la que los estudiantes / una potencia (de) [en] fútbol,0
CJS1_J,./data/processed/exercises/CJS1_J_E02.txt,(en) [el] septiembre pasado,1
FJA1_J,./data/processed/exercises/FJA1_J_E07.txt,(sus pelos tan negros) [su pelo tan negro],0
FJA1_J,./data/processed/exercises/FJA1_J_E05.txt,tan profundo como (el bosque Amazonia) [la selva amazónica],1
FJA1_J,./data/processed/exercises/FJA1_J_E02.txt,tan profundo (que) [como] la selva amazónica / tan negros (que) [como] las oscurísimas noches,1
FJA1_J,./data/processed/exercises/FJA1_J_E10.txt,sus ojos estaban (rellenando) [llenos] de curiosidad,0
FJA1_J,./data/processed/exercises/FJA1_J_E11.txt,(me lo recuerda) [lo recuerdo] como si fuera ayer,0
FJA1_J,./data/processed/exercises/FJA1_J_E13.txt,la razón de mi (feliz) [felicidad],1
FJA1_J,./data/processed/exercises/FJA1_J_E09.txt,"vi a Cigri, mi gato y, en (este) [ese] momento",0
FJA1_J,./data/processed/exercises/FJA1_J_E01.txt,no podía (crear) [creer] lo que veía,0
FJA1_J,./data/processed/exercises/FJA1_J_E04.txt,corrí (en) [hacia] el salón / no podía quedarme (en) quieto,0
FJA1_J,./data/processed/exercises/FJA1_J_E06.txt,(los) [las] escaleras / (el) [la] razón / (une) [un] verde muy profundo / (la) [el] planeta,1
FJA1_J,./data/processed/exercises/FJA1_J_E15.txt,(el hermosísimo gato encima la planeta) [el gato más hermoso del mundo],1
FJA1_J,./data/processed/exercises/FJA1_J_E08.txt,me llamaba para (hacerme) [darme] una sorpresa,1
FJA1_J,./data/processed/exercises/FJA1_J_E12.txt,he oído un (pequeño ruido) [ruidito],0
FJA1_J,./data/processed/exercises/FJA1_J_E14.txt,fue un momento muy emocionante para (mi) [mí] / (salte) [salté],0
FJA1_J,./data/processed/exercises/FJA1_J_E03.txt,(ví) [vi] a mi gato / (dia) [día] / (oido) [oído],1
CYS1_J,./data/processed/exercises/CYS1_J_E01.txt,continué (encontrando) [buscando] nuevas comidas que probar,1
CYS1_J,./data/processed/exercises/CYS1_J_E14.txt,pregunté a otra persona (para) [por] la dirección,0
CYS1_J,./data/processed/exercises/CYS1_J_E15.txt,"unos minutos [más] tarde, quise tomar una foto",1
CYS1_J,./data/processed/exercises/CYS1_J_E02.txt,casi siempre hay (las gentes) [gente] que intenta robar,0
CYS1_J,./data/processed/exercises/CYS1_J_E13.txt,(disastre) [desastre] / (jaqueta) [chaqueta],1
CYS1_J,./data/processed/exercises/CYS1_J_E10.txt,"cerca de Las Ramblas, (un pueblo) [una zona] más poblada",1
CYS1_J,./data/processed/exercises/CYS1_J_E05.txt,"por la tarde, decidí (a) comer / continué (a) buscando",0
CYS1_J,./data/processed/exercises/CYS1_J_E12.txt,(proban) [prueban] / (direcíon) [dirección] / (indepiente) [independiente] / (entiendí) [entendí],1
CYS1_J,./data/processed/exercises/CYS1_J_E11.txt,(llegí) [llegué],0
CYS1_J,./data/processed/exercises/CYS1_J_E07.txt,tomé muchas fotos (por memoria) [de recuerdo],0
CYS1_J,./data/processed/exercises/CYS1_J_E08.txt,(muchos) [muchas] fotos / (un) [una] ciudad / (el) [la] dirección,1
CYS1_J,./data/processed/exercises/CYS1_J_E04.txt,(por que) [porque] era mi primera vez viajando,0
CYS1_J,./data/processed/exercises/CYS1_J_E03.txt,mi primera vez viajando (sin mi familia o amigo) [a solas],0
CYS1_J,./data/processed/exercises/CYS1_J_E06.txt,(despues) [después] / (avion) [avión] / (cafe) [café] / (turistico) [turístico] / (memoría) [memoria] / (tambien) [también] / (telefono) [teléfono],1
CYS1_J,./data/processed/exercises/CYS1_J_E09.txt,el día más caótico (en) [de] mi vida,0
NOI1_J,./data/processed/exercises/NOI1_J_E08.txt,desde ese (tiempo) [momento] hasta ahora,0
NOI1_J,./data/processed/exercises/NOI1_J_E05.txt,(soy) [estoy] solo / ese pensamiento no (estaba) [era] fácil para mí,0
NOI1_J,./data/processed/exercises/NOI1_J_E04.txt,"el problema aquí no es la misa privada, (pero) [sino] la misa con gente",1
NOI1_J,./data/processed/exercises/NOI1_J_E07.txt,(eso) [ese] pensamiento,0
NOI1_J,./data/processed/exercises/NOI1_J_E03.txt,pruebo a (imagen) [imaginar],1
NOI1_J,./data/processed/exercises/NOI1_J_E02.txt,en mi tiempo (privado) [libre],0
NOI1_J,./data/processed/exercises/NOI1_J_E06.txt,parece imposible para mí (a) aprender castellano / vivo (en) [con] miedo / concelebrando (en) la misa,0
NOI1_J,./data/processed/exercises/NOI1_J_E09.txt,(yo) pienso / (yo) pruebo / (yo) expliqué / (yo) concelebré,1
NOI1_J,./data/processed/exercises/NOI1_J_E01.txt,pero (porque) [como] soy un sacerdote / no era fácil para mí (como) [porque] vivo siempre con miedo,0
NOI1_J,./data/processed/exercises/NOI1_J_E10.txt,(necesitades) [necesidades] / (impossibilidad) [imposibilidad] / (explicé) [expliqué] / (anniversario) [aniversario] / (abilidad) [habilidad],0
NOI1_J,./data/processed/exercises/NOI1_J_E12.txt,la celebración (del) [de la] misa / (el) [la] gente / (al) [a la] Iglesia de San Miguel / historia (pasado) [pasada] / (aquella) [aquel] tiempo / (este) [esta] es mi experiencia,1
NOI1_J,./data/processed/exercises/NOI1_J_E11.txt,de (mi) [mí] / (como) [cómo] / era (mas) [más],0
NOI1_J,./data/processed/exercises/NOI1_J_E13.txt,antes [de] el día,0
NOI1_J,./data/processed/exercises/NOI1_J_E14.txt,"(no) [solo] tengo la opción (, pero hacer) [de hacerlo] bien",1
NOI1_J,./data/processed/exercises/NOI1_J_E15.txt,(conclusion) [conclusión] / (introduccíon) [introducción] / (evaluacion) [evaluación] / (rapidamente) [rápidamente] / (aqui) [aquí] / (comodo) [cómodo],1
RNM1_J,./data/processed/exercises/RNM1_J_E04.txt,"cuando era (niño) [niña], me encantaba",1
RNM1_J,./data/processed/exercises/RNM1_J_E13.txt,luces [de] neón,0
RNM1_J,./data/processed/exercises/RNM1_J_E10.txt,un pastel de (pesco) [pescado],1
RNM1_J,./data/processed/exercises/RNM1_J_E06.txt,(circuló) [círculo],0
RNM1_J,./data/processed/exercises/RNM1_J_E08.txt,estaba (confusa) [confundida] por,0
RNM1_J,./data/processed/exercises/RNM1_J_E12.txt,encantada (de) [con] el ramen / estaba confundida (con) [por],0
RNM1_J,./data/processed/exercises/RNM1_J_E14.txt,y al (junto) [lado] de una tienda de comida,1
RNM1_J,./data/processed/exercises/RNM1_J_E15.txt,no me interesaba (de) probar,0
RNM1_J,./data/processed/exercises/RNM1_J_E02.txt,(fuimos) [estábamos] todos cansados / (fui) [estaba] confundida,0
RNM1_J,./data/processed/exercises/RNM1_J_E07.txt,(empiezó) [empezó] / (acceptadó) [aceptado] / (instantamente) [instantáneamente] / (amido) [amado],1
RNM1_J,./data/processed/exercises/RNM1_J_E01.txt,(únicos) [únicas] experiencias / (una) [un] día,1
RNM1_J,./data/processed/exercises/RNM1_J_E11.txt,(yo) probé comida española / (yo) sé que (yo) tenía sentimientos encontrados,1
RNM1_J,./data/processed/exercises/RNM1_J_E09.txt,(asíatica) [asiática] / (recomendacion) [recomendación] / (dijó) [dijo] / (alémanes) [alemanes] / (decímos) [decimos] / (ví) [vi],1
RNM1_J,./data/processed/exercises/RNM1_J_E03.txt,(¿porque?) [¿por qué?],0
RNM1_J,./data/processed/exercises/RNM1_J_E05.txt,una de mis (primas) [primeras] experiencias,0
EPE1_J,./data/processed/exercises/EPE1_J_E07.txt,qué es un poco [de] agua,0
EPE1_J,./data/processed/exercises/EPE1_J_E04.txt,era (tiempo por) [hora de] volver a casa,1
EPE1_J,./data/processed/exercises/EPE1_J_E13.txt,corrimos (alrededor de) [por toda] la discoteca / listos (a) [para] bailar / una bebida (con) fuerte / me di (en) cuenta,1
EPE1_J,./data/processed/exercises/EPE1_J_E05.txt,(tocé) [toqué],0
EPE1_J,./data/processed/exercises/EPE1_J_E15.txt,no sé dónde (es) [está] mi móvil,1
EPE1_J,./data/processed/exercises/EPE1_J_E03.txt,el lugar (era) [estaba] lleno de gente,0
EPE1_J,./data/processed/exercises/EPE1_J_E14.txt,qué (loca) [locura],1
EPE1_J,./data/processed/exercises/EPE1_J_E12.txt,(que) [qué] locura,0
EPE1_J,./data/processed/exercises/EPE1_J_E01.txt,(eventualmente) [finalmente],0
EPE1_J,./data/processed/exercises/EPE1_J_E08.txt,pero (porque) [como] estábamos un poco borrachos,0
EPE1_J,./data/processed/exercises/EPE1_J_E09.txt,y (a la) [al] final ya estábamos,1
EPE1_J,./data/processed/exercises/EPE1_J_E06.txt,planeé (para) hacer / buscando (por) mi móvil / me di cuenta [de] que,0
EPE1_J,./data/processed/exercises/EPE1_J_E02.txt,(neccessito) [necesito] / (plané) [planeé] / (copea) [copeo] / (borachos) [borrachos] / (mobil) [móvil],1
EPE1_J,./data/processed/exercises/EPE1_J_E11.txt,(un) [una] noche,1
EPE1_J,./data/processed/exercises/EPE1_J_E10.txt,(despues) [después] / (examenes) [exámenes] / (estabamos) [estábamos] / (aqui) [aquí],1
PSJ1_J,./data/processed/exercises/PSJ1_J_E05.txt,y (volvía oscuro) [oscurecía] en el parque,1
PSJ1_J,./data/processed/exercises/PSJ1_J_E08.txt,y ahora (jugo) [juego] cada semana / (cafetaria) [cafetería],0
PSJ1_J,./data/processed/exercises/PSJ1_J_E04.txt,(que) [cuáles] son tus planes para la cena,1
PSJ1_J,./data/processed/exercises/PSJ1_J_E02.txt,para (mi) [mí],0
PSJ1_J,./data/processed/exercises/PSJ1_J_E09.txt,pasamos un (tiempo bellissimo) [rato genial],0
PSJ1_J,./data/processed/exercises/PSJ1_J_E11.txt,cuando (nos) llegamos a casa,0
PSJ1_J,./data/processed/exercises/PSJ1_J_E10.txt,esa mañana (intenté) [probé] la tortilla de espinacas,0
PSJ1_J,./data/processed/exercises/PSJ1_J_E06.txt,(él) quería inspeccionar el baño / después (él) nos invitó,1
PSJ1_J,./data/processed/exercises/PSJ1_J_E03.txt,(el) [la] mañana / (un) [una] canción,1
PSJ1_J,./data/processed/exercises/PSJ1_J_E07.txt,el propietario visitará (a) mi piso / llegamos (en) [a] casa / me reuní (a) [con] Julia y su compañera de piso / cuáles son tus planes (por) [para] la cena / hicimos un grupo (en) [de] WhatsApp / a quienes les encanta (de) cocinar / el grupo consiste (de) [en] cinco personas,0
PSJ1_J,./data/processed/exercises/PSJ1_J_E14.txt,me desperté temprano (por que) [porque] el propietario,0
PSJ1_J,./data/processed/exercises/PSJ1_J_E01.txt,estaba (muy) delicioso,1
PSJ1_J,./data/processed/exercises/PSJ1_J_E12.txt,un (canvas) [lienzo en] blanco,0
PSJ1_J,./data/processed/exercises/PSJ1_J_E13.txt,(differente) [diferentes] / quería (inspectar) [inspeccionar] el baño / tortilla con (espinache) [espinacas] / (frequentemente) [frecuentemente],1
PSJ1_J,./data/processed/exercises/PSJ1_J_E15.txt,(despues) [después] / (Paises) [Países] Bajos / (dia) [día] / (tambien) [también] / (Africa) [África] / (aqui) [aquí],1
TSD1_J,./data/processed/exercises/TSD1_J_E12.txt,visitar (a) otro sitio / me di cuenta [de] que / alguien quiere (a) visitar / decidimos (a) visitar,0
TSD1_J,./data/processed/exercises/TSD1_J_E10.txt,(estaba) [era] muy divertido,0
TSD1_J,./data/processed/exercises/TSD1_J_E08.txt,(tú) puedes comer en un día,1
TSD1_J,./data/processed/exercises/TSD1_J_E15.txt,había (una línea grande de la gente) [mucha cola],1
TSD1_J,./data/processed/exercises/TSD1_J_E13.txt,también había otros (pescados) [peces] de tipos diferentes,0
TSD1_J,./data/processed/exercises/TSD1_J_E11.txt,un acuario muy (largo) [grande],0
TSD1_J,./data/processed/exercises/TSD1_J_E01.txt,(fuimos al dentro) [entramos],1
TSD1_J,./data/processed/exercises/TSD1_J_E05.txt,"(este) [ese] fin de semana, me desperté",0
TSD1_J,./data/processed/exercises/TSD1_J_E07.txt,(qué) [cuál] es tu pintxo favorito,1
TSD1_J,./data/processed/exercises/TSD1_J_E06.txt,una clase de (Español) [español],0
TSD1_J,./data/processed/exercises/TSD1_J_E14.txt,(mucha) [mucho] tiempo / (un) [una] clase / (un) [una] idea / actividades (espontáneos) [espontáneas] / (los) [las] calles,1
TSD1_J,./data/processed/exercises/TSD1_J_E09.txt,(citio) [sitio] / mi (universita) [universidad] / un (aguario) [acuario],1
TSD1_J,./data/processed/exercises/TSD1_J_E03.txt,mi universidad (en) [de] los Países Bajos / [en] este momento me di cuenta,0
TSD1_J,./data/processed/exercises/TSD1_J_E02.txt,(despues) [después] / (Paises) [Países] Bajos / San (Sebastian) [Sebastián] / (decídimos) [decidimos] / (espontaneos) [espontáneos] / (tambien) [también],1
TSD1_J,./data/processed/exercises/TSD1_J_E04.txt,(mí) [mi] día / (mas) [más] cosas / (el) [él] preparaba / (tu) [tú] puedes comer,0
JTS1_J,./data/processed/exercises/JTS1_J_E01.txt,me dijo que nadie (confirma) [comprueba] el tamaño de las maletas,1
JTS1_J,./data/processed/exercises/JTS1_J_E05.txt,y me invitó a (este) [ese] viaje,0
JTS1_J,./data/processed/exercises/JTS1_J_E04.txt,en tres (gran) [grandes] coches,0
JTS1_J,./data/processed/exercises/JTS1_J_E03.txt,me invitó (en) [a] ese viaje,1
JTS1_J,./data/processed/exercises/JTS1_J_E02.txt,decidieron (para) ir en coche,1
JTS1_J,./data/processed/exercises/JTS1_J_E07.txt,servicio (de) [al] cliente,0
JTS1_J,./data/processed/exercises/JTS1_J_E15.txt,cuando estaba hablando (en) [con] el servicio al cliente / el límite (para) [de] mi billete de tren,0
JTS1_J,./data/processed/exercises/JTS1_J_E09.txt,había [otras] doce (otros) personas en la misma situación,1
JTS1_J,./data/processed/exercises/JTS1_J_E06.txt,(ingles) [inglés],0
JTS1_J,./data/processed/exercises/JTS1_J_E14.txt,fui antes de (desayunarme) [desayunar],0
JTS1_J,./data/processed/exercises/JTS1_J_E10.txt,(proxima) [próxima] / (dijó) [dijo] / (alli) [allí],1
JTS1_J,./data/processed/exercises/JTS1_J_E08.txt,decidí ir a la estación al (próximo) [siguiente] día,0
JTS1_J,./data/processed/exercises/JTS1_J_E12.txt,preguntar sobre (mis equipajes) [mi equipaje],0
JTS1_J,./data/processed/exercises/JTS1_J_E11.txt,(pamplona) [Pamplona],0
JTS1_J,./data/processed/exercises/JTS1_J_E13.txt,(una) [un] problema / (la) [el] día / (el) [la] situación / (los) [las] personas,1
CPS1_J,./data/processed/exercises/CPS1_J_E03.txt,que [se] hizo famoso por la canción de Rosé y Bruno Mars,0
CPS1_J,./data/processed/exercises/CPS1_J_E13.txt,(con) [de] tan buena calidad,0
CPS1_J,./data/processed/exercises/CPS1_J_E05.txt,la página web de un mercado coreano (en) [de] Barcelona,0
CPS1_J,./data/processed/exercises/CPS1_J_E01.txt,todas las familias (hacen reuniones) [se reúnen],1
CPS1_J,./data/processed/exercises/CPS1_J_E14.txt,para vivir con (feliz) [felicidad],1
CPS1_J,./data/processed/exercises/CPS1_J_E12.txt,en (cualiquiera) [cualquier] situación,1
CPS1_J,./data/processed/exercises/CPS1_J_E02.txt,que (era) [estaba] muy lejos de casa,1
CPS1_J,./data/processed/exercises/CPS1_J_E06.txt,para (realizar) [darme cuenta de que] estaba en España,0
CPS1_J,./data/processed/exercises/CPS1_J_E11.txt,las comidas (riquísimos) [riquísimas] / experiencia (exótico) [exótica],1
CPS1_J,./data/processed/exercises/CPS1_J_E15.txt,(las comidas coreanas) [los platos coreanos],0
CPS1_J,./data/processed/exercises/CPS1_J_E08.txt,empezamos a comer (fuertemente) [vorazmente],0
CPS1_J,./data/processed/exercises/CPS1_J_E07.txt,después [de] que llegaran los ingredientes,0
CPS1_J,./data/processed/exercises/CPS1_J_E04.txt,(pagina) [página] / podía sentir (como) [cómo],0
CPS1_J,./data/processed/exercises/CPS1_J_E10.txt,(tambien) [también],1
CPS1_J,./data/processed/exercises/CPS1_J_E09.txt,(en) el (Septiembre) [septiembre] pasado,1
